/*
SQLyog 企业版 - MySQL GUI v8.14 
MySQL - 5.5.27 : Database - assess

新增机构操作步骤：
1）替换id主键的后4位：(2位)0+机构码 + 2位（机构码）
2）替换机构码
*********************************************************************
*/SET FOREIGN_KEY_CHECKS = 0;

/*!40101 SET NAMES utf8 */;

/*!40101 SET SQL_MODE=''*/;

/*!40014 SET @OLD_UNIQUE_CHECKS=@@UNIQUE_CHECKS, UNIQUE_CHECKS=0 */;
/*!40101 SET @OLD_SQL_MODE=@@SQL_MODE, SQL_MODE='NO_AUTO_VALUE_ON_ZERO' */;
/*!40111 SET @OLD_SQL_NOTES=@@SQL_NOTES, SQL_NOTES=0 */;


/*Data for the table `t_hr_person` */

/*Data for the table `t_kb_app_msg_accept` */

/*Data for the table `t_kb_app_msg_base` */

/*Data for the table `t_kb_app_proposal` */

/*Data for the table `t_kb_aq_subject` */

insert  into `t_kb_aq_subject`(`aq_subject_id`,`questionnaire_id`,`main_questionnaire_id`,`aq_subject_code`,`aq_subject_name`,`aq_subject_type`,`aq_subject_no`,`is_valid`,`operate_person`,`operate_time`,`orgid`) values ('00385976e9764f3282f013857b6204gs','7c97c66b65024832adb5712e94c704gs','5744880a246345429aa7bec28daa04gs','SAS-03','我容易心里烦乱或感到惊恐','xzt','3','0','1','2018-12-06 16:45:02','4'),('010620955c034039b7009838024d04gs','bf32cb8f90c948be9fdf5c1281b604gs','31bce069fb354adc91933ec6c7ba04gs','A_7','您容易失眠吗？','xzt','7','0','1','2018-12-06 16:45:02','4'),('0635b50a17144393bb9549e79a7604gs','5fb2fdf54f6f4c6d980d9007f32a04gs','31bce069fb354adc91933ec6c7ba04gs','D_1','您感到手脚心发热吗？','xzt','1','0','1','2018-12-06 16:45:02','4'),('0cbcdc514db24288a956a506973604gs','707806e098644d10a8de3915195604gs','a4c52bc3e37a43e097716756f29b04gs','br_18','我给您一张纸请您按我说的去做，现在开始：“用右手拿着这张纸，用两只手将它对折起来，放在您的左腿上。”','xzt','18','0','8f97c50bda3041218d0628ec1005d183','2018-12-06 16:45:02','4'),('0d947526f7444e5db8e6ebf127d304gs','45117f2fce0743c58543a897e14304gs','637bd7d203fe4842a3bd01b018d304gs','yy_2','上臂中点围?','xzt','2','0','8f97c50bda3041218d0628ec1005d183','2018-12-06 16:45:02','4'),('0dfeeb35a41f467299e615da5a5c04gs','d2938839e8f5410b97e900eec40b04gs','736555bef8a3412b9e8e7e49e6a704gs','tu_2','超过一个医学诊断','xzt','2','0','8f97c50bda3041218d0628ec1005d183','2018-12-06 16:45:02','4'),('108d2d0efce74d15a0c0d7f251fd04gs','45117f2fce0743c58543a897e14304gs','637bd7d203fe4842a3bd01b018d304gs','yy_5','病人是否独居 ?','xzt','5','0','8f97c50bda3041218d0628ec1005d183','2018-12-06 16:45:02','4'),('1199d7df48d148ea881adc7c098904gs','c11b51cd2bd8420ea4c09c328cb304gs','36b32aa4c990437d812035e8ca2804gs','C_3','听力： 若平时佩戴助听器，应在佩戴助听器的情况下评估','xzt','3','0','1','2018-12-06 16:45:02','4'),('13f5230ce9664573a5dadc10852504gs','1e32b906c8c94dbc8e91107a4f9204gs','9dcf6e13e163440d8cdc633a3bb104gs','SDS-05','我吃得跟平常一样多','xzt','5','0','1','2018-12-06 16:45:02','4'),('158980c2a2cd4457b24a9fab171204gs','b53635acf8e441b6bc81a09ee94e04gs','36b32aa4c990437d812035e8ca2804gs','A_5','大便控制','xzt','5','0','1','2018-12-06 16:45:02','4'),('15d3a0046c29432d8658a617f23904gs','45117f2fce0743c58543a897e14304gs','637bd7d203fe4842a3bd01b018d304gs','yy_3','小腿围?','xzt','3','0','8f97c50bda3041218d0628ec1005d183','2018-12-06 16:45:02','4'),('16d13b2772154616852218732c7e04gs','02a1f8f60deb476da3461b3e274704gs','61d035312d884f1aaa35646c7dc004gs','A_5','大便控制','xzt','5','0','1','2018-12-06 16:45:02','4'),('1726d25001d8415b83ddd5d255a204gs','707806e098644d10a8de3915195604gs','a4c52bc3e37a43e097716756f29b04gs','br_1','今年是哪一年?','xzt','1','0','8f97c50bda3041218d0628ec1005d183','2018-12-06 16:45:02','4'),('17d7ae09cdef4eb9b7eb19f3600c04gs','47b54e69ac8e4623a177bffc586304gs','31bce069fb354adc91933ec6c7ba04gs','F_4','您大便黏滞不爽、有解不尽的感觉吗？','xzt','4','0','1','2018-12-06 16:45:02','4'),('1822828f700944d5955ae763e23804gs','45117f2fce0743c58543a897e14304gs','637bd7d203fe4842a3bd01b018d304gs','yy_1','体重指数 BMI?','xzt','1','0','8f97c50bda3041218d0628ec1005d183','2018-12-06 16:45:02','4'),('19fa88f583c443dd8c6a6fe88f1904gs','45117f2fce0743c58543a897e14304gs','637bd7d203fe4842a3bd01b018d304gs','yy_10','是否有压痛或皮肤溃疡?','xzt','10','0','8f97c50bda3041218d0628ec1005d183','2018-12-06 16:45:02','4'),('1b3465554c5043ad89e7465f1c8c04gs','6b19afae44d84d7da834f479f60804gs','31bce069fb354adc91933ec6c7ba04gs','B_2','您容易气短（呼吸短促，接不上气）吗？','xzt','2','0','1','2018-12-06 16:45:02','4'),('1c23cfbded22436198ad1ee0e29f04gs','4013e06e83424acc87fe8ac32a2404gs','31bce069fb354adc91933ec6c7ba04gs','E_7','您平时痰多，特别咽喉部总感到有痰堵着吗？','xzt','7','0','1','2018-12-06 16:45:02','4'),('1d43ee1a11f845e8a680be4bc52e04gs','4013e06e83424acc87fe8ac32a2404gs','31bce069fb354adc91933ec6c7ba04gs','E_1','您感到胸闷或腹部胀满吗？','xzt','1','0','1','2018-12-06 16:45:02','4'),('1d502ad9d0b54be5801bca518a6f04gs','86c38082910d4277b8459ba2166804gs','36b32aa4c990437d812035e8ca2804gs','M_1','认知功能','xzt','1','0','1','2018-12-06 16:45:02','4'),('1dfe6978cd4c445c9f4ba3f7371604gs','bf32cb8f90c948be9fdf5c1281b604gs','31bce069fb354adc91933ec6c7ba04gs','A_5','您比一般人耐受不了寒冷(冬天的寒冷，夏天的冷空调、电扇等)吗？','xzt','5','0','1','2018-12-06 16:45:02','4'),('20bcd096bb9c45cd88e9ddf94ea704gs','7c97c66b65024832adb5712e94c704gs','5744880a246345429aa7bec28daa04gs','SAS-14','我的手脚麻木和刺痛','xzt','14','0','1','2018-12-06 16:45:02','4'),('2200c37a9227496f9a9ee962f7f404gs','1e32b906c8c94dbc8e91107a4f9204gs','9dcf6e13e163440d8cdc633a3bb104gs','SDS-12','我觉得经常做的事情并没困难','xzt','12','0','1','2018-12-06 16:45:02','4'),('2220624189314c84b6a18d64dcf904gs','707806e098644d10a8de3915195604gs','a4c52bc3e37a43e097716756f29b04gs','br_15','出示钢笔，问这个是什么东西','xzt','15','0','8f97c50bda3041218d0628ec1005d183','2018-12-06 16:45:02','4'),('28c8fa2e873a4d6787307c38d82004gs','707806e098644d10a8de3915195604gs','a4c52bc3e37a43e097716756f29b04gs','br_9','咱们现在在那个医院？','xzt','9','0','8f97c50bda3041218d0628ec1005d183','2018-12-06 16:45:02','4'),('29e643a4dae14cd9ba2662ed989f04gs','707806e098644d10a8de3915195604gs','a4c52bc3e37a43e097716756f29b04gs','br_17','（闭上你的眼睛）请你念念这句话，并按上面意思去做！','xzt','17','0','8f97c50bda3041218d0628ec1005d183','2018-12-06 16:45:02','4'),('2b476cd2e83a4f31a54f2ad6ca2b04gs','707806e098644d10a8de3915195604gs','a4c52bc3e37a43e097716756f29b04gs','br_10','咱们现在在第几层楼？','xzt','10','0','8f97c50bda3041218d0628ec1005d183','2018-12-06 16:45:02','4'),('30ac1cd7e3384882b70aca72333a04gs','47b54e69ac8e4623a177bffc586304gs','31bce069fb354adc91933ec6c7ba04gs','F_6','您带下色黄(白带颜色发黄)吗？(限女性回答)','xzt','6','0','1','2018-12-06 16:45:02','4'),('31f14613f6d542078ae9c56073bd04gs','1e32b906c8c94dbc8e91107a4f9204gs','9dcf6e13e163440d8cdc633a3bb104gs','SDS-13','我觉得不安而平静不下来','xzt','13','0','1','2018-12-06 16:45:02','4'),('320fb9499f4f4ee9a3b6365e671c04gs','1e32b906c8c94dbc8e91107a4f9204gs','9dcf6e13e163440d8cdc633a3bb104gs','SDS-02','我觉得一天之中早晨最好','xzt','2','0','1','2018-12-06 16:45:02','4'),('32f5f829796a469e8e15771d26f604gs','5fb2fdf54f6f4c6d980d9007f32a04gs','31bce069fb354adc91933ec6c7ba04gs','D_2','您感觉身体、脸上发热吗？','xzt','2','0','1','2018-12-06 16:45:02','4'),('33313bbe75c1403695b6c5c9581b04gs','1e32b906c8c94dbc8e91107a4f9204gs','9dcf6e13e163440d8cdc633a3bb104gs','SDS-20','平常感兴趣的事我仍然照样感兴趣','xzt','20','0','1','2018-12-06 16:45:02','4'),('335883499d4e4cc0bd665620d56004gs','7c97c66b65024832adb5712e94c704gs','5744880a246345429aa7bec28daa04gs','SAS-13','我吸气呼气都感到很容易','xzt','13','0','1','2018-12-06 16:45:02','4'),('3395580f00484c5ead6a20f82cc504gs','6b19afae44d84d7da834f479f60804gs','31bce069fb354adc91933ec6c7ba04gs','B_1','您容易疲乏吗？','xzt','1','0','1','2018-12-06 16:45:02','4'),('341ff80e8aed4cad90e38512759104gs','7c97c66b65024832adb5712e94c704gs','5744880a246345429aa7bec28daa04gs','SAS-19','我容易入睡并且一夜睡得很好','xzt','19','0','1','2018-12-06 16:45:02','4'),('35eb6cced3cd48a19f9a53e8712704gs','804bddcf71014774996fb80af36704gs','31bce069fb354adc91933ec6c7ba04gs','I_2','您没有感冒时也会鼻塞、流鼻涕吗？','xzt','2','0','1','2018-12-06 16:45:02','4'),('368680b39466454f8fee0d79b26904gs','4013e06e83424acc87fe8ac32a2404gs','31bce069fb354adc91933ec6c7ba04gs','E_2','您感到身体沉重不轻松或不爽快吗？','xzt','2','0','1','2018-12-06 16:45:02','4'),('37b2e2bcea38426badbd6f4f2a5a04gs','4ea6d23186a0409c9d6bcb102c1404gs','31bce069fb354adc91933ec6c7ba04gs','G_7','您口唇颜色偏黯吗？','xzt','7','0','1','2018-12-06 16:45:02','4'),('393a2cb867c744d98a9fed0aa60804gs','5fb2fdf54f6f4c6d980d9007f32a04gs','31bce069fb354adc91933ec6c7ba04gs','D_5','您容易便秘或大便干燥吗？','xzt','5','0','1','2018-12-06 16:45:02','4'),('39a580b963384a6aa9af8b7364a604gs','b898c117b6c84bb084732d21c48f04gs','31bce069fb354adc91933ec6c7ba04gs','H_6','您无缘无故叹气吗？','xzt','6','0','1','2018-12-06 16:45:02','4'),('3b900e054fa0427e9ea90075af3b04gs','47b54e69ac8e4623a177bffc586304gs','31bce069fb354adc91933ec6c7ba04gs','F_1','您面部或鼻部有油腻感或者油亮发光吗？','xzt','1','0','1','2018-12-06 16:45:02','4'),('3c87dc83879242aeb48fef46e25504gs','180dc8603f024c8b9d8f678813db04gs','31bce069fb354adc91933ec6c7ba04gs','C_3','您感到怕冷、衣服比别人穿得多吗？','xzt','3','0','1','2018-12-06 16:45:02','4'),('3d69f982f79442ea9bf54509e80b04gs','707806e098644d10a8de3915195604gs','a4c52bc3e37a43e097716756f29b04gs','br_14','出示手表，问这个是什么东西？','xzt','14','0','8f97c50bda3041218d0628ec1005d183','2018-12-06 16:45:02','4'),('3f00160bb1244b5babb8b73d121804gs','1e32b906c8c94dbc8e91107a4f9204gs','9dcf6e13e163440d8cdc633a3bb104gs','SDS-14','我对将来抱有希望','xzt','14','0','1','2018-12-06 16:45:02','4'),('3fa6892ab65c43ebb64793f7da8404gs','58d82bd32a0d4955ac609dcf21cd04gs','8b9bc1a47f3b47e198b7250b93c904gs','EPDS-09','我不开心到哭','xzt','9','0','1','2018-12-06 16:45:02','4'),('401348bfd4f44343adf11927985504gs','707806e098644d10a8de3915195604gs','a4c52bc3e37a43e097716756f29b04gs','br_20','（出示图案）请你照上面图案画下来！','xzt','20','0','8f97c50bda3041218d0628ec1005d183','2018-12-06 16:45:02','4'),('40dda81527e94baabc920ffc92e904gs','804bddcf71014774996fb80af36704gs','31bce069fb354adc91933ec6c7ba04gs','I_4','您容易过敏(对药物、食物、气味、花粉或在季节交替、气候变化时)吗？','xzt','4','0','1','2018-12-06 16:45:02','4'),('4196cbc8f2864b2fa361a01c760604gs','7c97c66b65024832adb5712e94c704gs','5744880a246345429aa7bec28daa04gs','SAS-20','我作恶梦','xzt','20','0','1','2018-12-06 16:45:02','4'),('432feebd5568476dbd927b00f05404gs','45117f2fce0743c58543a897e14304gs','637bd7d203fe4842a3bd01b018d304gs','yy_7','在过去的 3个月内病人是否遭受心理应激和急性疾病?','xzt','7','0','8f97c50bda3041218d0628ec1005d183','2018-12-06 16:45:02','4'),('4428d660ab84426dba4b4d1e872104gs','804bddcf71014774996fb80af36704gs','31bce069fb354adc91933ec6c7ba04gs','I_1','您没有感冒时也会打喷嚏吗？','xzt','1','0','1','2018-12-06 16:45:02','4'),('462d9c321ab948baae1a63e2c1ad04gs','02a1f8f60deb476da3461b3e274704gs','61d035312d884f1aaa35646c7dc004gs','A_7','如厕：包括擦净、整理衣裤、冲水等过程。','xzt','7','0','1','2018-12-06 16:45:02','4'),('46ae97b06c6f4f799642ba94abf804gs','1e32b906c8c94dbc8e91107a4f9204gs','9dcf6e13e163440d8cdc633a3bb104gs','SDS-01','我觉得闷闷不乐,情绪低沉','xzt','1','0','1','2018-12-06 16:45:02','4'),('493f865f10024cb28ee1b94d394e04gs','86c38082910d4277b8459ba2166804gs','36b32aa4c990437d812035e8ca2804gs','M_2','攻击行为','xzt','2','0','1','2018-12-06 16:45:02','4'),('495b705a632e4688bd2dc2f0041104gs','7c97c66b65024832adb5712e94c704gs','5744880a246345429aa7bec28daa04gs','SAS-02','我无缘无故在感到害怕','xzt','2','0','1','2018-12-06 16:45:02','4'),('49edfbaf23634bbcb45a242d35be04gs','02a1f8f60deb476da3461b3e274704gs','61d035312d884f1aaa35646c7dc004gs','A_3','修饰： 指洗脸、刷牙、梳头、刮脸等','xzt','3','0','1','2018-12-06 16:45:02','4'),('4ca4fc664c114bf9a562ef67e64204gs','bf32cb8f90c948be9fdf5c1281b604gs','31bce069fb354adc91933ec6c7ba04gs','A_1','您精力充沛吗？','xzt','1','0','1','2018-12-06 16:45:02','4'),('4d04fb4100954fe48250a50c3df004gs','b53635acf8e441b6bc81a09ee94e04gs','36b32aa4c990437d812035e8ca2804gs','A_6','小便控制','xzt','6','0','1','2018-12-06 16:45:02','4'),('4e5d5c86507d47e5970b6db5166e04gs','180dc8603f024c8b9d8f678813db04gs','31bce069fb354adc91933ec6c7ba04gs','C_7','您受凉或吃(喝)凉的东西后，容易腹泻(拉肚子)吗？','xzt','7','0','1','2018-12-06 16:45:02','4'),('5146b5fc528c4c7f8497910a83d604gs','7c97c66b65024832adb5712e94c704gs','5744880a246345429aa7bec28daa04gs','SAS-17','我的手脚常常是干燥温暖的','xzt','17','0','1','2018-12-06 16:45:02','4'),('518bbd630efb4f059f48507f162604gs','1e32b906c8c94dbc8e91107a4f9204gs','9dcf6e13e163440d8cdc633a3bb104gs','SDS-06','我与异性密切接触时和以往一样感到愉快','xzt','6','0','1','2018-12-06 16:45:02','4'),('584e4e5346fc41d8a9e4a7c48a5304gs','6b19afae44d84d7da834f479f60804gs','31bce069fb354adc91933ec6c7ba04gs','B_4','您容易头晕或站起时晕眩吗？','xzt','4','0','1','2018-12-06 16:45:02','4'),('58b8ac893fa1474f8892f5f8ed5504gs','707806e098644d10a8de3915195604gs','a4c52bc3e37a43e097716756f29b04gs','br_12','100-7=？连续减5次（93、86、79、72、65。各1分，共5分。若错了，但下一个答案正确，只记一次错误）','xzt','12','0','8f97c50bda3041218d0628ec1005d183','2018-12-06 16:45:02','4'),('5954e5be60444fa8946b078eae9004gs','02f0655a4cb8470a9f9cce1ceb5204gs','36b32aa4c990437d812035e8ca2804gs','S_5','社会交往能力','xzt','5','0','1','2018-12-06 16:45:02','4'),('5bf1cf326bb44a61a6c4bc2fc60e04gs','1e32b906c8c94dbc8e91107a4f9204gs','9dcf6e13e163440d8cdc633a3bb104gs','SDS-07','我发觉我的体重在下降','xzt','7','0','1','2018-12-06 16:45:02','4'),('5d4fe497b44949e7bd8ef146380904gs','45117f2fce0743c58543a897e14304gs','637bd7d203fe4842a3bd01b018d304gs','yy_11','每餐食用几顿正餐?','xzt','11','0','8f97c50bda3041218d0628ec1005d183','2018-12-06 16:45:02','4'),('6046ef464a644e0dbdcb2c94bf3c04gs','707806e098644d10a8de3915195604gs','a4c52bc3e37a43e097716756f29b04gs','br_6','你住在那个省？','xzt','6','0','8f97c50bda3041218d0628ec1005d183','2018-12-06 16:45:02','4'),('605c0766c285437397564c4fb59004gs','bf32cb8f90c948be9fdf5c1281b604gs','31bce069fb354adc91933ec6c7ba04gs','A_8','您容易忘事(健忘)吗？','xzt','8','0','1','2018-12-06 16:45:02','4'),('60e3099f58954025bcf804f40db504gs','02a1f8f60deb476da3461b3e274704gs','61d035312d884f1aaa35646c7dc004gs','A_8','床椅转移','xzt','8','0','1','2018-12-06 16:45:02','4'),('610265392911426cb34e5edf165104gs','180dc8603f024c8b9d8f678813db04gs','31bce069fb354adc91933ec6c7ba04gs','C_4','您比一般人耐受不了寒冷（冬天的寒冷，夏天的冷空调、电扇等）吗？','xzt','4','0','1','2018-12-06 16:45:02','4'),('61e3c59bfcdb4b4f9310fa40757e04gs','707806e098644d10a8de3915195604gs','a4c52bc3e37a43e097716756f29b04gs','br_16','我现在说一句话，请跟我清楚的重复一遍（四十四只石狮子）！','xzt','16','0','8f97c50bda3041218d0628ec1005d183','2018-12-06 16:45:02','4'),('61f4560d03004f1ba47482fb851604gs','3084bc75c6364cb9b3011001f5e104gs','456278d8d24449aba1cf42493bfd04gs','ycpgfj_05','营养摄取能力','xzt','5','0','8f97c50bda3041218d0628ec1005d183','2018-12-06 16:45:02','4'),('63827b0f30ed444ab4ea9b28d00c04gs','707806e098644d10a8de3915195604gs','a4c52bc3e37a43e097716756f29b04gs','br_11','告诉你三种东西，我说完后，请你重复一遍并记住，待会还会问你','xzt','11','0','8f97c50bda3041218d0628ec1005d183','2018-12-06 16:45:02','4'),('66f9ec943be14c33a34d34f25d1d04gs','1e32b906c8c94dbc8e91107a4f9204gs','9dcf6e13e163440d8cdc633a3bb104gs','SDS-11','我的头脑跟平常一样清楚','xzt','11','0','1','2018-12-06 16:45:02','4'),('6700444929804fcba6ebfcd1640704gs','4ea6d23186a0409c9d6bcb102c1404gs','31bce069fb354adc91933ec6c7ba04gs','G_4','您面色晦黯或容易出现褐斑吗？','xzt','4','0','1','2018-12-06 16:45:02','4'),('6f6ad2f022b64c14bedfd1fbbd7504gs','58d82bd32a0d4955ac609dcf21cd04gs','8b9bc1a47f3b47e198b7250b93c904gs','EPDS-02','我欣然期待未来的一切','xzt','2','0','1','2018-12-06 16:45:02','4'),('7096e213e1804f94a64a1c8f9d1504gs','6b19afae44d84d7da834f479f60804gs','31bce069fb354adc91933ec6c7ba04gs','B_3','您容易心慌吗？','xzt','3','0','1','2018-12-06 16:45:02','4'),('7148fc84133f4a82ab081ab917de04gs','c11b51cd2bd8420ea4c09c328cb304gs','36b32aa4c990437d812035e8ca2804gs','C_1','意识水平','xzt','1','0','1','2018-12-06 16:45:02','4'),('722819c5cca8426b8df27e9bfed604gs','b898c117b6c84bb084732d21c48f04gs','31bce069fb354adc91933ec6c7ba04gs','H_3','您多愁善感、感情脆弱吗？','xzt','3','0','1','2018-12-06 16:45:02','4'),('72766100e237432e900886ae2c4b04gs','45117f2fce0743c58543a897e14304gs','637bd7d203fe4842a3bd01b018d304gs','yy_19','该病人是否认为自己有任何营养问题? ','xzt','19','0','8f97c50bda3041218d0628ec1005d183','2018-12-06 16:45:02','4'),('7331f5113eba4685a3f6d625872404gs','02a1f8f60deb476da3461b3e274704gs','61d035312d884f1aaa35646c7dc004gs','A_4','穿衣：包括穿/脱衣服、系扣子、拉拉链、穿/脱鞋袜、系鞋带等。','xzt','4','0','1','2018-12-06 16:45:02','4'),('73a65482f5494b9a89e8d2881b9904gs','1e32b906c8c94dbc8e91107a4f9204gs','9dcf6e13e163440d8cdc633a3bb104gs','SDS-19','我认为如果我死了别人会生活得更好些','xzt','19','0','1','2018-12-06 16:45:02','4'),('747cda60806145bfa4c1c18b355404gs','d2938839e8f5410b97e900eec40b04gs','736555bef8a3412b9e8e7e49e6a704gs','tu_6','精神状态','xzt','6','0','8f97c50bda3041218d0628ec1005d183','2018-12-06 16:45:02','4'),('74e3d67c0efe450faa67194d360e04gs','58d82bd32a0d4955ac609dcf21cd04gs','8b9bc1a47f3b47e198b7250b93c904gs','EPDS-05','我无缘无故感到害怕和惊慌','xzt','5','0','1','2018-12-06 16:45:02','4'),('7635966216f34cbcbe7c497fe8f304gs','707806e098644d10a8de3915195604gs','a4c52bc3e37a43e097716756f29b04gs','br_8','你住在那个乡（街道）？','xzt','8','0','8f97c50bda3041218d0628ec1005d183','2018-12-06 16:45:02','4'),('77453f88069649dba67d7939726204gs','804bddcf71014774996fb80af36704gs','31bce069fb354adc91933ec6c7ba04gs','I_7','您的皮肤一抓就红，并出现抓痕吗？','xzt','7','0','1','2018-12-06 16:45:02','4'),('77868624eb144f3eac03d1804be104gs','bf32cb8f90c948be9fdf5c1281b604gs','31bce069fb354adc91933ec6c7ba04gs','A_2','您容易疲乏吗？','xzt','2','0','1','2018-12-06 16:45:02','4'),('79851ff510fa46bb82fe90ae670904gs','45117f2fce0743c58543a897e14304gs','637bd7d203fe4842a3bd01b018d304gs','yy_20','与同龄他人比较;该病人认为自己的健康状况如何?','xzt','20','0','8f97c50bda3041218d0628ec1005d183','2018-12-06 16:45:02','4'),('7a80d340fe0640b1a758046df9c704gs','180dc8603f024c8b9d8f678813db04gs','31bce069fb354adc91933ec6c7ba04gs','C_6','您吃(喝)凉的东西会感到不舒服或者怕吃(喝)凉东西吗？','xzt','6','0','1','2018-12-06 16:45:02','4'),('7aa0afdf212e49cab4c14365569504gs','3084bc75c6364cb9b3011001f5e104gs','456278d8d24449aba1cf42493bfd04gs','ycpgfj_2','潮湿程度','xzt','2','0','8f97c50bda3041218d0628ec1005d183','2018-12-06 16:45:02','4'),('7b0dfef861924efca81607265b5704gs','58d82bd32a0d4955ac609dcf21cd04gs','8b9bc1a47f3b47e198b7250b93c904gs','EPDS-03','当事情出错时，我会不必要地责备自己','xzt','3','0','1','2018-12-06 16:45:02','4'),('7d07c31a38f84a08b61651a8ca2e04gs','4ea6d23186a0409c9d6bcb102c1404gs','31bce069fb354adc91933ec6c7ba04gs','G_2','您两颧部有细微红丝吗？','xzt','2','0','1','2018-12-06 16:45:02','4'),('7ed7d0423bcc4d0fa9eb969784dc04gs','47b54e69ac8e4623a177bffc586304gs','31bce069fb354adc91933ec6c7ba04gs','F_3','您感到口苦或嘴里有异味吗？','xzt','3','0','1','2018-12-06 16:45:02','4'),('8012d838e9084e80865fb9a0e8c604gs','45117f2fce0743c58543a897e14304gs','637bd7d203fe4842a3bd01b018d304gs','yy_9','是否有精神问题 /心理问题?','xzt','9','0','8f97c50bda3041218d0628ec1005d183','2018-12-06 16:45:02','4'),('80190f9b36d84f2c8789fa1887c204gs','58d82bd32a0d4955ac609dcf21cd04gs','8b9bc1a47f3b47e198b7250b93c904gs','EPDS-01','我能看到事物有趣的一面，并笑的开心','xzt','1','0','1','2018-12-06 16:45:02','4'),('80f5eebae85540cead5d5c4537ce04gs','1e32b906c8c94dbc8e91107a4f9204gs','9dcf6e13e163440d8cdc633a3bb104gs','SDS-08','我有便秘的苦恼','xzt','8','0','1','2018-12-06 16:45:02','4'),('82d76e98fdb74021aa23fe40d08304gs','7c97c66b65024832adb5712e94c704gs','5744880a246345429aa7bec28daa04gs','SAS-18','我脸红发热','xzt','18','0','1','2018-12-06 16:45:02','4'),('82ff3f2dce214e7696c766e908ee04gs','45117f2fce0743c58543a897e14304gs','637bd7d203fe4842a3bd01b018d304gs','yy_15','他 /她是否每日食用 2次或更多水果或蔬菜?','xzt','15','0','8f97c50bda3041218d0628ec1005d183','2018-12-06 16:45:02','4'),('86ae5a8a9a4c41e4a002e5f8d9f304gs','7c97c66b65024832adb5712e94c704gs','5744880a246345429aa7bec28daa04gs','SAS-16','我常常要小便','xzt','16','0','1','2018-12-06 16:45:02','4'),('8986b0f75a7c45b9a7c0ef14f52704gs','58d82bd32a0d4955ac609dcf21cd04gs','8b9bc1a47f3b47e198b7250b93c904gs','EPDS-06','很多事情冲着我来，使我透不过气','xzt','6','0','1','2018-12-06 16:45:02','4'),('89c54c83f7964ad599bd9a9b085e04gs','b53635acf8e441b6bc81a09ee94e04gs','36b32aa4c990437d812035e8ca2804gs','A_3','修饰： 指洗脸、刷牙、梳头、刮脸等','xzt','3','0','1','2018-12-06 16:45:02','4'),('9003aa95072f47babee1a0bc73a904gs','02f0655a4cb8470a9f9cce1ceb5204gs','36b32aa4c990437d812035e8ca2804gs','S_2','工作能力','xzt','2','0','1','2018-12-06 16:45:02','4'),('91019e240535419dac58d4a800f904gs','45117f2fce0743c58543a897e14304gs','637bd7d203fe4842a3bd01b018d304gs','yy_8','活动能力 ?','xzt','8','0','8f97c50bda3041218d0628ec1005d183','2018-12-06 16:45:02','4'),('91c49cfb4c16420ab785edbe384c04gs','b53635acf8e441b6bc81a09ee94e04gs','36b32aa4c990437d812035e8ca2804gs','A_7','如厕： 包括去厕所、解开衣裤、擦净、整理衣裤、冲水','xzt','7','0','1','2018-12-06 16:45:02','4'),('9746016ffd1a4b46aee8c0d3c37e04gs','d2938839e8f5410b97e900eec40b04gs','736555bef8a3412b9e8e7e49e6a704gs','tu_3','使用助行器具','xzt','3','0','8f97c50bda3041218d0628ec1005d183','2018-12-06 16:45:02','4'),('98b216a69dd447cf9642662a2e8b04gs','c11b51cd2bd8420ea4c09c328cb304gs','36b32aa4c990437d812035e8ca2804gs','C_2','视力： 若平日带老花镜或近视镜，应在佩戴眼镜的情况下评估','xzt','2','0','1','2018-12-06 16:45:02','4'),('993a0e9f4b4143948d53d3a8e26104gs','d2938839e8f5410b97e900eec40b04gs','736555bef8a3412b9e8e7e49e6a704gs','tu_5','步态','xzt','5','0','8f97c50bda3041218d0628ec1005d183','2018-12-06 16:45:02','4'),('9d535b77140a46f5a49c8f76457004gs','bf32cb8f90c948be9fdf5c1281b604gs','31bce069fb354adc91933ec6c7ba04gs','A_4','您感到闷闷不乐、情绪低沉吗？','xzt','4','0','1','2018-12-06 16:45:02','4'),('9db5bb979bb449229de6d7100eda04gs','180dc8603f024c8b9d8f678813db04gs','31bce069fb354adc91933ec6c7ba04gs','C_1','您手脚发凉吗？','xzt','1','0','1','2018-12-06 16:45:02','4'),('9ee9c6cee8974750ba8cd5b5eb7e04gs','47b54e69ac8e4623a177bffc586304gs','31bce069fb354adc91933ec6c7ba04gs','F_2','容易生痤疮或疮疖吗？','xzt','2','0','1','2018-12-06 16:45:02','4'),('9eec202029744ff98b1b0b37c66004gs','1e32b906c8c94dbc8e91107a4f9204gs','9dcf6e13e163440d8cdc633a3bb104gs','SDS-18','我的生活过得很有意思','xzt','18','0','1','2018-12-06 16:45:02','4'),('9f64327dfecd4b0a8382cf8ea03b04gs','6b19afae44d84d7da834f479f60804gs','31bce069fb354adc91933ec6c7ba04gs','B_5','您比别人容易患感冒吗？','xzt','5','0','1','2018-12-06 16:45:02','4'),('a13a34496d134a86b6c8478f5ed604gs','7c97c66b65024832adb5712e94c704gs','5744880a246345429aa7bec28daa04gs','SAS-10','我觉得心跳得很快','xzt','10','0','1','2018-12-06 16:45:02','4'),('a3236a85113c42619ce7d02134aa04gs','1e32b906c8c94dbc8e91107a4f9204gs','9dcf6e13e163440d8cdc633a3bb104gs','SDS-10','我无缘无故地感到疲乏','xzt','10','0','1','2018-12-06 16:45:02','4'),('a4f3dc7a706946f185b9b9e8707e04gs','7c97c66b65024832adb5712e94c704gs','5744880a246345429aa7bec28daa04gs','SAS-04','我觉得我可能将要发疯','xzt','4','0','1','2018-12-06 16:45:02','4'),('a7d9e3677e0744aab3237afb583e04gs','180dc8603f024c8b9d8f678813db04gs','31bce069fb354adc91933ec6c7ba04gs','C_5','您比别人容易患感冒吗？','xzt','5','0','1','2018-12-06 16:45:02','4'),('a8d6cc7a85c2477fb3b2d8c9469604gs','4ea6d23186a0409c9d6bcb102c1404gs','31bce069fb354adc91933ec6c7ba04gs','G_6','您容易忘事(健忘)吗？','xzt','6','0','1','2018-12-06 16:45:02','4'),('a8e635d27b144960b02cc571a7dc04gs','45117f2fce0743c58543a897e14304gs','637bd7d203fe4842a3bd01b018d304gs','yy_18','摄食方式?','xzt','18','0','8f97c50bda3041218d0628ec1005d183','2018-12-06 16:45:02','4'),('a94f7e7c0bc14a19b6faf68c25fb04gs','d2938839e8f5410b97e900eec40b04gs','736555bef8a3412b9e8e7e49e6a704gs','tu_4','静脉输液/置管/使用药物治疗','xzt','4','0','8f97c50bda3041218d0628ec1005d183','2018-12-06 16:45:02','4'),('a96caad6cb07436ea2b4c281a59d04gs','707806e098644d10a8de3915195604gs','a4c52bc3e37a43e097716756f29b04gs','br_7','你住在那个县（区）？','xzt','7','0','8f97c50bda3041218d0628ec1005d183','2018-12-06 16:45:02','4'),('a9bf0eb3a7e044228069eba1005204gs','86c38082910d4277b8459ba2166804gs','36b32aa4c990437d812035e8ca2804gs','M_3','抑郁症状','xzt','3','0','1','2018-12-06 16:45:02','4'),('a9d102219cf1499194d73cc3722704gs','47b54e69ac8e4623a177bffc586304gs','31bce069fb354adc91933ec6c7ba04gs','F_7','您的阴囊部位潮湿吗？(限男性回答)','xzt','6','0','1','2018-12-06 16:45:02','4'),('aa3df02de951415d8952a3038feb04gs','45117f2fce0743c58543a897e14304gs','637bd7d203fe4842a3bd01b018d304gs','yy_16','该病人在过去的 3个月内是否因为食欲减退、消化问题、咀嚼或吞咽等导致摄食减少?','xzt','16','0','8f97c50bda3041218d0628ec1005d183','2018-12-06 16:45:02','4'),('ab0f5c9bc37e43b6b05808715a9104gs','58d82bd32a0d4955ac609dcf21cd04gs','8b9bc1a47f3b47e198b7250b93c904gs','EPDS-04','我无缘无故感到焦虑和担心','xzt','4','0','1','2018-12-06 16:45:02','4'),('abac467eac0140b79d32400ae8a104gs','7c97c66b65024832adb5712e94c704gs','5744880a246345429aa7bec28daa04gs','SAS-01','我觉得比平时容易紧张或着急','xzt','1','0','1','2018-12-06 16:45:02','4'),('ad30f1814d5f468aa3cdf58c04a804gs','6b19afae44d84d7da834f479f60804gs','31bce069fb354adc91933ec6c7ba04gs','B_7','您说话声音低弱无力吗？','xzt','7','0','1','2018-12-06 16:45:02','4'),('ad6f272014184d5e96a39c74195d04gs','02a1f8f60deb476da3461b3e274704gs','61d035312d884f1aaa35646c7dc004gs','A_6','小便控制','xzt','6','0','1','2018-12-06 16:45:02','4'),('aeac372030d74b5c91e4adaefa1504gs','4013e06e83424acc87fe8ac32a2404gs','31bce069fb354adc91933ec6c7ba04gs','E_6','您嘴里有黏黏的感觉吗？','xzt','6','0','1','2018-12-06 16:45:02','4'),('b0e4d040e04848919ac03f819ba504gs','b53635acf8e441b6bc81a09ee94e04gs','36b32aa4c990437d812035e8ca2804gs','A_9','平地行走','xzt','9','0','1','2018-12-06 16:45:02','4'),('b15d59a4e6654679b9596d1329aa04gs','3084bc75c6364cb9b3011001f5e104gs','456278d8d24449aba1cf42493bfd04gs','ycpgfj_04','移动能力','xzt','4','0','8f97c50bda3041218d0628ec1005d183','2018-12-06 16:45:02','4'),('b1a739493aa24f578f998273603c04gs','02f0655a4cb8470a9f9cce1ceb5204gs','36b32aa4c990437d812035e8ca2804gs','S_1','生活能力','xzt','1','0','1','2018-12-06 16:45:02','4'),('b31760162b3b4d51a52c817b538704gs','58d82bd32a0d4955ac609dcf21cd04gs','8b9bc1a47f3b47e198b7250b93c904gs','EPDS-08','我感到难过和悲伤','xzt','8','0','1','2018-12-06 16:45:02','4'),('b33e9960fc854546a05b3370231604gs','3084bc75c6364cb9b3011001f5e104gs','456278d8d24449aba1cf42493bfd04gs','ycpgfj_01','感知能力','xzt','1','0','8f97c50bda3041218d0628ec1005d183','2018-12-06 16:45:02','4'),('b3757922dd1042a78e60da40ce0704gs','6b19afae44d84d7da834f479f60804gs','31bce069fb354adc91933ec6c7ba04gs','B_6','您喜欢安静、懒得说话吗？','xzt','6','0','1','2018-12-06 16:45:02','4'),('b38594aff8f944f5ba2a5655530704gs','707806e098644d10a8de3915195604gs','a4c52bc3e37a43e097716756f29b04gs','br_13','现在请你说出我刚才告诉你让你记住的那些东西？','xzt','13','0','8f97c50bda3041218d0628ec1005d183','2018-12-06 16:45:02','4'),('b468eff4401a44149b7d73822d1204gs','45117f2fce0743c58543a897e14304gs','637bd7d203fe4842a3bd01b018d304gs','yy_4','近 3个月体重丢失?','xzt','4','0','8f97c50bda3041218d0628ec1005d183','2018-12-06 16:45:02','4'),('b5964c96773f4ed895cf9cf70e5b04gs','02a1f8f60deb476da3461b3e274704gs','61d035312d884f1aaa35646c7dc004gs','A_2','洗澡','xzt','2','0','1','2018-12-06 16:45:02','4'),('b736cb920db04704992f6bf1294d04gs','1e32b906c8c94dbc8e91107a4f9204gs','9dcf6e13e163440d8cdc633a3bb104gs','SDS-03','我一阵阵哭出来或想哭','xzt','3','0','1','2018-12-06 16:45:02','4'),('b91ea3d729ad407db285929d0bc204gs','804bddcf71014774996fb80af36704gs','31bce069fb354adc91933ec6c7ba04gs','I_3','您有因季节变化、温度变化或异味等原因而咳喘的现象吗？','xzt','3','0','1','2018-12-06 16:45:02','4'),('baaac0762f464964a89a3ea943a304gs','180dc8603f024c8b9d8f678813db04gs','31bce069fb354adc91933ec6c7ba04gs','C_2','您胃脘部、背部或腰膝部怕冷吗？','xzt','2','0','1','2018-12-06 16:45:02','4'),('bcf89ac2224749cbafa78bbd47e304gs','02a1f8f60deb476da3461b3e274704gs','61d035312d884f1aaa35646c7dc004gs','A_9','平地行走','xzt','9','0','1','2018-12-06 16:45:02','4'),('bd64786995d84db5b612b2f83da704gs','45117f2fce0743c58543a897e14304gs','637bd7d203fe4842a3bd01b018d304gs','yy_14','每日食用肉类、鱼类或禽类 ?','xzt','14','0','8f97c50bda3041218d0628ec1005d183','2018-12-06 16:45:02','4'),('bd986a1b11b14b26abbe0a42700504gs','707806e098644d10a8de3915195604gs','a4c52bc3e37a43e097716756f29b04gs','br_4','今天是几号？','xzt','4','0','8f97c50bda3041218d0628ec1005d183','2018-12-06 16:45:02','4'),('bdee993f5513428f8c045572c1b604gs','bf32cb8f90c948be9fdf5c1281b604gs','31bce069fb354adc91933ec6c7ba04gs','A_3','您说话声音低弱无力吗？','xzt','3','0','1','2018-12-06 16:45:02','4'),('bfddc51c0fa34e489bfcdf64719204gs','7c97c66b65024832adb5712e94c704gs','5744880a246345429aa7bec28daa04gs','SAS-15','我因为胃痛和消化不良而苦恼','xzt','15','0','1','2018-12-06 16:45:02','4'),('c11173787fed47a99d89244cde9104gs','4013e06e83424acc87fe8ac32a2404gs','31bce069fb354adc91933ec6c7ba04gs','E_3','您腹部肥满松软吗？','xzt','3','0','1','2018-12-06 16:45:02','4'),('c13aebebc4a74cbda0ae484ad4d304gs','5fb2fdf54f6f4c6d980d9007f32a04gs','31bce069fb354adc91933ec6c7ba04gs','D_6','您面部两颧潮红或偏红吗？','xzt','6','0','1','2018-12-06 16:45:02','4'),('c40e350732ac41b687b50e08890f04gs','5fb2fdf54f6f4c6d980d9007f32a04gs','31bce069fb354adc91933ec6c7ba04gs','D_3','您皮肢或口唇干吗？','xzt','3','0','1','2018-12-06 16:45:02','4'),('c6786c89cf7947ad885f11e58b1a04gs','02a1f8f60deb476da3461b3e274704gs','61d035312d884f1aaa35646c7dc004gs','A_1','进食：指用合适的餐具将食物由容器送到口中，包括用筷子、勺子或叉子取食物、对碗/碟的把持、咀嚼、吞咽等过程','xzt','1','0','1','2018-12-06 16:45:02','4'),('c79ead4be5a042c58541a85fa4b204gs','1e32b906c8c94dbc8e91107a4f9204gs','9dcf6e13e163440d8cdc633a3bb104gs','SDS-15','我比平常容易生气激动','xzt','15','0','1','2018-12-06 16:45:02','4'),('cb3656b0d4f94ae78e25f7a0eb9a04gs','3084bc75c6364cb9b3011001f5e104gs','456278d8d24449aba1cf42493bfd04gs','ycpgfj_06','摩擦力和剪切力','xzt','6','0','8f97c50bda3041218d0628ec1005d183','2018-12-06 16:45:02','4'),('cd2e4fe9758043e1a8847fefdcb204gs','b53635acf8e441b6bc81a09ee94e04gs','36b32aa4c990437d812035e8ca2804gs','A_8','床椅转移','xzt','8','0','1','2018-12-06 16:45:02','4'),('cd4911d05d0e4e60947a4fd55a0104gs','804bddcf71014774996fb80af36704gs','31bce069fb354adc91933ec6c7ba04gs','I_6','您的皮肤因过敏出现过紫癜(紫红色瘀点、瘀斑)吗？','xzt','6','0','1','2018-12-06 16:45:02','4'),('cd7b9cd76263443199654bd8255d04gs','58d82bd32a0d4955ac609dcf21cd04gs','8b9bc1a47f3b47e198b7250b93c904gs','EPDS-07','我很不开心，以至失眠 ','xzt','7','0','1','2018-12-06 16:45:02','4'),('cdc393c942314a64b00efe0fe44004gs','47b54e69ac8e4623a177bffc586304gs','31bce069fb354adc91933ec6c7ba04gs','F_5','您小便明尿道有发热感、尿色浓(深)吗？','xzt','5','0','1','2018-12-06 16:45:02','4'),('cec317b1bcd347cfb8eb548427d604gs','804bddcf71014774996fb80af36704gs','31bce069fb354adc91933ec6c7ba04gs','I_5','您的皮肤容易起荨麻疹(风团、风疹块、风疙瘩)吗？','xzt','5','0','1','2018-12-06 16:45:02','4'),('ced939adbc3b4701b34dcf4de95304gs','7c97c66b65024832adb5712e94c704gs','5744880a246345429aa7bec28daa04gs','SAS-12','我有晕倒发作，或觉得要晕倒似的','xzt','12','0','1','2018-12-06 16:45:02','4'),('cf0fa73ab6e2408ba64a5402779a04gs','7c97c66b65024832adb5712e94c704gs','5744880a246345429aa7bec28daa04gs','SAS-11','我因为一阵阵头晕而苦恼','xzt','11','0','1','2018-12-06 16:45:02','4'),('d272808010d14cc4a25fdbfa730204gs','4013e06e83424acc87fe8ac32a2404gs','31bce069fb354adc91933ec6c7ba04gs','E_4','您有额部油脂分泌多的现象吗？','xzt','4','0','1','2018-12-06 16:45:02','4'),('d283d122505e45c9b92c0f51e1e804gs','7c97c66b65024832adb5712e94c704gs','5744880a246345429aa7bec28daa04gs','SAS-06','我手脚发抖打颤','xzt','6','0','1','2018-12-06 16:45:02','4'),('d325a4ab089a42358d04f267096b04gs','45117f2fce0743c58543a897e14304gs','637bd7d203fe4842a3bd01b018d304gs','yy_6','每日服用超过 3种药物?','xzt','6','0','8f97c50bda3041218d0628ec1005d183','2018-12-06 16:45:02','4'),('d58e8142ad014966a4e98b5b4b1d04gs','7c97c66b65024832adb5712e94c704gs','5744880a246345429aa7bec28daa04gs','SAS-07','我因为头疼、颈痛和背痛而苦恼','xzt','7','0','1','2018-12-06 16:45:02','4'),('d7ea52b992ae454dac4e774d411e04gs','02f0655a4cb8470a9f9cce1ceb5204gs','36b32aa4c990437d812035e8ca2804gs','S_4','人物定向','xzt','4','0','1','2018-12-06 16:45:02','4'),('d87c0eedb7bb4ac8b0d7de36f6d604gs','5fb2fdf54f6f4c6d980d9007f32a04gs','31bce069fb354adc91933ec6c7ba04gs','D_7','您感到眼睛干涩吗？','xzt','7','0','1','2018-12-06 16:45:02','4'),('d8dd1bc3366b457aa19503937e6604gs','7c97c66b65024832adb5712e94c704gs','5744880a246345429aa7bec28daa04gs','SAS-09','我觉得心平气和，并且容易安静坐着','xzt','9','0','1','2018-12-06 16:45:02','4'),('dd392cedd4c04f548b3953f11efc04gs','4ea6d23186a0409c9d6bcb102c1404gs','31bce069fb354adc91933ec6c7ba04gs','G_5','您容易有黑眼圈吗？','xzt','5','0','1','2018-12-06 16:45:02','4'),('e0986f4a73da496bbac47c1731d904gs','45117f2fce0743c58543a897e14304gs','637bd7d203fe4842a3bd01b018d304gs','yy_13','每周食用 2次或更多豆类或蛋类 ?','xzt','13','0','8f97c50bda3041218d0628ec1005d183','2018-12-06 16:45:02','4'),('e0b15633836b446d9e8d9e032ecd04gs','b53635acf8e441b6bc81a09ee94e04gs','36b32aa4c990437d812035e8ca2804gs','A_10','上下楼梯','xzt','10','0','1','2018-12-06 16:45:02','4'),('e12ba6186f2841eb81a7865f239b04gs','707806e098644d10a8de3915195604gs','a4c52bc3e37a43e097716756f29b04gs','br_3','现在是几月份？','xzt','3','0','8f97c50bda3041218d0628ec1005d183','2018-12-06 16:45:02','4'),('e174d8b71c7c4c02af6251ab6a9704gs','7c97c66b65024832adb5712e94c704gs','5744880a246345429aa7bec28daa04gs','SAS-05','我觉得一切都很好','xzt','5','0','1','2018-12-06 16:45:02','4'),('e1dc50abb515483ab26c2c69588604gs','b53635acf8e441b6bc81a09ee94e04gs','36b32aa4c990437d812035e8ca2804gs','A_1','进食：指用餐具将食物由容器送到口中、咀嚼、吞咽等过程','xzt','1','0','1','2018-12-06 16:45:02','4'),('e2bea884aaab4ef6a39c92e1092b04gs','8ff18f79406849cdb7ae1e56b11d04gs','36b32aa4c990437d812035e8ca2804gs','X_1','等级变更条款','xzt','1','0','1','2018-12-06 16:45:02','4'),('e2ecdb8eb09f40f4ac520559ffb804gs','b898c117b6c84bb084732d21c48f04gs','31bce069fb354adc91933ec6c7ba04gs','H_2','您容易精神紧张、焦虑不安吗？','xzt','2','0','1','2018-12-06 16:45:02','4'),('e41e32810af84fff8c850ec8fa2a04gs','b898c117b6c84bb084732d21c48f04gs','31bce069fb354adc91933ec6c7ba04gs','H_5','您胁肋部或乳房胀痛吗？','xzt','5','0','1','2018-12-06 16:45:02','4'),('e4a074feacd84a77a48a257e8fa604gs','b53635acf8e441b6bc81a09ee94e04gs','36b32aa4c990437d812035e8ca2804gs','A_2','洗澡','xzt','2','0','1','2018-12-06 16:45:02','4'),('e59d92c34efa4b48bb0d2a7016ae04gs','4ea6d23186a0409c9d6bcb102c1404gs','31bce069fb354adc91933ec6c7ba04gs','G_1','您的皮肤在不知不觉中会出现青紫瘀斑(皮下出血)吗？','xzt','1','0','1','2018-12-06 16:45:02','4'),('e79ccd7c537a4d899f5c6389cac704gs','4ea6d23186a0409c9d6bcb102c1404gs','31bce069fb354adc91933ec6c7ba04gs','G_3','您身体上哪里疼痛吗？','xzt','3','0','1','2018-12-06 16:45:02','4'),('e7b301fe9ac4471f840060f2720704gs','4013e06e83424acc87fe8ac32a2404gs','31bce069fb354adc91933ec6c7ba04gs','E_5','您上眼睑比别人肿(上眼睑有轻微隆起现象)吗？','xzt','5','0','1','2018-12-06 16:45:02','4'),('e7dce53386f044899183a9c3791f04gs','02f0655a4cb8470a9f9cce1ceb5204gs','36b32aa4c990437d812035e8ca2804gs','S_3','时间/空间定向','xzt','3','0','1','2018-12-06 16:45:02','4'),('e830f595d28b4498bfcce6203b4f04gs','bf32cb8f90c948be9fdf5c1281b604gs','31bce069fb354adc91933ec6c7ba04gs','A_6','您能适应外界自然和社会环境的变化吗？','xzt','6','0','1','2018-12-06 16:45:02','4'),('e944526996fc47b0a2edfe230a9c04gs','d2938839e8f5410b97e900eec40b04gs','736555bef8a3412b9e8e7e49e6a704gs','tu_1','病人曾跌倒（3月内）/视觉障碍','xzt','1','0','8f97c50bda3041218d0628ec1005d183','2018-12-06 16:45:02','4'),('e9cb96a557244a9b9d85ced1a0c104gs','707806e098644d10a8de3915195604gs','a4c52bc3e37a43e097716756f29b04gs','br_2','现在是什么季节？','xzt','2','0','8f97c50bda3041218d0628ec1005d183','2018-12-06 16:45:02','4'),('ea14976d9b364598a0216b0a909a04gs','45117f2fce0743c58543a897e14304gs','637bd7d203fe4842a3bd01b018d304gs','yy_17','每日消费几杯饮料?','xzt','17','0','8f97c50bda3041218d0628ec1005d183','2018-12-06 16:45:02','4'),('ec13b2ec36be4a918c43a6c46a9904gs','b898c117b6c84bb084732d21c48f04gs','31bce069fb354adc91933ec6c7ba04gs','H_1','您感到闷闷不乐、情结低沉吗？','xzt','1','0','1','2018-12-06 16:45:02','4'),('ed39abfef8a54cc6bec0878ceac104gs','6b19afae44d84d7da834f479f60804gs','31bce069fb354adc91933ec6c7ba04gs','B_8','您活动量稍大容易出虚汗吗？','xzt','8','0','1','2018-12-06 16:45:02','4'),('eddab9f0bf064783af58a45d02c004gs','1e32b906c8c94dbc8e91107a4f9204gs','9dcf6e13e163440d8cdc633a3bb104gs','SDS-16','我觉得作出决定是容易的','xzt','16','0','1','2018-12-06 16:45:02','4'),('eea2861dd119477687e208422a6404gs','5fb2fdf54f6f4c6d980d9007f32a04gs','31bce069fb354adc91933ec6c7ba04gs','D_8','您感到口干咽燥、总想喝水吗？','xzt','8','0','1','2018-12-06 16:45:02','4'),('f0398e49a2774c448683d0bc212f04gs','707806e098644d10a8de3915195604gs','a4c52bc3e37a43e097716756f29b04gs','br_19','要求受试者自己写一句完整的句子','xzt','19','0','8f97c50bda3041218d0628ec1005d183','2018-12-06 16:45:02','4'),('f0965e6cea6f49578dc3d7f1883f04gs','1e32b906c8c94dbc8e91107a4f9204gs','9dcf6e13e163440d8cdc633a3bb104gs','SDS-17','我觉得自己是个有用的人，有人需要我','xzt','17','0','1','2018-12-06 16:45:02','4'),('f5b4536a46ea49e8bda2880fceac04gs','1e32b906c8c94dbc8e91107a4f9204gs','9dcf6e13e163440d8cdc633a3bb104gs','SDS-04','我晚上睡眠不好','xzt','4','0','1','2018-12-06 16:45:02','4'),('f6ac3d4d7b6f4b1a97063078770004gs','02a1f8f60deb476da3461b3e274704gs','61d035312d884f1aaa35646c7dc004gs','A_10','上下楼梯','xzt','10','0','1','2018-12-06 16:45:02','4'),('f81c49daf52f4c7ca0a6e8bad9e004gs','4013e06e83424acc87fe8ac32a2404gs','31bce069fb354adc91933ec6c7ba04gs','E_8','您活动量稍在太容易出虚汗吗？','xzt','8','0','1','2018-12-06 16:45:02','4'),('f89ab2d0861f43f29ac2ffd16f4d04gs','b53635acf8e441b6bc81a09ee94e04gs','36b32aa4c990437d812035e8ca2804gs','A_4','穿衣： 指穿脱衣服、系扣、拉拉链、穿脱鞋袜、系鞋带','xzt','4','0','1','2018-12-06 16:45:02','4'),('f8e8b11a7d9c4271be4e513385c804gs','b898c117b6c84bb084732d21c48f04gs','31bce069fb354adc91933ec6c7ba04gs','H_7','您咽喉部有异物感,且吐之不出、咽之不下吗？','xzt','7','0','1','2018-12-06 16:45:02','4'),('f97ffc7864644864b0274b041d5404gs','3084bc75c6364cb9b3011001f5e104gs','456278d8d24449aba1cf42493bfd04gs','ycpgfj_03','活动能力','xzt','3','0','8f97c50bda3041218d0628ec1005d183','2018-12-06 16:45:02','4'),('fa45d561bc544f25ba60be45d54c04gs','7c97c66b65024832adb5712e94c704gs','5744880a246345429aa7bec28daa04gs','SAS-08','我觉得容易衰弱和疲乏','xzt','8','0','1','2018-12-06 16:45:02','4'),('fb2e5415660149919cd7e29693e604gs','c11b51cd2bd8420ea4c09c328cb304gs','36b32aa4c990437d812035e8ca2804gs','C_4','沟通交流: 包括非语言沟通','xzt','4','0','1','2018-12-06 16:45:02','4'),('fc345872b3f74befb9e19a5152c004gs','58d82bd32a0d4955ac609dcf21cd04gs','8b9bc1a47f3b47e198b7250b93c904gs','EPDS-10','我想过要伤害自己','xzt','10','0','1','2018-12-06 16:45:02','4'),('fc723587deac4ce981e7e2239c9d04gs','1e32b906c8c94dbc8e91107a4f9204gs','9dcf6e13e163440d8cdc633a3bb104gs','SDS-09','我心跳比平时快','xzt','9','0','1','2018-12-06 16:45:02','4'),('fccacb725ebc4a19966c62aea0f004gs','45117f2fce0743c58543a897e14304gs','637bd7d203fe4842a3bd01b018d304gs','yy_12','每天至少 1次消费 ?','xzt','12','0','8f97c50bda3041218d0628ec1005d183','2018-12-06 16:45:02','4'),('fe64e20e0ea143069bbe94c9296004gs','707806e098644d10a8de3915195604gs','a4c52bc3e37a43e097716756f29b04gs','br_5','今天是星期几？','xzt','5','0','8f97c50bda3041218d0628ec1005d183','2018-12-06 16:45:02','4'),('ff87000d32a54669962ba8d896df04gs','5fb2fdf54f6f4c6d980d9007f32a04gs','31bce069fb354adc91933ec6c7ba04gs','D_4','您口唇的颜色比一般人红吗？','xzt','4','0','1','2018-12-06 16:45:02','4'),('fff30f9e6866492b8ae52bdb399004gs','b898c117b6c84bb084732d21c48f04gs','31bce069fb354adc91933ec6c7ba04gs','H_4','您容易感到害怕或受到惊吓吗？','xzt','4','0','1','2018-12-06 16:45:02','4');

/*Data for the table `t_kb_aq_subject_option` */

insert  into `t_kb_aq_subject_option`(`subject_option_id`,`aq_subject_id`,`subject_option_code`,`subject_option_name`,`subject_option_score`,`subject_option_weight`,`is_valid`,`operate_person`,`operate_time`,`orgid`) values ('0010a8f276d7436abc3aa7d1356204gs','c6786c89cf7947ad885f11e58b1a04gs','B','需部分帮助(前述某个步骤需要一定帮助)','5.00','0.00','0','1','2018-12-06 16:45:03','4'),('00408f7eb7f84accbd330ee0ed7e04gs','158980c2a2cd4457b24a9fab171204gs','B','偶尔失控（每周<1次），或需要他人提示','5.00','0.00','0','1','2018-12-06 16:45:03','4'),('0078c2192dc441be9a34bc254ce604gs','17d7ae09cdef4eb9b7eb19f3600c04gs','D','经常（相当）','4.00',NULL,'0','1','2018-12-06 16:45:03','4'),('0104bfaf08444c518613c2fd956304gs','3d69f982f79442ea9bf54509e80b04gs','A','正确','1.00','0.00','0','8f97c50bda3041218d0628ec1005d183','2018-12-06 16:45:03','4'),('012a9111c2c244bd80d781f6ade704gs','b38594aff8f944f5ba2a5655530704gs','B','回忆出2个','2.00','0.00','0','8f97c50bda3041218d0628ec1005d183','2018-12-06 16:45:03','4'),('018d817668154bdeab684762ac7d04gs','58b8ac893fa1474f8892f5f8ed5504gs','F','全错','0.00','0.00','0','8f97c50bda3041218d0628ec1005d183','2018-12-06 16:45:03','4'),('0195f37d9303459daacdc18ff36004gs','a13a34496d134a86b6c8478f5ed604gs','D','绝大部分或全部时间','4.00','0.00','0','1','2018-12-06 16:45:03','4'),('01da70dc280441c9b8b9d209ed6e04gs','7a80d340fe0640b1a758046df9c704gs','E','总是（非常）','5.00','0.00','0','1','2018-12-06 16:45:03','4'),('02589bb5b4e140e0b69afb4e226404gs','00385976e9764f3282f013857b6204gs','C','相当多时间','3.00','0.00','0','1','2018-12-06 16:45:03','4'),('02f0a248be0d4c9e94fb35c6fe3204gs','584e4e5346fc41d8a9e4a7c48a5304gs','E','总是（非常）','5.00','0.00','0','1','2018-12-06 16:45:03','4'),('02f9eaec640a459c88ddea57bee004gs','1d43ee1a11f845e8a680be4bc52e04gs','E','总是（非常）','5.00','0.00','0','1','2018-12-06 16:45:03','4'),('03b4cab1b9534dc58b676d846ed504gs','16d13b2772154616852218732c7e04gs','A','可控制大便','10.00','0.00','0','1','2018-12-06 16:45:03','4'),('03bf074954df4cec9b3955ee603704gs','40dda81527e94baabc920ffc92e904gs','D','经常（相当）','4.00','0.00','0','1','2018-12-06 16:45:03','4'),('03cb4f83f0a045d0982648fc4c7904gs','6046ef464a644e0dbdcb2c94bf3c04gs','A','正确','1.00','0.00','0','8f97c50bda3041218d0628ec1005d183','2018-12-06 16:45:03','4'),('03ed822c2ca04576a95b2d0b36f804gs','f89ab2d0861f43f29ac2ffd16f4d04gs','B','需部分帮助（能自己穿脱，但需他人帮助整理衣物、系扣/鞋带、拉拉链）','5.00','0.00','0','1','2018-12-06 16:45:03','4'),('03f8377b63e440e49e0f1d5031d704gs','1822828f700944d5955ae763e23804gs','B','18.5≤ BMI<23.9','1.00','0.00','0','8f97c50bda3041218d0628ec1005d183','2018-12-06 16:45:03','4'),('045fced3386e491a9322fd1ee57504gs','cec317b1bcd347cfb8eb548427d604gs','A','没有（根本不）','1.00','0.00','0','1','2018-12-06 16:45:03','4'),('046cb89bdf2d4fe2bbb6574c012804gs','32f5f829796a469e8e15771d26f604gs','C','有时（有些）','3.00','0.00','0','1','2018-12-06 16:45:03','4'),('0498156ae5cc429386c56b9c2b8304gs','0cbcdc514db24288a956a506973604gs','D','全部错误','0.00','0.00','0','8f97c50bda3041218d0628ec1005d183','2018-12-06 16:45:03','4'),('0506470a1e164349a944dac856ae04gs','baaac0762f464964a89a3ea943a304gs','E','总是（非常）','5.00','0.00','0','1','2018-12-06 16:45:03','4'),('05291f79b7164c80835f8510bb8204gs','eea2861dd119477687e208422a6404gs','D','经常（相当）','4.00','0.00','0','1','2018-12-06 16:45:03','4'),('057db629e6464d7b93ee8a645ff504gs','86ae5a8a9a4c41e4a002e5f8d9f304gs','A','没有或很少时间','1.00','0.00','0','1','2018-12-06 16:45:03','4'),('05b895250c274f05838d79ec4bd004gs','1b3465554c5043ad89e7465f1c8c04gs','D','经常（相当）','4.00','0.00','0','1','2018-12-06 16:45:03','4'),('05c3a0a799a647b69c15bb0dd40a04gs','3395580f00484c5ead6a20f82cc504gs','D','经常（相当）','4.00','0.00','0','1','2018-12-06 16:45:03','4'),('06708e05aa5e4ec994e7db235dea04gs','e830f595d28b4498bfcce6203b4f04gs','E','总是（非常）','5.00',NULL,'0','1','2018-12-06 16:45:03','4'),('070a54b5b99a4bd7a54fa324023204gs','a9bf0eb3a7e044228069eba1005204gs','A','无','0.00','0.00','0','1','2018-12-06 16:45:03','4'),('071d87ba39fe4cf4afb7ed1315c804gs','35eb6cced3cd48a19f9a53e8712704gs','C','有时（有些）','3.00','0.00','0','1','2018-12-06 16:45:03','4'),('075a02d001bc4aeba442ec72af3804gs','33313bbe75c1403695b6c5c9581b04gs','D','绝大部分或全部时间','1.00','0.00','0','1','2018-12-06 16:45:03','4'),('082da93794e34ce9866e405d8b9d04gs','a94f7e7c0bc14a19b6faf68c25fb04gs','B','有','20.00','0.00','0','8f97c50bda3041218d0628ec1005d183','2018-12-06 16:45:03','4'),('087cfb84514e44f2aabfac13ae6704gs','7aa0afdf212e49cab4c14365569504gs','C','偶尔潮湿：皮肤偶尔潮湿，要求额外更换床单大约每日一次。','3.00','0.00','0','8f97c50bda3041218d0628ec1005d183','2018-12-06 16:45:03','4'),('08ba4aada80a41f0b383a212fc0c04gs','ab0f5c9bc37e43b6b05808715a9104gs','B','极少这样','1.00','0.00','0','1','2018-12-06 16:45:03','4'),('08cf3864ab4c4b29bdf6ca26cb0304gs','cd4911d05d0e4e60947a4fd55a0104gs','E','总是（非常）','5.00','0.00','0','1','2018-12-06 16:45:03','4'),('08dee2eb4aa2499dbd6c5795a60904gs','eddab9f0bf064783af58a45d02c004gs','D','绝大部分或全部时间','1.00','0.00','0','1','2018-12-06 16:45:03','4'),('099fe09a6011451785557d89399504gs','e944526996fc47b0a2edfe230a9c04gs','A','没有','0.00','0.00','0','8f97c50bda3041218d0628ec1005d183','2018-12-06 16:45:03','4'),('0a73767ddd764f60bb2f4348277804gs','c79ead4be5a042c58541a85fa4b204gs','B','小部分时间','2.00','0.00','0','1','2018-12-06 16:45:03','4'),('0aa4776647f14c8fbf77050a7c7d04gs','341ff80e8aed4cad90e38512759104gs','B','小部分时间','3.00','0.00','0','1','2018-12-06 16:45:03','4'),('0ab40e34a04b4ff7bdc53fd8173804gs','1dfe6978cd4c445c9f4ba3f7371604gs','C','有时（有些）','3.00',NULL,'0','1','2018-12-06 16:45:03','4'),('0ae09a5c1120486e95fb83250a3a04gs','a8d6cc7a85c2477fb3b2d8c9469604gs','A','没有（根本不）','1.00',NULL,'0','1','2018-12-06 16:45:03','4'),('0c0c0078ff334efe8e94d1c53b6d04gs','5954e5be60444fa8946b078eae9004gs','D','勉强可与人交往，谈吐内容不清楚，表情不恰当','3.00','0.00','0','1','2018-12-06 16:45:03','4'),('0c56adf883ee41819c2ef13b653b04gs','3b900e054fa0427e9ea90075af3b04gs','D','经常（相当）','4.00',NULL,'0','1','2018-12-06 16:45:03','4'),('0dbeab60912841bfa24b04b48cd804gs','3f00160bb1244b5babb8b73d121804gs','A','没有或很少时间','4.00','0.00','0','1','2018-12-06 16:45:03','4'),('0dd8dc4da1cb4df389670492d70304gs','f89ab2d0861f43f29ac2ffd16f4d04gs','B','需部分帮助（能自己穿脱，但需他人帮助整理衣物、系扣/鞋带、拉拉链）','5.00','0.00','1','1','2018-12-06 16:45:03','4'),('0ec28c7e8c0142599b1723328b7a04gs','e0b15633836b446d9e8d9e032ecd04gs','C','需极大帮助或完全依赖他人','0.00','0.00','0','1','2018-12-06 16:45:03','4'),('0f20dc229015461ab98ed0b2243504gs','61f4560d03004f1ba47482fb851604gs','D','丰富：每餐均能吃完或基本吃完；从不少吃一餐；每天常吃≥4人份的肉类；不要求加餐。','4.00','0.00','0','8f97c50bda3041218d0628ec1005d183','2018-12-06 16:45:03','4'),('0fa2f36add3b4655ba2887c761af04gs','cdc393c942314a64b00efe0fe44004gs','D','经常（相当）','4.00',NULL,'0','1','2018-12-06 16:45:03','4'),('1033397086474abfbe944f9dd94e04gs','a8d6cc7a85c2477fb3b2d8c9469604gs','B','很少（有一点）','2.00',NULL,'0','1','2018-12-06 16:45:03','4'),('10532e7dbdd440a1828b7bb1a41904gs','0635b50a17144393bb9549e79a7604gs','A','没有（根本不）','1.00','0.00','0','1','2018-12-06 16:45:03','4'),('11670e4b75564471834128dee58904gs','ad30f1814d5f468aa3cdf58c04a804gs','A','没有（根本不）','1.00','0.00','0','1','2018-12-06 16:45:03','4'),('116cd5efe30e4657a41e8df5093404gs','d283d122505e45c9b92c0f51e1e804gs','C','相当多时间','3.00','0.00','0','1','2018-12-06 16:45:03','4'),('120f138b9afa4afea429e7200fdc04gs','9f64327dfecd4b0a8382cf8ea03b04gs','A','没有（根本不）','1.00','0.00','0','1','2018-12-06 16:45:03','4'),('1245badd50354f16af0784e373b104gs','89c54c83f7964ad599bd9a9b085e04gs','A','可自己独立完成','5.00','0.00','0','1','2018-12-06 16:45:03','4'),('12aca8ce7fea4d6c84f70c039c2604gs','91019e240535419dac58d4a800f904gs','C','可外出活动','2.00','0.00','0','8f97c50bda3041218d0628ec1005d183','2018-12-06 16:45:03','4'),('12f3fad24923466dbae2f47091ab04gs','19fa88f583c443dd8c6a6fe88f1904gs','A','否','1.00','0.00','0','8f97c50bda3041218d0628ec1005d183','2018-12-06 16:45:03','4'),('131b4b7f03ba40a29b163671147704gs','98b216a69dd447cf9642662a2e8b04gs','D','辨认物体有困难，但眼睛能跟随物体移动，只能看到光、颜色和形状','3.00','0.00','0','1','2018-12-06 16:45:03','4'),('137fa06ec23b41a7ba1ca3d625a304gs','17d7ae09cdef4eb9b7eb19f3600c04gs','B','很少（有一点）','2.00',NULL,'0','1','2018-12-06 16:45:03','4'),('1471fef7a74844b6b66fb828038f04gs','46ae97b06c6f4f799642ba94abf804gs','A','没有或很少时间','1.00','0.00','0','1','2018-12-06 16:45:03','4'),('1474c7b4b860444bb79e579cf99c04gs','8012d838e9084e80865fb9a0e8c604gs','B','轻度智力减退','1.00','0.00','0','8f97c50bda3041218d0628ec1005d183','2018-12-06 16:45:03','4'),('147f67e79f5a4c93856104e4fa8304gs','ea14976d9b364598a0216b0a909a04gs','B','3~5杯','0.50','0.00','0','8f97c50bda3041218d0628ec1005d183','2018-12-06 16:45:03','4'),('14956fbec29b4a3a829379a14e6b04gs','9db5bb979bb449229de6d7100eda04gs','C','有时（有些）','3.00','0.00','0','1','2018-12-06 16:45:03','4'),('14aaf1c9b55849f9bf4c623bdc8204gs','f5b4536a46ea49e8bda2880fceac04gs','D','绝大部分或全部时间','4.00','0.00','0','1','2018-12-06 16:45:03','4'),('15306e503ecb40738b5643d0e21d04gs','ab0f5c9bc37e43b6b05808715a9104gs','A','一点也没有','0.00','0.00','0','1','2018-12-06 16:45:03','4'),('153e6fc9131a44ac9fcf8426184504gs','72766100e237432e900886ae2c4b04gs','C','营养良好','2.00','0.00','0','8f97c50bda3041218d0628ec1005d183','2018-12-06 16:45:03','4'),('15402923eebf45bb80c33f069b1104gs','5146b5fc528c4c7f8497910a83d604gs','A','没有或很少时间','4.00','0.00','0','1','2018-12-06 16:45:03','4'),('15423ec4ad73483a9638fa441a2804gs','e9cb96a557244a9b9d85ced1a0c104gs','B','错误','0.00','0.00','0','8f97c50bda3041218d0628ec1005d183','2018-12-06 16:45:03','4'),('154f4d0b80c94dc9818ac1aea83004gs','bfddc51c0fa34e489bfcdf64719204gs','B','小部分时间','2.00','0.00','0','1','2018-12-06 16:45:03','4'),('1593e5eb2aaf4215ba1d0e832ddb04gs','a96caad6cb07436ea2b4c281a59d04gs','A','正确','1.00','0.00','0','8f97c50bda3041218d0628ec1005d183','2018-12-06 16:45:03','4'),('15a64df4b8c34aa1855f5a7c82f204gs','1b3465554c5043ad89e7465f1c8c04gs','A','没有（根本不）','1.00','0.00','0','1','2018-12-06 16:45:03','4'),('15c28aac3fa8417d83858376c93a04gs','335883499d4e4cc0bd665620d56004gs','D','绝大部分或全部时间','1.00','0.00','0','1','2018-12-06 16:45:03','4'),('15d20c656b984cbaadab9ded42fd04gs','7a80d340fe0640b1a758046df9c704gs','B','很少（有一点）','2.00','0.00','0','1','2018-12-06 16:45:03','4'),('15fd92f1f8a54135b5c87ff54b9804gs','bcf89ac2224749cbafa78bbd47e304gs','A','可独立在平地上行走45m','15.00','0.00','0','1','2018-12-06 16:45:03','4'),('16573dd82a884b4987afb78998cc04gs','0d947526f7444e5db8e6ebf127d304gs','C','MAC>22','1.00','0.00','0','8f97c50bda3041218d0628ec1005d183','2018-12-06 16:45:03','4'),('1681ca6c7aa54248852037921bc704gs','e830f595d28b4498bfcce6203b4f04gs','D','经常（相当）','4.00',NULL,'0','1','2018-12-06 16:45:03','4'),('16f5a255362f4cacbec439811c4b04gs','d7ea52b992ae454dac4e774d411e04gs','E','只认识保护人，不辨熟人和生人','4.00','0.00','0','1','2018-12-06 16:45:03','4'),('172a97ef174c461aa3934384a40c04gs','30ac1cd7e3384882b70aca72333a04gs','E','总是（非常）','5.00',NULL,'0','1','2018-12-06 16:45:03','4'),('1752ca0a63634799a0e02126fd7e04gs','f89ab2d0861f43f29ac2ffd16f4d04gs','C','需极大帮助或完全依赖他人','0.00','0.00','0','1','2018-12-06 16:45:03','4'),('179a892ddfb048a9b175f4cb863804gs','fccacb725ebc4a19966c62aea0f004gs','B','否','0.00','0.00','0','8f97c50bda3041218d0628ec1005d183','2018-12-06 16:45:03','4'),('17ee257deac4427baee936c0263104gs','610265392911426cb34e5edf165104gs','B','很少（有一点）','2.00','0.00','0','1','2018-12-06 16:45:03','4'),('181030cc30634af8a8c0c1f6caad04gs','82d76e98fdb74021aa23fe40d08304gs','D','绝大部分或全部时间','4.00','0.00','0','1','2018-12-06 16:45:03','4'),('1832abd08038422681778bacca7904gs','6f6ad2f022b64c14bedfd1fbbd7504gs','D','完全不能','3.00','0.00','0','1','2018-12-06 16:45:03','4'),('184db97423194e7b9b5aa90110c704gs','39a580b963384a6aa9af8b7364a604gs','A','没有（根本不）','1.00',NULL,'0','1','2018-12-06 16:45:03','4'),('18a29c572a29423b9e08b96f9d1a04gs','f81c49daf52f4c7ca0a6e8bad9e004gs','B','很少（有一点）','2.00','0.00','0','1','2018-12-06 16:45:03','4'),('196a6cff9b9943c88a13c68ea9e404gs','37b2e2bcea38426badbd6f4f2a5a04gs','D','经常（相当）','4.00',NULL,'0','1','2018-12-06 16:45:03','4'),('19f4b6bbae7843c9a0b861a6e5ac04gs','eddab9f0bf064783af58a45d02c004gs','A','没有或很少时间','4.00','0.00','0','1','2018-12-06 16:45:03','4'),('1a0e7e6ebd7449098efccca0f2c104gs','1d43ee1a11f845e8a680be4bc52e04gs','B','很少（有一点）','2.00','0.00','0','1','2018-12-06 16:45:03','4'),('1a6dfc43cc884e77a491dba5497904gs','7ed7d0423bcc4d0fa9eb969784dc04gs','C','有时（有些）','3.00',NULL,'0','1','2018-12-06 16:45:03','4'),('1ab4a3575e3348dd95d50bf55adc04gs','3fa6892ab65c43ebb64793f7da8404gs','A','一点也没有','0.00','0.00','0','1','2018-12-06 16:45:03','4'),('1ae23715c652451f9a4b90608fce04gs','7d07c31a38f84a08b61651a8ca2e04gs','A','没有（根本不）','1.00',NULL,'0','1','2018-12-06 16:45:03','4'),('1b15580f081c4a80bbe61ec8b7db04gs','f0398e49a2774c448683d0bc212f04gs','B','错误','0.00','0.00','0','8f97c50bda3041218d0628ec1005d183','2018-12-06 16:45:03','4'),('1b19e062c2174cfda473c4a7c15604gs','1199d7df48d148ea881adc7c098904gs','B','在轻声说话或说话距离超过2米时听不清','1.00','0.00','0','1','2018-12-06 16:45:03','4'),('1b2073a912614e5093f32f3f542d04gs','fff30f9e6866492b8ae52bdb399004gs','D','经常（相当）','4.00',NULL,'0','1','2018-12-06 16:45:03','4'),('1b247262befd47eeb0196470f5e404gs','605c0766c285437397564c4fb59004gs','C','有时（有些）','3.00',NULL,'0','1','2018-12-06 16:45:03','4'),('1bc1b0e4d74b4db8a4b47656d8f504gs','98b216a69dd447cf9642662a2e8b04gs','E','没有视力，眼睛不能跟随物体移动','4.00','0.00','0','1','2018-12-06 16:45:03','4'),('1bdd23db99314129bd12c894d57b04gs','aeac372030d74b5c91e4adaefa1504gs','A','没有（根本不）','1.00','0.00','0','1','2018-12-06 16:45:03','4'),('1bfcfa2f031f464c83e58471c45f04gs','dd392cedd4c04f548b3953f11efc04gs','C','有时（有些）','3.00',NULL,'0','1','2018-12-06 16:45:03','4'),('1c089b83a16a48ab90b1c4057efb04gs','320fb9499f4f4ee9a3b6365e671c04gs','D','绝大部分或全部时间','1.00','0.00','0','1','2018-12-06 16:45:03','4'),('1c8508e683e44943850dca9db79f04gs','1b3465554c5043ad89e7465f1c8c04gs','C','有时（有些）','3.00','0.00','0','1','2018-12-06 16:45:03','4'),('1c86e5ca09ec480e84e93bf5f10404gs','82d76e98fdb74021aa23fe40d08304gs','B','小部分时间','2.00','0.00','0','1','2018-12-06 16:45:03','4'),('1c8ed167ab98493fbca7ccecbce304gs','7635966216f34cbcbe7c497fe8f304gs','B','错误','0.00','0.00','0','8f97c50bda3041218d0628ec1005d183','2018-12-06 16:45:03','4'),('1c9b72ed19ab4ca089ab1f6a132e04gs','e7dce53386f044899183a9c3791f04gs','D','时间观念很差，年、月、日不清楚，可知上午或下午；只能在左邻右舍间串门，对现住地不知名称和方位','3.00','0.00','0','1','2018-12-06 16:45:03','4'),('1d30c3731486481abe19b138ade604gs','35eb6cced3cd48a19f9a53e8712704gs','E','总是（非常）','5.00','0.00','0','1','2018-12-06 16:45:03','4'),('1d4a3126c9214c169f04f777e1d904gs','f8e8b11a7d9c4271be4e513385c804gs','D','经常（相当）','4.00',NULL,'0','1','2018-12-06 16:45:03','4'),('1da965db91654bb8b1cc8c56f87404gs','a4f3dc7a706946f185b9b9e8707e04gs','C','相当多时间','3.00','0.00','0','1','2018-12-06 16:45:03','4'),('1e76f14b7516460dbea70556765a04gs','9d535b77140a46f5a49c8f76457004gs','C','有时（有些）','3.00',NULL,'0','1','2018-12-06 16:45:03','4'),('1fbef194a3004224a032a932794c04gs','b1a739493aa24f578f998273603c04gs','C','个人生活能自理；只有在他人帮助下才能做些家务，但质量不好','2.00','0.00','0','1','2018-12-06 16:45:03','4'),('1fcb026a865f49949bcd02403f0604gs','c13aebebc4a74cbda0ae484ad4d304gs','C','有时（有些）','3.00','0.00','0','1','2018-12-06 16:45:03','4'),('2078e14af6834f70a897554288bb04gs','335883499d4e4cc0bd665620d56004gs','B','小部分时间','3.00','0.00','0','1','2018-12-06 16:45:03','4'),('20af5585bc4447fcab484592a04404gs','c40e350732ac41b687b50e08890f04gs','E','总是（非常）','5.00','0.00','0','1','2018-12-06 16:45:03','4'),('20f4855d39074ec3af581bc3168a04gs','19fa88f583c443dd8c6a6fe88f1904gs','B','是','0.00','0.00','0','8f97c50bda3041218d0628ec1005d183','2018-12-06 16:45:03','4'),('2194407e31384a35af7cea0df32304gs','ced939adbc3b4701b34dcf4de95304gs','C','相当多时间','3.00','0.00','0','1','2018-12-06 16:45:03','4'),('219c0ac55169491c822c6347059904gs','a9d102219cf1499194d73cc3722704gs','B','很少（有一点）','2.00',NULL,'0','1','2018-12-06 16:45:03','4'),('22622e41ab2e40b8a93665e4d78604gs','f89ab2d0861f43f29ac2ffd16f4d04gs','C','需极大帮助或完全依赖他人','0.00','0.00','1','1','2018-12-06 16:45:03','4'),('22c6c597eebe46fa83f96b4d714404gs','cb3656b0d4f94ae78e25f7a0eb9a04gs','A','存在问题：需要协助才能移动病人；移动病人时皮肤与床单表面没有完全托起会发生摩擦力；病人坐床上或椅子时经常出现向下滑动；肌肉痉挛，收缩或躁动不安时会产生持续存在的摩擦力。','1.00','0.00','0','8f97c50bda3041218d0628ec1005d183','2018-12-06 16:45:03','4'),('23c1066752d04ed2871de0b2fbe204gs','80190f9b36d84f2c8789fa1887c204gs','B','没有以前那么多','1.00','0.00','0','1','2018-12-06 16:45:03','4'),('245c954ba980496097668b67b33d04gs','010620955c034039b7009838024d04gs','C','有时（有些）','3.00',NULL,'0','1','2018-12-06 16:45:03','4'),('24914925430f42e585965448f4a504gs','eddab9f0bf064783af58a45d02c004gs','C','相当多时间','2.00','0.00','0','1','2018-12-06 16:45:03','4'),('249d7c70a73647efb2577cd687fa04gs','ec13b2ec36be4a918c43a6c46a9904gs','D','经常（相当）','4.00',NULL,'0','1','2018-12-06 16:45:03','4'),('24ab4e2d8793417dbcaff2dc2a4b04gs','495b705a632e4688bd2dc2f0041104gs','D','绝大部分或全部时间','4.00','0.00','0','1','2018-12-06 16:45:03','4'),('252ec53c88854b018816f38d902604gs','f97ffc7864644864b0274b041d5404gs','D','经常步行：在白天清醒时室外步行每日至少2次，室内步行至少每2小时一次。','4.00','0.00','0','8f97c50bda3041218d0628ec1005d183','2018-12-06 16:45:03','4'),('253494b376114c579d1d691faaf104gs','bd986a1b11b14b26abbe0a42700504gs','A','正确','1.00','0.00','0','8f97c50bda3041218d0628ec1005d183','2018-12-06 16:45:03','4'),('2598ef76eda64b61a4d92154d82104gs','cd4911d05d0e4e60947a4fd55a0104gs','A','没有（根本不）','1.00','0.00','0','1','2018-12-06 16:45:03','4'),('25bb84b567b24c3ca2fb35f9a78004gs','58b8ac893fa1474f8892f5f8ed5504gs','B','答对4个','4.00','0.00','0','8f97c50bda3041218d0628ec1005d183','2018-12-06 16:45:03','4'),('263b2d5aaefe44139af60b0e34ea04gs','f8e8b11a7d9c4271be4e513385c804gs','E','总是（非常）','5.00',NULL,'0','1','2018-12-06 16:45:03','4'),('263bd16a3d924d71a08ab6f815fa04gs','b736cb920db04704992f6bf1294d04gs','C','相当多时间','3.00','0.00','0','1','2018-12-06 16:45:03','4'),('264cb94bcdaf489a8cf495ae488e04gs','a4f3dc7a706946f185b9b9e8707e04gs','B','小部分时间','2.00','0.00','0','1','2018-12-06 16:45:03','4'),('2672a5a8a20e4be98be8e555fc5704gs','2200c37a9227496f9a9ee962f7f404gs','C','相当多时间','2.00','0.00','0','1','2018-12-06 16:45:03','4'),('26cf7a5a92c240f5a73bf6fc03ca04gs','29e643a4dae14cd9ba2662ed989f04gs','B','错误','0.00','0.00','0','8f97c50bda3041218d0628ec1005d183','2018-12-06 16:45:03','4'),('26d054afe0274baf974403eb5a7804gs','7ed7d0423bcc4d0fa9eb969784dc04gs','D','经常（相当）','4.00',NULL,'0','1','2018-12-06 16:45:03','4'),('27063f7c3eaf411faa5b50ce6a4e04gs','a8d6cc7a85c2477fb3b2d8c9469604gs','E','总是（非常）','5.00',NULL,'0','1','2018-12-06 16:45:03','4'),('270bf26512f343ab82f71d53782a04gs','8986b0f75a7c45b9a7c0ef14f52704gs','D','大多数时候我都不能应付','3.00','0.00','0','1','2018-12-06 16:45:03','4'),('2730dcd71430483690d074f9006a04gs','77453f88069649dba67d7939726204gs','A','没有（根本不）','1.00','0.00','0','1','2018-12-06 16:45:03','4'),('27a48d665941480a98797208f97a04gs','d8dd1bc3366b457aa19503937e6604gs','D','绝大部分或全部时间','1.00','0.00','0','1','2018-12-06 16:45:03','4'),('27ac53ab24b94322a689aa22ee0b04gs','40dda81527e94baabc920ffc92e904gs','C','有时（有些）','3.00','0.00','0','1','2018-12-06 16:45:03','4'),('27bc06c59c264a87817d0a3088e704gs','abac467eac0140b79d32400ae8a104gs','C','相当多时间','3.00','0.00','0','1','2018-12-06 16:45:03','4'),('27f2d363b3604026893aaa7a11be04gs','b0e4d040e04848919ac03f819ba504gs','B','需部分帮助（因肢体残疾、平衡能力差、过度衰弱、视力等问题，在一定程度上需他人地搀扶或使用拐杖、助行器等辅助用具）','10.00','0.00','0','1','2018-12-06 16:45:03','4'),('281c83ce22a342138b6d8512d0ec04gs','a13a34496d134a86b6c8478f5ed604gs','A','没有或很少时间','1.00','0.00','0','1','2018-12-06 16:45:03','4'),('282734976da74d919e238e279a4e04gs','1dfe6978cd4c445c9f4ba3f7371604gs','E','总是（非常）','1.00',NULL,'0','1','2018-12-06 16:45:03','4'),('288013cd1afe45cea4a07510a99904gs','bfddc51c0fa34e489bfcdf64719204gs','A','没有或很少时间','1.00','0.00','0','1','2018-12-06 16:45:03','4'),('291f702e451549ac935c81e3543304gs','1822828f700944d5955ae763e23804gs','D','BMI≥ 28','3.00','0.00','0','8f97c50bda3041218d0628ec1005d183','2018-12-06 16:45:03','4'),('29a6b4410c5c4e2bb6a6fe11968104gs','9f64327dfecd4b0a8382cf8ea03b04gs','D','经常（相当）','4.00','0.00','0','1','2018-12-06 16:45:03','4'),('29e00027bb7b456b96af396f811204gs','f0965e6cea6f49578dc3d7f1883f04gs','B','小部分时间','3.00','0.00','0','1','2018-12-06 16:45:03','4'),('29f735932ea74bedb3112f6c632904gs','d272808010d14cc4a25fdbfa730204gs','D','经常（相当）','4.00','0.00','0','1','2018-12-06 16:45:03','4'),('2a16f8b3c1034aec8487bb70511f04gs','1726d25001d8415b83ddd5d255a204gs','A','正确','1.00','0.00','0','8f97c50bda3041218d0628ec1005d183','2018-12-06 16:45:03','4'),('2a5308a946bc4f47a132ce8961b104gs','4e5d5c86507d47e5970b6db5166e04gs','C','有时（有些）','3.00','0.00','0','1','2018-12-06 16:45:03','4'),('2ac23502abd440d992b9b8f826ca04gs','a13a34496d134a86b6c8478f5ed604gs','C','相当多时间','3.00','0.00','0','1','2018-12-06 16:45:03','4'),('2ac9dc3a13814feebc9339807e1404gs','abac467eac0140b79d32400ae8a104gs','A','没有或很少时间','1.00','0.00','0','1','2018-12-06 16:45:03','4'),('2aea3372c7a24e8db2d43430ac0b04gs','e41e32810af84fff8c850ec8fa2a04gs','C','有时（有些）','3.00',NULL,'0','1','2018-12-06 16:45:03','4'),('2b4c01b3210a42d387bfdbfd0d2b04gs','0cbcdc514db24288a956a506973604gs','C','做对1步','1.00','0.00','0','8f97c50bda3041218d0628ec1005d183','2018-12-06 16:45:03','4'),('2b8aa27c6f3543e794b28b3bc67f04gs','61e3c59bfcdb4b4f9310fa40757e04gs','B','错误','0.00','0.00','0','8f97c50bda3041218d0628ec1005d183','2018-12-06 16:45:03','4'),('2c0e23a07b0647fa8e71d2b20b9504gs','e79ccd7c537a4d899f5c6389cac704gs','E','总是（非常）','5.00',NULL,'0','1','2018-12-06 16:45:03','4'),('2c68827fdf7e49c5921cf4cbb71b04gs','d283d122505e45c9b92c0f51e1e804gs','A','没有或很少时间','1.00','0.00','0','1','2018-12-06 16:45:03','4'),('2c6c05c8bd7b426d908b041de6f204gs','35eb6cced3cd48a19f9a53e8712704gs','D','经常（相当）','4.00','0.00','0','1','2018-12-06 16:45:03','4'),('2c9207aec06e4d2f89d5d3b31d9704gs','bdee993f5513428f8c045572c1b604gs','E','总是（非常）','1.00',NULL,'0','1','2018-12-06 16:45:03','4'),('2c9bd53199af4dff83eb4955332e04gs','b31760162b3b4d51a52c817b538704gs','C','相当时候这样','2.00','0.00','0','1','2018-12-06 16:45:03','4'),('2ca2456088584c1d88ecdd8f79e104gs','fff30f9e6866492b8ae52bdb399004gs','A','没有（根本不）','1.00',NULL,'0','1','2018-12-06 16:45:03','4'),('2ca9cb878efe42d5901dbe82861504gs','77868624eb144f3eac03d1804be104gs','E','总是（非常）','1.00',NULL,'0','1','2018-12-06 16:45:03','4'),('2ca9d371df9345c7a475156a3bf704gs','9d535b77140a46f5a49c8f76457004gs','E','总是（非常）','1.00',NULL,'0','1','2018-12-06 16:45:03','4'),('2cc3465f6dc94b3c9effba4329e804gs','6046ef464a644e0dbdcb2c94bf3c04gs','B','错误','0.00','0.00','0','8f97c50bda3041218d0628ec1005d183','2018-12-06 16:45:03','4'),('2ccd78d7ecad4b889e138e71f30504gs','77868624eb144f3eac03d1804be104gs','A','没有（根本不）','5.00',NULL,'0','1','2018-12-06 16:45:03','4'),('2cdcad9c0b314f08a077263a20d304gs','6f6ad2f022b64c14bedfd1fbbd7504gs','C','肯定比以前少','2.00','0.00','0','1','2018-12-06 16:45:03','4'),('2ceeb338ca1d4b1f9bdc651f2fa604gs','c13aebebc4a74cbda0ae484ad4d304gs','E','总是（非常）','5.00','0.00','0','1','2018-12-06 16:45:03','4'),('2d01d798d6ef4bdd99698daff8c104gs','e59d92c34efa4b48bb0d2a7016ae04gs','A','没有（根本不）','1.00',NULL,'0','1','2018-12-06 16:45:03','4'),('2d5d88d155074527aff8b61775c304gs','393a2cb867c744d98a9fed0aa60804gs','A','没有（根本不）','1.00','0.00','0','1','2018-12-06 16:45:03','4'),('2da6022d010c45b4bcb072719a8904gs','5d4fe497b44949e7bd8ef146380904gs','B','2餐','1.00','0.00','0','8f97c50bda3041218d0628ec1005d183','2018-12-06 16:45:03','4'),('2dd2b3145c8346fab300ad11367b04gs','30ac1cd7e3384882b70aca72333a04gs','A','没有（根本不）','1.00',NULL,'0','1','2018-12-06 16:45:03','4'),('2dfc0afe3bcc4202bfd9897e90de04gs','f5b4536a46ea49e8bda2880fceac04gs','C','相当多时间','3.00','0.00','0','1','2018-12-06 16:45:03','4'),('2e6ced577f4e4262beb7ba5c9e1204gs','0cbcdc514db24288a956a506973604gs','A','全部正确','3.00','0.00','0','8f97c50bda3041218d0628ec1005d183','2018-12-06 16:45:03','4'),('2ec43e841f174f458079b23056ae04gs','7ed7d0423bcc4d0fa9eb969784dc04gs','E','总是（非常）','5.00',NULL,'0','1','2018-12-06 16:45:03','4'),('2f018b06fc2f497fa9543380935804gs','605c0766c285437397564c4fb59004gs','D','经常（相当）','2.00',NULL,'0','1','2018-12-06 16:45:03','4'),('2f7e3714465f4a6792a7f9fb95d104gs','31f14613f6d542078ae9c56073bd04gs','A','没有或很少时间','1.00','0.00','0','1','2018-12-06 16:45:03','4'),('2f897db2957d4e4f96f9b930fb8a04gs','2220624189314c84b6a18d64dcf904gs','A','正确','1.00','0.00','0','8f97c50bda3041218d0628ec1005d183','2018-12-06 16:45:03','4'),('3066e37a2bca46178b57adc7985b04gs','2200c37a9227496f9a9ee962f7f404gs','A','没有或很少时间','4.00','0.00','0','1','2018-12-06 16:45:03','4'),('30787f1941e04d65807cf856e1dc04gs','7d07c31a38f84a08b61651a8ca2e04gs','D','经常（相当）','4.00',NULL,'0','1','2018-12-06 16:45:03','4'),('3100404d11f5433aab714fb8081e04gs','d283d122505e45c9b92c0f51e1e804gs','D','绝大部分或全部时间','4.00','0.00','0','1','2018-12-06 16:45:03','4'),('313f67947786493295505a96a95a04gs','bcf89ac2224749cbafa78bbd47e304gs','B','需部分帮助（需他人搀扶，或使用拐杖、助行器等辅助用具）','10.00','0.00','0','1','2018-12-06 16:45:03','4'),('317da33e16a247488290226ff70a04gs','dd392cedd4c04f548b3953f11efc04gs','A','没有（根本不）','1.00',NULL,'0','1','2018-12-06 16:45:03','4'),('31dc72a15cfe404c8af293214d4404gs','e7b301fe9ac4471f840060f2720704gs','D','经常（相当）','4.00','0.00','0','1','2018-12-06 16:45:03','4'),('328b37e540a942a4b30af01332aa04gs','1822828f700944d5955ae763e23804gs','A','BMI<18.5','0.00','0.00','0','8f97c50bda3041218d0628ec1005d183','2018-12-06 16:45:03','4'),('32efbe5d036942d0a6f76d8ee9fd04gs','4196cbc8f2864b2fa361a01c760604gs','C','相当多时间','3.00','0.00','0','1','2018-12-06 16:45:03','4'),('32f4f932252f4b8790219b91d70004gs','010620955c034039b7009838024d04gs','A','没有（根本不）','5.00',NULL,'0','1','2018-12-06 16:45:03','4'),('3323f50864054496ba15fbf7cc0d04gs','bdee993f5513428f8c045572c1b604gs','A','没有（根本不）','5.00',NULL,'0','1','2018-12-06 16:45:03','4'),('33441c77b9454323bc1428e9732604gs','993a0e9f4b4143948d53d3a8e26104gs','C','失调及不平衡','20.00','0.00','0','8f97c50bda3041218d0628ec1005d183','2018-12-06 16:45:03','4'),('33c9b3a9f9d240cf8591e159b27004gs','fb2e5415660149919cd7e29693e604gs','C','表达需要或理解有困难，需频繁重复或简化口头表达','2.00','0.00','0','1','2018-12-06 16:45:03','4'),('34c645ca35db4b1ea9ab665f097f04gs','e1dc50abb515483ab26c2c69588604gs','A','可独立进食（在合理的时间内独立进食准备好的食物）','10.00','0.00','0','1','2018-12-06 16:45:03','4'),('34cca1cbae4d4177810e52557ccc04gs','86ae5a8a9a4c41e4a002e5f8d9f304gs','D','绝大部分或全部时间','4.00','0.00','0','1','2018-12-06 16:45:03','4'),('34e8d6164f844c78887e15ad912e04gs','6700444929804fcba6ebfcd1640704gs','C','有时（有些）','3.00',NULL,'0','1','2018-12-06 16:45:03','4'),('3520dbf3ce7244ea92562450190004gs','79851ff510fa46bb82fe90ae670904gs','A','不好','0.00','0.00','0','8f97c50bda3041218d0628ec1005d183','2018-12-06 16:45:03','4'),('353b1e71a5804fb69f161836353304gs','2220624189314c84b6a18d64dcf904gs','B','错误','0.00','0.00','0','8f97c50bda3041218d0628ec1005d183','2018-12-06 16:45:03','4'),('3562a8efd53e43ad8681c213b3e704gs','3c87dc83879242aeb48fef46e25504gs','D','经常（相当）','4.00','0.00','0','1','2018-12-06 16:45:03','4'),('362171d21fa84440bf2848bee0b704gs','7148fc84133f4a82ab081ab917de04gs','C','昏睡，一般的外界刺激不能使其觉醒，给予较强烈的刺激时可有短时的意识清醒，醒后可简短回答提问，当刺激减弱后又很快进入睡眠状态','2.00','0.00','0','1','2018-12-06 16:45:03','4'),('36449bf7cf6a463e8e2c63910efe04gs','6700444929804fcba6ebfcd1640704gs','D','经常（相当）','4.00',NULL,'0','1','2018-12-06 16:45:03','4'),('366fd674bfd84854bc012e2a303604gs','341ff80e8aed4cad90e38512759104gs','C','相当多时间','2.00','0.00','0','1','2018-12-06 16:45:03','4'),('36a26098b8c94864983087fa35ab04gs','ad30f1814d5f468aa3cdf58c04a804gs','C','有时（有些）','3.00','0.00','0','1','2018-12-06 16:45:03','4'),('37441b0a68264cdfa1b3401a7a7d04gs','493f865f10024cb28ee1b94d394e04gs','B','每月有几次身体攻击行为，或每周有几次语言攻击行为','1.00','0.00','0','1','2018-12-06 16:45:03','4'),('377bf08be9d142c69e5ff960cb4f04gs','d87c0eedb7bb4ac8b0d7de36f6d604gs','E','总是（非常）','5.00','0.00','0','1','2018-12-06 16:45:03','4'),('3894cba640244779aa31af91d6c104gs','91c49cfb4c16420ab785edbe384c04gs','B','需部分帮助（需他人搀扶去厕所、需他人帮忙冲水或整理衣裤等）','5.00','0.00','0','1','2018-12-06 16:45:03','4'),('38bafce923c848529782b17388c104gs','9f64327dfecd4b0a8382cf8ea03b04gs','E','总是（非常）','5.00','0.00','0','1','2018-12-06 16:45:03','4'),('390cec5ca300423a9c31c8bb3d2304gs','91019e240535419dac58d4a800f904gs','B','能不依赖床或椅子,但不能外出','1.00','0.00','0','8f97c50bda3041218d0628ec1005d183','2018-12-06 16:45:03','4'),('396d5f4a2606486eaad5740f158b04gs','29e643a4dae14cd9ba2662ed989f04gs','A','正确','1.00','0.00','0','8f97c50bda3041218d0628ec1005d183','2018-12-06 16:45:03','4'),('3a456f6ebc1e4a1682e07d4d3f6c04gs','4196cbc8f2864b2fa361a01c760604gs','B','小部分时间','2.00','0.00','0','1','2018-12-06 16:45:03','4'),('3a613f1d20a848d48dfa92adf86704gs','e0b15633836b446d9e8d9e032ecd04gs','B','需部分帮助（需他人搀扶，或扶着楼梯、使用拐杖等）','5.00','0.00','0','1','2018-12-06 16:45:03','4'),('3a9f54f83fbe4e80a6d22708720704gs','30ac1cd7e3384882b70aca72333a04gs','C','有时（有些）','3.00',NULL,'0','1','2018-12-06 16:45:03','4'),('3aeeca12656f48b785faa6011f8e04gs','8012d838e9084e80865fb9a0e8c604gs','C','无问题','2.00','0.00','0','8f97c50bda3041218d0628ec1005d183','2018-12-06 16:45:03','4'),('3b015d8640b942dd83fb4d3767fc04gs','17d7ae09cdef4eb9b7eb19f3600c04gs','E','总是（非常）','5.00',NULL,'0','1','2018-12-06 16:45:03','4'),('3b9950f6f97248e4a6c0a93a67b804gs','f0965e6cea6f49578dc3d7f1883f04gs','A','没有或很少时间','4.00','0.00','0','1','2018-12-06 16:45:03','4'),('3bbd9be3c9f548b1b50300d59e6e04gs','4428d660ab84426dba4b4d1e872104gs','C','有时（有些）','3.00','0.00','0','1','2018-12-06 16:45:03','4'),('3bd91fbd19484447bc08a64f187004gs','e4a074feacd84a77a48a257e8fa604gs','B','在洗澡过程中需他人帮助','0.00','0.00','0','1','2018-12-06 16:45:03','4'),('3beca6c39d2c4400a1de4299409b04gs','b91ea3d729ad407db285929d0bc204gs','B','很少（有一点）','2.00','0.00','0','1','2018-12-06 16:45:03','4'),('3bfb253501cd4cc792f92f4ba18d04gs','4e5d5c86507d47e5970b6db5166e04gs','E','总是（非常）','5.00','0.00','0','1','2018-12-06 16:45:03','4'),('3c12397f5b15478ebdf79d0d9b7504gs','63827b0f30ed444ab4ea9b28d00c04gs','A','全部记住','3.00','0.00','0','8f97c50bda3041218d0628ec1005d183','2018-12-06 16:45:03','4'),('3d568924a8ab432a8fa27b0a979a04gs','16d13b2772154616852218732c7e04gs','C','完全失控','0.00','0.00','0','1','2018-12-06 16:45:03','4'),('3d651d63cdd241d39fa97d5ddebd04gs','a4f3dc7a706946f185b9b9e8707e04gs','D','绝大部分或全部时间','4.00','0.00','0','1','2018-12-06 16:45:03','4'),('3d6b1aa26d204259b406df50c13304gs','9f64327dfecd4b0a8382cf8ea03b04gs','B','很少（有一点）','2.00','0.00','0','1','2018-12-06 16:45:03','4'),('3d7746744e7347d2b317629899ea04gs','77453f88069649dba67d7939726204gs','C','有时（有些）','3.00','0.00','0','1','2018-12-06 16:45:03','4'),('3e05f2d8fb704cd98083fdff5d9c04gs','baaac0762f464964a89a3ea943a304gs','D','经常（相当）','4.00','0.00','0','1','2018-12-06 16:45:03','4'),('3e3423107f1d4bcb947a5728c83104gs','39a580b963384a6aa9af8b7364a604gs','B','很少（有一点）','2.00',NULL,'0','1','2018-12-06 16:45:03','4'),('3f7aa82e842c48748bb8650ccc7104gs','f8e8b11a7d9c4271be4e513385c804gs','A','没有（根本不）','1.00',NULL,'0','1','2018-12-06 16:45:03','4'),('3fafc182bbbd4b1b814875dbf6ca04gs','dd392cedd4c04f548b3953f11efc04gs','D','经常（相当）','4.00',NULL,'0','1','2018-12-06 16:45:03','4'),('40304a0976f9458aa3cd1f8afafd04gs','493f865f10024cb28ee1b94d394e04gs','A','无身体攻击行为（如打/踢/推/咬/抓/摔东西）和语言攻击行为（如骂人、语言威胁、尖叫）','0.00','0.00','0','1','2018-12-06 16:45:03','4'),('40471739a7eb47d0878a11b8d1a704gs','d58e8142ad014966a4e98b5b4b1d04gs','D','绝大部分或全部时间','4.00','0.00','0','1','2018-12-06 16:45:03','4'),('40dce76be427495aa2ff5b69c2cf04gs','58b8ac893fa1474f8892f5f8ed5504gs','D','答对2个','2.00','0.00','0','8f97c50bda3041218d0628ec1005d183','2018-12-06 16:45:03','4'),('4192c17a811c48d4a5280e80a31b04gs','4ca4fc664c114bf9a562ef67e64204gs','C','有时（有些）','3.00','0.00','0','1','2018-12-06 16:45:03','4'),('41cd4a26b67b40999e09dc227eee04gs','fa45d561bc544f25ba60be45d54c04gs','A','没有或很少时间','1.00','0.00','0','1','2018-12-06 16:45:03','4'),('4287f448d51643bea47cf5845efa04gs','cd4911d05d0e4e60947a4fd55a0104gs','D','经常（相当）','4.00','0.00','0','1','2018-12-06 16:45:03','4'),('42cde8ddd4754c438a6b339df2b904gs','4d04fb4100954fe48250a50c3df004gs','B','偶尔失控（每天<1次，但每周>1次），或需要他人提示','5.00','0.00','1','1','2018-12-06 16:45:03','4'),('42ea9a9d6985465ca1b59297150804gs','1c23cfbded22436198ad1ee0e29f04gs','E','总是（非常）','5.00','0.00','0','1','2018-12-06 16:45:03','4'),('4373ccfd9729426a89cb0387d52e04gs','46ae97b06c6f4f799642ba94abf804gs','C','相当多时间','3.00','0.00','0','1','2018-12-06 16:45:03','4'),('438702adfd02424eaafa6f7ad3c804gs','32f5f829796a469e8e15771d26f604gs','D','经常（相当）','4.00','0.00','0','1','2018-12-06 16:45:03','4'),('43b03a2f2556429f8e3e5a3c521b04gs','7148fc84133f4a82ab081ab917de04gs','B','嗜睡，表现为睡眠状态过度延长。当呼唤或推动其肢体时可唤醒，并能进行正确的交谈或执行指令，停止刺激后又继续入睡','1.00','0.00','0','1','2018-12-06 16:45:03','4'),('43d6072dbae84b36939f2573fd0604gs','13f5230ce9664573a5dadc10852504gs','A','没有或很少时间','4.00','0.00','0','1','2018-12-06 16:45:03','4'),('440afef3ddbb411a80059662f3a104gs','d272808010d14cc4a25fdbfa730204gs','C','有时（有些）','3.00','0.00','0','1','2018-12-06 16:45:03','4'),('4431830cd36e431ca83b5fba9dfd04gs','584e4e5346fc41d8a9e4a7c48a5304gs','D','经常（相当）','4.00','0.00','0','1','2018-12-06 16:45:03','4'),('4434ec5b2ccf4c8dad6e3335666f04gs','7aa0afdf212e49cab4c14365569504gs','A','持续潮湿：每次移动或翻动病人时几乎总是看到皮肤被分泌物、尿液等浸湿。','1.00','0.00','0','8f97c50bda3041218d0628ec1005d183','2018-12-06 16:45:03','4'),('443b00ee4662406685440d3e77b204gs','e79ccd7c537a4d899f5c6389cac704gs','B','很少（有一点）','2.00',NULL,'0','1','2018-12-06 16:45:03','4'),('4446d3b90bb94addaff23e63c32f04gs','a94f7e7c0bc14a19b6faf68c25fb04gs','A','没有','0.00','0.00','0','8f97c50bda3041218d0628ec1005d183','2018-12-06 16:45:03','4'),('4449591022164bdc8918d5bb0c9c04gs','f6ac3d4d7b6f4b1a97063078770004gs','C','需极大帮助或完全依赖他人','0.00','0.00','0','1','2018-12-06 16:45:03','4'),('4457bb0326ef4458bb4b3297429b04gs','f81c49daf52f4c7ca0a6e8bad9e004gs','A','没有（根本不）','1.00','0.00','0','1','2018-12-06 16:45:03','4'),('447137d7c2ad44338af4b716964f04gs','74e3d67c0efe450faa67194d360e04gs','D','相当多时候这样','3.00','0.00','0','1','2018-12-06 16:45:03','4'),('4471963209144dfa8482fc58be9e04gs','4d04fb4100954fe48250a50c3df004gs','A','可控制小便','10.00','0.00','1','1','2018-12-06 16:45:03','4'),('451d2d312ac0422f82849a28e2cb04gs','32f5f829796a469e8e15771d26f604gs','A','没有（根本不）','1.00','0.00','0','1','2018-12-06 16:45:03','4'),('459de5d849b04170b5e72a7ce23c04gs','aeac372030d74b5c91e4adaefa1504gs','C','有时（有些）','3.00','0.00','0','1','2018-12-06 16:45:03','4'),('45e9dca1478949f7a5faed16283904gs','a8e635d27b144960b02cc571a7dc04gs','A','完全需他人帮助','0.00','0.00','0','8f97c50bda3041218d0628ec1005d183','2018-12-06 16:45:03','4'),('465879ffd30f4a34b769e1c4a21204gs','4196cbc8f2864b2fa361a01c760604gs','D','绝大部分或全部时间','4.00','0.00','0','1','2018-12-06 16:45:03','4'),('4709217efe664cb5b0a4005938f304gs','d87c0eedb7bb4ac8b0d7de36f6d604gs','B','很少（有一点）','2.00','0.00','0','1','2018-12-06 16:45:03','4'),('478e2fc3f2c5437a9776e477959d04gs','fb2e5415660149919cd7e29693e604gs','A','无困难，能与他人正常沟通和交流','0.00','0.00','0','1','2018-12-06 16:45:03','4'),('47c67cc3232f44689fa9f9575eb304gs','7331f5113eba4685a3f6d625872404gs','A','可独立完成','10.00','0.00','0','1','2018-12-06 16:45:03','4'),('4882b93d924946878945d66c738f04gs','80190f9b36d84f2c8789fa1887c204gs','A','同以前一样','0.00','0.00','0','1','2018-12-06 16:45:03','4'),('48882c3bb8a54fc7b9c48dca91b504gs','ff87000d32a54669962ba8d896df04gs','C','有时（有些）','3.00','0.00','0','1','2018-12-06 16:45:03','4'),('48d1319a23984f6e91c0c0dd72db04gs','b91ea3d729ad407db285929d0bc204gs','A','没有（根本不）','1.00','0.00','0','1','2018-12-06 16:45:03','4'),('491bc71c620e4ebba67723fc741c04gs','3b900e054fa0427e9ea90075af3b04gs','E','总是（非常）','5.00',NULL,'0','1','2018-12-06 16:45:03','4'),('493de8e7bad84eab8f9e21a9f74204gs','60e3099f58954025bcf804f40db504gs','D','完全依赖他人','0.00','0.00','0','1','2018-12-06 16:45:03','4'),('49430da9bf3b4195bf701e9d347c04gs','cf0fa73ab6e2408ba64a5402779a04gs','B','小部分时间','2.00','0.00','0','1','2018-12-06 16:45:03','4'),('498430d83e6d4ab592f009cb30b404gs','5954e5be60444fa8946b078eae9004gs','E','难以与人接触','4.00','0.00','0','1','2018-12-06 16:45:03','4'),('4990c8a13f5f47e3b9a5dbe2b7af04gs','baaac0762f464964a89a3ea943a304gs','B','很少（有一点）','2.00','0.00','0','1','2018-12-06 16:45:03','4'),('49b57ec7f3c44f4285138b592d9504gs','1dfe6978cd4c445c9f4ba3f7371604gs','B','很少（有一点）','4.00',NULL,'0','1','2018-12-06 16:45:03','4'),('49c3419c27864c019130ebef87af04gs','c40e350732ac41b687b50e08890f04gs','B','很少（有一点）','2.00','0.00','0','1','2018-12-06 16:45:03','4'),('4aa46baf24cf4c5dade3da7d508f04gs','9eec202029744ff98b1b0b37c66004gs','D','绝大部分或全部时间','1.00','0.00','0','1','2018-12-06 16:45:03','4'),('4b861cb9e1294dcca05b331eac1d04gs','73a65482f5494b9a89e8d2881b9904gs','B','小部分时间','2.00','0.00','0','1','2018-12-06 16:45:03','4'),('4c005f005e1e4869a4977ee0825b04gs','1d502ad9d0b54be5801bca518a6f04gs','B','画钟错误（画的圆不闭锁，或指针位置不准确），或只回忆出0-1个词','1.00','0.00','0','1','2018-12-06 16:45:03','4'),('4c4564e47d594dddb8f57f00f7c104gs','66f9ec943be14c33a34d34f25d1d04gs','C','相当多时间','2.00','0.00','0','1','2018-12-06 16:45:03','4'),('4d9b76a05e684ed4b2d55e1780b104gs','5954e5be60444fa8946b078eae9004gs','B','能适应单纯环境，主动接触人，初见面时难让人发现智力问题，不能理解隐喻语','1.00','0.00','0','1','2018-12-06 16:45:03','4'),('4dc7236368ec406c9f6087ab112804gs','e9cb96a557244a9b9d85ced1a0c104gs','A','正确','1.00','0.00','0','8f97c50bda3041218d0628ec1005d183','2018-12-06 16:45:03','4'),('4dc88e465b034bab86b8cb1c0c0904gs','4d04fb4100954fe48250a50c3df004gs','A','可控制小便','10.00','0.00','1','1','2018-12-06 16:45:03','4'),('4e06e321370644e390a7fd973d1604gs','1199d7df48d148ea881adc7c098904gs','A','可正常交谈，能听到电视、电话、门铃的声音','0.00','0.00','0','1','2018-12-06 16:45:03','4'),('4e3f0bb653fe408086a5d046417004gs','cd7b9cd76263443199654bd8255d04gs','C','有时候这样','2.00','0.00','0','1','2018-12-06 16:45:03','4'),('4e4b24cc7d2b4a289860a76c709004gs','58b8ac893fa1474f8892f5f8ed5504gs','A','全部答对','5.00','0.00','0','8f97c50bda3041218d0628ec1005d183','2018-12-06 16:45:03','4'),('4ea5470565e54149babd27aec88604gs','368680b39466454f8fee0d79b26904gs','C','有时（有些）','3.00','0.00','0','1','2018-12-06 16:45:03','4'),('4efbe9b2e3ec4d6d8287e0329bd804gs','ad30f1814d5f468aa3cdf58c04a804gs','B','很少（有一点）','2.00','0.00','0','1','2018-12-06 16:45:03','4'),('4fc1df5915c04beb8c4d108013fd04gs','1c23cfbded22436198ad1ee0e29f04gs','A','没有（根本不）','1.00','0.00','0','1','2018-12-06 16:45:03','4'),('500d4d652f98458f80a9f59b3dc704gs','3f00160bb1244b5babb8b73d121804gs','B','小部分时间','3.00','0.00','0','1','2018-12-06 16:45:03','4'),('50707518b7a34a4bb9a8751c03a804gs','d8dd1bc3366b457aa19503937e6604gs','A','没有或很少时间','4.00','0.00','0','1','2018-12-06 16:45:03','4'),('50a258c742b042f99a5d03f6ce0304gs','9ee9c6cee8974750ba8cd5b5eb7e04gs','D','经常（相当）','4.00',NULL,'0','1','2018-12-06 16:45:03','4'),('50e08fa0a35f49678d45a1f9998d04gs','dd392cedd4c04f548b3953f11efc04gs','E','总是（非常）','5.00',NULL,'0','1','2018-12-06 16:45:03','4'),('50ff374d9ded44f1a2713cba051e04gs','40dda81527e94baabc920ffc92e904gs','A','没有（根本不）','1.00','0.00','0','1','2018-12-06 16:45:03','4'),('51061bc3a3cc47afb3f73fe4eddb04gs','b468eff4401a44149b7d73822d1204gs','A','大于 3kg','0.00','0.00','0','8f97c50bda3041218d0628ec1005d183','2018-12-06 16:45:03','4'),('51096d555f8d4400b90e9be7826604gs','7a80d340fe0640b1a758046df9c704gs','C','有时（有些）','3.00','0.00','0','1','2018-12-06 16:45:03','4'),('51d8dabbc30a40a8bcc8940b541604gs','9746016ffd1a4b46aee8c0d3c37e04gs','C','扶家具行走','30.00','0.00','0','8f97c50bda3041218d0628ec1005d183','2018-12-06 16:45:03','4'),('52add700002a42efbac7408c90cc04gs','b0e4d040e04848919ac03f819ba504gs','A','可独立在平地上行走45m','15.00','0.00','0','1','2018-12-06 16:45:03','4'),('52dde8439ee542fc95563cbf9c8604gs','5146b5fc528c4c7f8497910a83d604gs','D','绝大部分或全部时间','1.00','0.00','0','1','2018-12-06 16:45:03','4'),('531fe3b57ffd4d41bf25b664db4704gs','91c49cfb4c16420ab785edbe384c04gs','A','可独立完成','10.00','0.00','0','1','2018-12-06 16:45:03','4'),('53614aff99bf44e691c1ef88d79c04gs','e830f595d28b4498bfcce6203b4f04gs','A','没有（根本不）','1.00',NULL,'0','1','2018-12-06 16:45:03','4'),('536eb4962b714986995ed1eb7b0f04gs','b0e4d040e04848919ac03f819ba504gs','C','需极大帮助（因肢体残疾、平衡能力差、过度衰弱、视力等问题，在较大程度上依赖他人搀扶，或坐在轮椅上自行移动）','5.00','0.00','0','1','2018-12-06 16:45:03','4'),('53ce55e977784255aaade680e91704gs','e830f595d28b4498bfcce6203b4f04gs','B','很少（有一点）','2.00',NULL,'0','1','2018-12-06 16:45:03','4'),('540c44c73bb64751bef9de27e6b504gs','bfddc51c0fa34e489bfcdf64719204gs','D','绝大部分或全部时间','4.00','0.00','0','1','2018-12-06 16:45:03','4'),('542e3dc321e6425383eb0a0383e504gs','cdc393c942314a64b00efe0fe44004gs','E','总是（非常）','5.00',NULL,'0','1','2018-12-06 16:45:03','4'),('545c1b3d55534f1a83abeaf4c62f04gs','d87c0eedb7bb4ac8b0d7de36f6d604gs','C','有时（有些）','3.00','0.00','0','1','2018-12-06 16:45:03','4'),('547c7e53921d410fb81e5b2a2aa304gs','d58e8142ad014966a4e98b5b4b1d04gs','A','没有或很少时间','1.00','0.00','0','1','2018-12-06 16:45:03','4'),('5499ad4d0e2e4cd1835ddfee1ac704gs','cd7b9cd76263443199654bd8255d04gs','A','一点也没有','0.00','0.00','0','1','2018-12-06 16:45:03','4'),('54a7bb788f6b4696bcbbad570fef04gs','d87c0eedb7bb4ac8b0d7de36f6d604gs','D','经常（相当）','4.00','0.00','0','1','2018-12-06 16:45:03','4'),('551dc12d530e484aa527b40d290204gs','5146b5fc528c4c7f8497910a83d604gs','C','相当多时间','2.00','0.00','0','1','2018-12-06 16:45:03','4'),('55592a6939464ad9a0315c889cb504gs','c40e350732ac41b687b50e08890f04gs','C','有时（有些）','3.00','0.00','0','1','2018-12-06 16:45:03','4'),('55a655ce74c541ee87f6cef3b70004gs','28c8fa2e873a4d6787307c38d82004gs','A','正确','1.00','0.00','0','8f97c50bda3041218d0628ec1005d183','2018-12-06 16:45:03','4'),('562811daeffb46dda579680d28d004gs','7096e213e1804f94a64a1c8f9d1504gs','C','有时（有些）','3.00','0.00','0','1','2018-12-06 16:45:03','4'),('56630c81b20b46a7a031da0d8e9b04gs','722819c5cca8426b8df27e9bfed604gs','A','没有（根本不）','1.00',NULL,'0','1','2018-12-06 16:45:03','4'),('56b48790fe4a4deb9ebcaba3cd1104gs','ec13b2ec36be4a918c43a6c46a9904gs','E','总是（非常）','5.00',NULL,'0','1','2018-12-06 16:45:03','4'),('56bd98f6e0094fe2abb7020e6c9c04gs','77453f88069649dba67d7939726204gs','E','总是（非常）','5.00','0.00','0','1','2018-12-06 16:45:03','4'),('57f274f89a45414a8a13ded9b7e004gs','5954e5be60444fa8946b078eae9004gs','A','参与社会，在社会环境有一定的适应能力，待人接物恰当','0.00','0.00','0','1','2018-12-06 16:45:03','4'),('59759294d2e046c0bb567f5276d704gs','605c0766c285437397564c4fb59004gs','E','总是（非常）','1.00',NULL,'0','1','2018-12-06 16:45:03','4'),('5999f464e6e543869347b4e360ac04gs','393a2cb867c744d98a9fed0aa60804gs','E','总是（非常）','5.00','0.00','0','1','2018-12-06 16:45:03','4'),('5a7a1443e1434234908f16d77d3804gs','e830f595d28b4498bfcce6203b4f04gs','C','有时（有些）','3.00',NULL,'0','1','2018-12-06 16:45:03','4'),('5aac5773c7f44c9eba78730d0f2704gs','ec13b2ec36be4a918c43a6c46a9904gs','A','没有（根本不）','1.00',NULL,'0','1','2018-12-06 16:45:03','4'),('5ad04a263d614179a6e7fba6556e04gs','0dfeeb35a41f467299e615da5a5c04gs','B','有','15.00','0.00','0','8f97c50bda3041218d0628ec1005d183','2018-12-06 16:45:03','4'),('5ade381cf7104260ae3c480c86c504gs','7096e213e1804f94a64a1c8f9d1504gs','B','很少（有一点）','2.00','0.00','0','1','2018-12-06 16:45:03','4'),('5ae48595d41a4f21a0f3f8c84aa404gs','1199d7df48d148ea881adc7c098904gs','E','完全听不见','4.00','0.00','0','1','2018-12-06 16:45:03','4'),('5b1b4ccd83d649cf94176854fd7c04gs','fc723587deac4ce981e7e2239c9d04gs','B','小部分时间','2.00','0.00','0','1','2018-12-06 16:45:03','4'),('5b2ca598c1bc486d805353a0bca604gs','a3236a85113c42619ce7d02134aa04gs','A','没有或很少时间','1.00','0.00','0','1','2018-12-06 16:45:03','4'),('5b43d78904ba46d0b44f3d28955104gs','4428d660ab84426dba4b4d1e872104gs','A','没有（根本不）','1.00','0.00','0','1','2018-12-06 16:45:03','4'),('5b5042deef6d4923b95ad2a0ef7c04gs','a7d9e3677e0744aab3237afb583e04gs','B','很少（有一点）','2.00','0.00','0','1','2018-12-06 16:45:03','4'),('5b832d1172e24242a2143a08d84104gs','6700444929804fcba6ebfcd1640704gs','E','总是（非常）','5.00',NULL,'0','1','2018-12-06 16:45:03','4'),('5bb296b19b5d475c985ca51854ed04gs','d7ea52b992ae454dac4e774d411e04gs','C','只能称呼家中人，或只能照样称呼，不知其关系，不辨辈分','2.00','0.00','0','1','2018-12-06 16:45:03','4'),('5c6c1836d7454afb82fc13b6672d04gs','1d43ee1a11f845e8a680be4bc52e04gs','C','有时（有些）','3.00','0.00','0','1','2018-12-06 16:45:03','4'),('5cba9b766d2141828b0e222c144b04gs','80f5eebae85540cead5d5c4537ce04gs','C','相当多时间','3.00','0.00','0','1','2018-12-06 16:45:03','4'),('5e0f830bcbc94124be0e3c8b762f04gs','16d13b2772154616852218732c7e04gs','B','偶尔失控','5.00','0.00','0','1','2018-12-06 16:45:03','4'),('5eb96099b083440a8a090f68fe2904gs','4d04fb4100954fe48250a50c3df004gs','C','完全失控，或留置导尿管','0.00','0.00','1','1','2018-12-06 16:45:03','4'),('5ec31b844b074265af182dcab54f04gs','63827b0f30ed444ab4ea9b28d00c04gs','C','记住1个','1.00','0.00','0','8f97c50bda3041218d0628ec1005d183','2018-12-06 16:45:03','4'),('5ec8c280c1754551b1143522fe5804gs','e0986f4a73da496bbac47c1731d904gs','A','是','1.00','0.00','0','8f97c50bda3041218d0628ec1005d183','2018-12-06 16:45:03','4'),('5f593e60554a412489581c981d1304gs','80f5eebae85540cead5d5c4537ce04gs','A','没有或很少时间','1.00','0.00','0','1','2018-12-06 16:45:03','4'),('5f9d4f7107344ac1851b54d7f5d904gs','1d43ee1a11f845e8a680be4bc52e04gs','A','没有（根本不）','1.00','0.00','0','1','2018-12-06 16:45:03','4'),('5fa8a7fd4bf7450e83d2424aeb9604gs','010620955c034039b7009838024d04gs','E','总是（非常）','1.00',NULL,'0','1','2018-12-06 16:45:03','4'),('602ea24ba5f3420085cf86b1bdba04gs','a7d9e3677e0744aab3237afb583e04gs','C','有时（有些）','3.00','0.00','0','1','2018-12-06 16:45:03','4'),('60436039cb894204ba0690e916e904gs','00385976e9764f3282f013857b6204gs','A','没有或很少时间','1.00','0.00','0','1','2018-12-06 16:45:03','4'),('60a5ac6eae714e40874d66c5ae5604gs','7148fc84133f4a82ab081ab917de04gs','A','神志清醒，对周围环境警觉','0.00','0.00','0','1','2018-12-06 16:45:03','4'),('60fc38a86a7f44f8abd2f30192c304gs','0dfeeb35a41f467299e615da5a5c04gs','A','没有','0.00','0.00','0','8f97c50bda3041218d0628ec1005d183','2018-12-06 16:45:03','4'),('61553f70fb024286a098cc7c0fcd04gs','cb3656b0d4f94ae78e25f7a0eb9a04gs','B','潜在问题：很费力地移动病人会增加摩擦；在移动病人期间，皮肤可能有某种程度上的滑动去抵抗床单、椅子、约束带或其他装置所产生的阻力；在床上或椅子上大部分时间能保持良好的体位，但偶尔有向下滑动。','2.00','0.00','0','8f97c50bda3041218d0628ec1005d183','2018-12-06 16:45:03','4'),('618c501cbd08402190f9477868d804gs','0635b50a17144393bb9549e79a7604gs','E','总是（非常）','5.00','0.00','0','1','2018-12-06 16:45:03','4'),('61ba3c840a214c3ab6fcdc4a5dac04gs','a9d102219cf1499194d73cc3722704gs','C','有时（有些）','3.00',NULL,'0','1','2018-12-06 16:45:03','4'),('61e76aca38e444729ebfb21ce7b304gs','9db5bb979bb449229de6d7100eda04gs','A','没有（根本不）','1.00','0.00','0','1','2018-12-06 16:45:03','4'),('627e1e1d40fe464b9319c532824c04gs','61e3c59bfcdb4b4f9310fa40757e04gs','A','正确','1.00','0.00','0','8f97c50bda3041218d0628ec1005d183','2018-12-06 16:45:03','4'),('62837548678441328a4f5e813c2604gs','b3757922dd1042a78e60da40ce0704gs','E','总是（非常）','5.00','0.00','0','1','2018-12-06 16:45:03','4'),('62a93f474b8c4a94ae8ee34f515704gs','ff87000d32a54669962ba8d896df04gs','A','没有（根本不）','1.00','0.00','0','1','2018-12-06 16:45:03','4'),('62af435bfcf040e9848dc89bdc0604gs','610265392911426cb34e5edf165104gs','C','有时（有些）','3.00','0.00','0','1','2018-12-06 16:45:03','4'),('62cd1d0ad5be44cbace58420aba704gs','0d947526f7444e5db8e6ebf127d304gs','A','MAC<21','0.00','0.00','0','8f97c50bda3041218d0628ec1005d183','2018-12-06 16:45:03','4'),('62e4af177ef347ed935da0063f5804gs','61f4560d03004f1ba47482fb851604gs','C','充足：大多数时间所吃食物＞1/2所供食物；每日所吃蛋白质共达4人份；偶尔少吃一餐，但常常会加餐；在鼻饲或TPN期间能满足大部分营养需求。','3.00','0.00','0','8f97c50bda3041218d0628ec1005d183','2018-12-06 16:45:03','4'),('62e8f8efcadc489fbb85a518a5d804gs','ad6f272014184d5e96a39c74195d04gs','A','可控制小便','10.00','0.00','0','1','2018-12-06 16:45:03','4'),('63d9760a761344f38ece0ef1a0f104gs','cf0fa73ab6e2408ba64a5402779a04gs','A','没有或很少时间','1.00','0.00','0','1','2018-12-06 16:45:03','4'),('63fa3a6fce784fd78a55901ad62104gs','3f00160bb1244b5babb8b73d121804gs','C','相当多时间','2.00','0.00','0','1','2018-12-06 16:45:03','4'),('64056c22f92a48d593c738b56b9804gs','e41e32810af84fff8c850ec8fa2a04gs','D','经常（相当）','4.00',NULL,'0','1','2018-12-06 16:45:03','4'),('642ed2f7c6584b63a7d5b75a834704gs','2b476cd2e83a4f31a54f2ad6ca2b04gs','B','错误','0.00','0.00','0','8f97c50bda3041218d0628ec1005d183','2018-12-06 16:45:03','4'),('646b4390b15444928206a590555b04gs','a9d102219cf1499194d73cc3722704gs','D','经常（相当）','4.00',NULL,'0','1','2018-12-06 16:45:03','4'),('656fa5046ef2474b91a86a17cc2304gs','bdee993f5513428f8c045572c1b604gs','D','经常（相当）','2.00',NULL,'0','1','2018-12-06 16:45:03','4'),('659e3b0831854792ae41c9b0835404gs','c79ead4be5a042c58541a85fa4b204gs','C','相当多时间','3.00','0.00','0','1','2018-12-06 16:45:03','4'),('65bc8ba3b23342508299fd75658b04gs','73a65482f5494b9a89e8d2881b9904gs','C','相当多时间','3.00','0.00','0','1','2018-12-06 16:45:03','4'),('66928fc5461f40adb3179fe6ba1304gs','e2bea884aaab4ef6a39c92e1092b04gs','D','无','0.00','0.00','0','1','2018-12-06 16:45:03','4'),('66a8bf0b9436487f8da50c04221c04gs','8986b0f75a7c45b9a7c0ef14f52704gs','B','大部分时候我都能像平时那样应付得好','1.00','0.00','0','1','2018-12-06 16:45:03','4'),('66ab9555073043c1aad13748169204gs','bdee993f5513428f8c045572c1b604gs','B','很少（有一点）','4.00',NULL,'0','1','2018-12-06 16:45:03','4'),('66b1ed284e0142a2b57e91f793ab04gs','bd64786995d84db5b612b2f83da704gs','B','否','0.00','0.00','0','8f97c50bda3041218d0628ec1005d183','2018-12-06 16:45:03','4'),('6756a42ba602400ca355d4b84b3604gs','82d76e98fdb74021aa23fe40d08304gs','A','没有或很少时间','1.00','0.00','0','1','2018-12-06 16:45:03','4'),('6759063247574a27a42cc788112f04gs','9db5bb979bb449229de6d7100eda04gs','D','经常（相当）','4.00','0.00','0','1','2018-12-06 16:45:03','4'),('679b4b23a3a34efc8445754f2f0c04gs','d325a4ab089a42358d04f267096b04gs','A','否','1.00','0.00','0','8f97c50bda3041218d0628ec1005d183','2018-12-06 16:45:03','4'),('67a099f48eb44f49a48c926fbb2a04gs','fb2e5415660149919cd7e29693e604gs','B','能够表达自己的需要及理解别人的话，但需要增加时间或给予帮助','1.00','0.00','0','1','2018-12-06 16:45:03','4'),('6805951dde3547cbae90f3f427a004gs','368680b39466454f8fee0d79b26904gs','E','总是（非常）','5.00','0.00','0','1','2018-12-06 16:45:03','4'),('684e3a96e64d4fd2a1ecbd1d935b04gs','4e5d5c86507d47e5970b6db5166e04gs','D','经常（相当）','4.00','0.00','0','1','2018-12-06 16:45:03','4'),('68f4453d89da4303b857a987b55004gs','aa3df02de951415d8952a3038feb04gs','B','食欲中度下降','1.00','0.00','0','8f97c50bda3041218d0628ec1005d183','2018-12-06 16:45:03','4'),('69efc45581c043f7992a6bf228b604gs','3c87dc83879242aeb48fef46e25504gs','A','没有（根本不）','1.00','0.00','0','1','2018-12-06 16:45:03','4'),('69f082ea020648d8a8564998e01b04gs','cb3656b0d4f94ae78e25f7a0eb9a04gs','C','不存在问题：在床上或椅子里能够独立移动；移动期间有足够的肌力完全抬举身体及肢体；在床上和椅子上都能保持良好的体位。','3.00','0.00','0','8f97c50bda3041218d0628ec1005d183','2018-12-06 16:45:03','4'),('6a4079fc0ed64d4eb0892cb139ce04gs','20bcd096bb9c45cd88e9ddf94ea704gs','D','绝大部分或全部时间','4.00','0.00','0','1','2018-12-06 16:45:03','4'),('6a5f2e2bc3564a8f8b28ba99a5fa04gs','fe64e20e0ea143069bbe94c9296004gs','A','正确','1.00','0.00','0','8f97c50bda3041218d0628ec1005d183','2018-12-06 16:45:03','4'),('6a84842c689a49109a3d4eabfb8904gs','e7b301fe9ac4471f840060f2720704gs','A','没有（根本不）','1.00','0.00','0','1','2018-12-06 16:45:03','4'),('6aa9a42248c2486fa3a6f8b98db004gs','393a2cb867c744d98a9fed0aa60804gs','B','很少（有一点）','2.00','0.00','0','1','2018-12-06 16:45:03','4'),('6ab836219e96484a91a822dd3ba004gs','462d9c321ab948baae1a63e2c1ad04gs','C','需极大帮助或完全依赖他人','0.00','0.00','0','1','2018-12-06 16:45:03','4'),('6ae09d5c6dd34f49affa0d796a0704gs','518bbd630efb4f059f48507f162604gs','A','没有或很少时间','4.00','0.00','0','1','2018-12-06 16:45:03','4'),('6b3be3eade37422dbaa50caa75d504gs','fa45d561bc544f25ba60be45d54c04gs','B','小部分时间','2.00','0.00','0','1','2018-12-06 16:45:03','4'),('6bf1d0511a9449a7a2bafca4dbd704gs','fff30f9e6866492b8ae52bdb399004gs','B','很少（有一点）','2.00',NULL,'0','1','2018-12-06 16:45:03','4'),('6c0e6d177c594b22970e07afa87204gs','ea14976d9b364598a0216b0a909a04gs','C','多于5杯','1.00','0.00','0','8f97c50bda3041218d0628ec1005d183','2018-12-06 16:45:03','4'),('6c1dbc94307c42feb44d3abb7b3904gs','ad30f1814d5f468aa3cdf58c04a804gs','E','总是（非常）','5.00','0.00','0','1','2018-12-06 16:45:03','4'),('6c44c7c26b1842a38cbe43a2064304gs','fc345872b3f74befb9e19a5152c004gs','D','相当多时候这样','3.00','0.00','0','1','2018-12-06 16:45:03','4'),('6c763d756b604f128ba4397279f604gs','ed39abfef8a54cc6bec0878ceac104gs','D','经常（相当）','4.00','0.00','0','1','2018-12-06 16:45:03','4'),('6c8ac8dbab104420ad779e3e2b8804gs','722819c5cca8426b8df27e9bfed604gs','D','经常（相当）','4.00',NULL,'0','1','2018-12-06 16:45:03','4'),('6cbd372813b74cb78e6ac0b5f38504gs','0d947526f7444e5db8e6ebf127d304gs','B','21≤ MAC<22','0.50','0.00','0','8f97c50bda3041218d0628ec1005d183','2018-12-06 16:45:03','4'),('6e8d7907512549daac641569ca9e04gs','eea2861dd119477687e208422a6404gs','A','没有（根本不）','1.00','0.00','0','1','2018-12-06 16:45:03','4'),('6e95f49ffc4a4b25a149dd491e9404gs','320fb9499f4f4ee9a3b6365e671c04gs','B','小部分时间','3.00','0.00','0','1','2018-12-06 16:45:03','4'),('6ef788992c7e4d0a82a29a2eb07704gs','7096e213e1804f94a64a1c8f9d1504gs','E','总是（非常）','5.00','0.00','0','1','2018-12-06 16:45:03','4'),('6f29d1ac6fa441d1929cc893245404gs','20bcd096bb9c45cd88e9ddf94ea704gs','B','小部分时间','2.00','0.00','0','1','2018-12-06 16:45:03','4'),('6f68046b34354abf940dc5bac42104gs','cd2e4fe9758043e1a8847fefdcb204gs','D','完全依赖他人','0.00','0.00','0','1','2018-12-06 16:45:03','4'),('6f85fe0529cd4ca2980ba8d3c98904gs','4d04fb4100954fe48250a50c3df004gs','A','可控制小便','10.00','0.00','1','1','2018-12-06 16:45:03','4'),('6fc9eb1e78d34a2f8674ffd996a004gs','73a65482f5494b9a89e8d2881b9904gs','A','没有或很少时间','1.00','0.00','0','1','2018-12-06 16:45:03','4'),('6fcfb979de144534a539c0cbcecf04gs','747cda60806145bfa4c1c18b355404gs','B','忘记自己限制/意识障碍/躁动不安/沟通障碍/睡眠障碍','15.00','0.00','0','8f97c50bda3041218d0628ec1005d183','2018-12-06 16:45:03','4'),('702c3ae800c34b0b9d738783cf7f04gs','b33e9960fc854546a05b3370231604gs','C','轻度受限：对指令性语言有反应，但不能总是用语言表达不舒适，或有1-2个肢体感受疼痛或不舒适的能力受损。','3.00','0.00','0','8f97c50bda3041218d0628ec1005d183','2018-12-06 16:45:03','4'),('704f7033c3f2402f8e2cc27a9e0604gs','3395580f00484c5ead6a20f82cc504gs','B','很少（有一点）','2.00','0.00','0','1','2018-12-06 16:45:03','4'),('70bdef234d3e40d2af938cf4a0fe04gs','86ae5a8a9a4c41e4a002e5f8d9f304gs','C','相当多时间','3.00','0.00','0','1','2018-12-06 16:45:03','4'),('70e1790fe03a476fa500f1d5f23504gs','c79ead4be5a042c58541a85fa4b204gs','D','绝大部分或全部时间','4.00','0.00','0','1','2018-12-06 16:45:03','4'),('7105811112c74c0bb809288c170804gs','8986b0f75a7c45b9a7c0ef14f52704gs','A','我一直像平时那样应付得好','0.00','0.00','0','1','2018-12-06 16:45:03','4'),('71070d26d4394e31bde65f2b5ec304gs','cd7b9cd76263443199654bd8255d04gs','B','不经常这样','1.00','0.00','0','1','2018-12-06 16:45:03','4'),('71306f50164b4f0c985a16470bb304gs','eddab9f0bf064783af58a45d02c004gs','B','小部分时间','3.00','0.00','0','1','2018-12-06 16:45:03','4'),('71ba868209874fd59a1e10e6907904gs','e59d92c34efa4b48bb0d2a7016ae04gs','C','有时（有些）','3.00',NULL,'0','1','2018-12-06 16:45:03','4'),('7260fbf9c9694d2f9b95446e248804gs','9eec202029744ff98b1b0b37c66004gs','C','相当多时间','2.00','0.00','0','1','2018-12-06 16:45:03','4'),('7291977a74824bd8a873fc03fe8a04gs','a9d102219cf1499194d73cc3722704gs','E','总是（非常）','5.00',NULL,'0','1','2018-12-06 16:45:03','4'),('73299bbf39b24583b5e07c15d69204gs','7d07c31a38f84a08b61651a8ca2e04gs','C','有时（有些）','3.00',NULL,'0','1','2018-12-06 16:45:03','4'),('7371e7b014404ea293f312fe360004gs','46ae97b06c6f4f799642ba94abf804gs','D','绝大部分或全部时间','4.00','0.00','0','1','2018-12-06 16:45:03','4'),('73ade04967b44d018df31d4067c504gs','7148fc84133f4a82ab081ab917de04gs','D','昏迷，处于浅昏迷时对疼痛刺激有回避和痛苦表情；处于深昏迷时对刺激无反应（若评定为昏迷，直接评定为重度失能，可不进行以下项目的评估）','3.00','0.00','0','1','2018-12-06 16:45:03','4'),('73ce9219dccc4d21aadb9518665104gs','993a0e9f4b4143948d53d3a8e26104gs','B','乏力/≥65岁/体位性低血压','10.00','0.00','0','8f97c50bda3041218d0628ec1005d183','2018-12-06 16:45:03','4'),('7412728cf9104507b8263172965304gs','368680b39466454f8fee0d79b26904gs','A','没有（根本不）','1.00','0.00','0','1','2018-12-06 16:45:03','4'),('751d0e032a9d46c1829c7f63cb9904gs','20bcd096bb9c45cd88e9ddf94ea704gs','C','相当多时间','3.00','0.00','0','1','2018-12-06 16:45:03','4'),('75553c29fca7432b9e1bd59dc95204gs','b15d59a4e6654679b9596d1329aa04gs','C','轻微受限：尽管只是轻微改变身体或四肢位置，但可经常移动且独立进行。','3.00','0.00','0','8f97c50bda3041218d0628ec1005d183','2018-12-06 16:45:03','4'),('755b2f32696c4ad29d47967b74fb04gs','c13aebebc4a74cbda0ae484ad4d304gs','D','经常（相当）','4.00','0.00','0','1','2018-12-06 16:45:03','4'),('756475f1776a46f59eeaf1cd4f1904gs','b5964c96773f4ed895cf9cf70e5b04gs','B','在洗澡过程中需他人帮助','0.00','0.00','0','1','2018-12-06 16:45:03','4'),('756bcb2e6ff44bedbbd63297030804gs','61f4560d03004f1ba47482fb851604gs','B','可能不足：罕见吃完一餐；一般仅吃所供食物的1/2；蛋白质摄入仅包括每日3人份肉类或日常量；偶尔吃加餐或接受较少量的流质软食或鼻饲饮食。','2.00','0.00','0','8f97c50bda3041218d0628ec1005d183','2018-12-06 16:45:03','4'),('75e307d67b6e40ed97aed48c5cb704gs','a13a34496d134a86b6c8478f5ed604gs','B','小部分时间','2.00','0.00','0','1','2018-12-06 16:45:03','4'),('75ed3640e35d4146b508811ecf5204gs','e174d8b71c7c4c02af6251ab6a9704gs','A','没有或很少时间','4.00','0.00','0','1','2018-12-06 16:45:03','4'),('76088a7b88d54876b8dfb8e5081304gs','3fa6892ab65c43ebb64793f7da8404gs','D','大部分时间这样','3.00','0.00','0','1','2018-12-06 16:45:03','4'),('76d4280e9481426b9a15ebbe474104gs','e41e32810af84fff8c850ec8fa2a04gs','B','很少（有一点）','2.00',NULL,'0','1','2018-12-06 16:45:03','4'),('76e22cddc00a4ab79c9ef73bf3df04gs','e2ecdb8eb09f40f4ac520559ffb804gs','C','有时（有些）','3.00',NULL,'0','1','2018-12-06 16:45:03','4'),('770f47e23a3248c0b664f19d69b504gs','37b2e2bcea38426badbd6f4f2a5a04gs','C','有时（有些）','3.00',NULL,'0','1','2018-12-06 16:45:03','4'),('7754508d72de41c68f73a0f7b66c04gs','e59d92c34efa4b48bb0d2a7016ae04gs','B','很少（有一点）','2.00',NULL,'0','1','2018-12-06 16:45:03','4'),('77771e9af09e451992f5a651df2c04gs','1d502ad9d0b54be5801bca518a6f04gs','A','画钟正确（画出一个闭锁圆，指针位置准确），且能回忆出2-3个词','0.00','0.00','0','1','2018-12-06 16:45:03','4'),('77bf216562574d74870b4149c43704gs','31f14613f6d542078ae9c56073bd04gs','D','绝大部分或全部时间','4.00','0.00','0','1','2018-12-06 16:45:03','4'),('7870737f9e704c9d845fe781c5a804gs','72766100e237432e900886ae2c4b04gs','B','不能确定','1.00','0.00','0','8f97c50bda3041218d0628ec1005d183','2018-12-06 16:45:03','4'),('7905f99d5506408eafd2e9bace8904gs','fe64e20e0ea143069bbe94c9296004gs','B','错误','0.00','0.00','0','8f97c50bda3041218d0628ec1005d183','2018-12-06 16:45:03','4'),('79c7a3e274354eb596e242662d0d04gs','b33e9960fc854546a05b3370231604gs','D','无损害：对指令性语言有反应，无感觉受损。','4.00','0.00','0','8f97c50bda3041218d0628ec1005d183','2018-12-06 16:45:03','4'),('79ef22651bc94aa59a24fcebacc204gs','b1a739493aa24f578f998273603c04gs','B','除个人生活自理外，能做家务，但欠好，家庭事务安排欠条理','1.00','0.00','0','1','2018-12-06 16:45:03','4'),('7a0f81412ff74ffeb592161c37dc04gs','d272808010d14cc4a25fdbfa730204gs','E','总是（非常）','5.00','0.00','0','1','2018-12-06 16:45:03','4'),('7a6555d57ecb4c4686ff88d90c8704gs','108d2d0efce74d15a0c0d7f251fd04gs','A','否','0.00','0.00','0','8f97c50bda3041218d0628ec1005d183','2018-12-06 16:45:03','4'),('7aeeea585a00425abb2c1bbd821f04gs','b91ea3d729ad407db285929d0bc204gs','D','经常（相当）','4.00','0.00','0','1','2018-12-06 16:45:03','4'),('7b068454916646f6a610993435bf04gs','ed39abfef8a54cc6bec0878ceac104gs','C','有时（有些）','3.00','0.00','0','1','2018-12-06 16:45:03','4'),('7b0e90e7fbff4089844d0ae8093e04gs','bcf89ac2224749cbafa78bbd47e304gs','D','完全依赖他人','0.00','0.00','0','1','2018-12-06 16:45:03','4'),('7b19337f3e9642a0888a0fe9030304gs','518bbd630efb4f059f48507f162604gs','B','小部分时间','3.00','0.00','0','1','2018-12-06 16:45:03','4'),('7b3a050a856f422984ea80fc0a8704gs','63827b0f30ed444ab4ea9b28d00c04gs','D','全部错误','0.00','0.00','0','8f97c50bda3041218d0628ec1005d183','2018-12-06 16:45:03','4'),('7b45fc64035546bf8dd086d5495004gs','cd2e4fe9758043e1a8847fefdcb204gs','B','需部分帮助（需他人搀扶或使用拐杖）','10.00','0.00','0','1','2018-12-06 16:45:03','4'),('7b6a7759a8154705a9ec827bdaa404gs','91019e240535419dac58d4a800f904gs','A','需卧床或长期坐着','0.00','0.00','0','8f97c50bda3041218d0628ec1005d183','2018-12-06 16:45:03','4'),('7b761cf01143438d84f43c096e7104gs','74e3d67c0efe450faa67194d360e04gs','A','一点也没有','0.00','0.00','0','1','2018-12-06 16:45:03','4'),('7bee53a2a6f145d98a37c4a94fdb04gs','ab0f5c9bc37e43b6b05808715a9104gs','D','经常这样','3.00','0.00','0','1','2018-12-06 16:45:03','4'),('7c44da74e250461c9d5b890d17d104gs','e174d8b71c7c4c02af6251ab6a9704gs','B','小部分时间','3.00','0.00','0','1','2018-12-06 16:45:03','4'),('7cbacd73d45b48bda6590e641bb504gs','cf0fa73ab6e2408ba64a5402779a04gs','D','绝大部分或全部时间','4.00','0.00','0','1','2018-12-06 16:45:03','4'),('7cdb81e598d84258a62e4e55825004gs','4d04fb4100954fe48250a50c3df004gs','B','偶尔失控（每天<1次，但每周>1次），或需要他人提示','5.00','0.00','1','1','2018-12-06 16:45:03','4'),('7d568e7dba044997bbf0b2989a9d04gs','584e4e5346fc41d8a9e4a7c48a5304gs','A','没有（根本不）','1.00','0.00','0','1','2018-12-06 16:45:03','4'),('7d5fbd29f5184f1bbba3b9b2fbdf04gs','e174d8b71c7c4c02af6251ab6a9704gs','C','相当多时间','2.00','0.00','0','1','2018-12-06 16:45:03','4'),('7d7db667d2634f92a98a304e820704gs','5bf1cf326bb44a61a6c4bc2fc60e04gs','C','相当多时间','3.00','0.00','0','1','2018-12-06 16:45:03','4'),('7db76989f27a42f1b4041d69046704gs','3395580f00484c5ead6a20f82cc504gs','C','有时（有些）','3.00','0.00','0','1','2018-12-06 16:45:03','4'),('7e0d7496e9684be7aeeb52b98e8104gs','60e3099f58954025bcf804f40db504gs','A','可独立完成','15.00','0.00','0','1','2018-12-06 16:45:03','4'),('7e17b38a2fb84b428e81ac30fdf704gs','9003aa95072f47babee1a0bc73a904gs','B','原来熟练的脑力工作或体力技巧性工作能力有所下降','1.00','0.00','0','1','2018-12-06 16:45:03','4'),('7e67b39fd861405eadb41a9820cc04gs','722819c5cca8426b8df27e9bfed604gs','C','有时（有些）','3.00',NULL,'0','1','2018-12-06 16:45:03','4'),('7e824c5ca26e411d9b14812603b804gs','e2ecdb8eb09f40f4ac520559ffb804gs','E','总是（非常）','5.00',NULL,'0','1','2018-12-06 16:45:03','4'),('7ed829117fe0406dbe5fc9be0fd404gs','aa3df02de951415d8952a3038feb04gs','A','食欲严重降低','0.00','0.00','0','8f97c50bda3041218d0628ec1005d183','2018-12-06 16:45:03','4'),('7f881156a64f4d80b798398714f704gs','7d07c31a38f84a08b61651a8ca2e04gs','E','总是（非常）','5.00',NULL,'0','1','2018-12-06 16:45:03','4'),('80f60f7ed3914bd7b022b8f3b0ef04gs','e79ccd7c537a4d899f5c6389cac704gs','D','经常（相当）','4.00',NULL,'0','1','2018-12-06 16:45:03','4'),('815e76e03b1f4cf19430ad561ce004gs','f89ab2d0861f43f29ac2ffd16f4d04gs','A','可独立完成','10.00','0.00','0','1','2018-12-06 16:45:03','4'),('816025b0832f47a287509496ad6804gs','610265392911426cb34e5edf165104gs','D','经常（相当）','4.00','0.00','0','1','2018-12-06 16:45:03','4'),('823d293a0edc492abb2e9d65d0eb04gs','74e3d67c0efe450faa67194d360e04gs','C','有时候这样','2.00','0.00','0','1','2018-12-06 16:45:03','4'),('8264fe730a114421b06d2d886b4304gs','3395580f00484c5ead6a20f82cc504gs','E','总是（非常）','5.00','0.00','0','1','2018-12-06 16:45:03','4'),('827518c0927c481eb94bc1c045c404gs','1dfe6978cd4c445c9f4ba3f7371604gs','A','没有（根本不）','5.00',NULL,'0','1','2018-12-06 16:45:03','4'),('82aca5bca19f4962b795ec92921004gs','dd392cedd4c04f548b3953f11efc04gs','B','很少（有一点）','2.00',NULL,'0','1','2018-12-06 16:45:03','4'),('82c8220bdc1b42a5b833fcceaa0404gs','80f5eebae85540cead5d5c4537ce04gs','B','小部分时间','2.00','0.00','0','1','2018-12-06 16:45:03','4'),('8321b159f954401b924ad53ee3ce04gs','b1a739493aa24f578f998273603c04gs','D','个人基本生活事务能自理（如饮食、二便），在督促下可洗漱','3.00','0.00','0','1','2018-12-06 16:45:03','4'),('84f3a3bf07744a44a524b44c31ab04gs','e41e32810af84fff8c850ec8fa2a04gs','A','没有（根本不）','1.00',NULL,'0','1','2018-12-06 16:45:03','4'),('84f5378316244230a223bed16ff804gs','341ff80e8aed4cad90e38512759104gs','D','绝大部分或全部时间','1.00','0.00','0','1','2018-12-06 16:45:03','4'),('850b641604964a7d903ccb7ca03a04gs','58b8ac893fa1474f8892f5f8ed5504gs','C','答对3个','3.00','0.00','0','8f97c50bda3041218d0628ec1005d183','2018-12-06 16:45:03','4'),('850db012d091443c83f008aadacb04gs','335883499d4e4cc0bd665620d56004gs','A','没有或很少时间','4.00','0.00','0','1','2018-12-06 16:45:03','4'),('8511f6cd4cd745b0a61edb3ca75a04gs','605c0766c285437397564c4fb59004gs','B','很少（有一点）','4.00',NULL,'0','1','2018-12-06 16:45:03','4'),('8514d4e53172447a84bd2758986f04gs','335883499d4e4cc0bd665620d56004gs','C','相当多时间','2.00','0.00','0','1','2018-12-06 16:45:03','4'),('854939399be64b43b394bf3bd23b04gs','77868624eb144f3eac03d1804be104gs','C','有时（有些）','3.00',NULL,'0','1','2018-12-06 16:45:03','4'),('854bfa96803646e88c1d73efe7f304gs','3c87dc83879242aeb48fef46e25504gs','E','总是（非常）','5.00','0.00','0','1','2018-12-06 16:45:03','4'),('85c1d762147c426aacefa29a77a504gs','b31760162b3b4d51a52c817b538704gs','A','一点也没有','0.00','0.00','0','1','2018-12-06 16:45:03','4'),('85ccbbdfc68c49999d4b7873d0de04gs','4e5d5c86507d47e5970b6db5166e04gs','A','没有（根本不）','1.00','0.00','0','1','2018-12-06 16:45:03','4'),('85f918ed13fd4e23ad805160529c04gs','77868624eb144f3eac03d1804be104gs','B','很少（有一点）','4.00',NULL,'0','1','2018-12-06 16:45:03','4'),('869e9dcf264b4adc81296c16547604gs','9ee9c6cee8974750ba8cd5b5eb7e04gs','E','总是（非常）','5.00',NULL,'0','1','2018-12-06 16:45:03','4'),('87337c5b8bd748b5a59406f42ef704gs','fff30f9e6866492b8ae52bdb399004gs','C','有时（有些）','3.00',NULL,'0','1','2018-12-06 16:45:03','4'),('87ec130a2de84984b5a2688b3d9904gs','1dfe6978cd4c445c9f4ba3f7371604gs','D','经常（相当）','2.00',NULL,'0','1','2018-12-06 16:45:03','4'),('8893ce8c8ce74760afd6b59e4c0704gs','f81c49daf52f4c7ca0a6e8bad9e004gs','E','总是（非常）','5.00','0.00','0','1','2018-12-06 16:45:03','4'),('8969ca7117924b50864b460a944d04gs','a8e635d27b144960b02cc571a7dc04gs','B','可自行进食但稍有困难','1.00','0.00','0','8f97c50bda3041218d0628ec1005d183','2018-12-06 16:45:03','4'),('8aa08b6e59f1436ab2ed2e31b44c04gs','13f5230ce9664573a5dadc10852504gs','D','绝大部分或全部时间','1.00','0.00','0','1','2018-12-06 16:45:03','4'),('8aea4e86f1f74ffabeec85b98abe04gs','39a580b963384a6aa9af8b7364a604gs','E','总是（非常）','5.00',NULL,'0','1','2018-12-06 16:45:03','4'),('8b673a7e5163431696c39e4b247304gs','4d04fb4100954fe48250a50c3df004gs','B','偶尔失控（每天<1次，但每周>1次），或需要他人提示','5.00','0.00','1','1','2018-12-06 16:45:03','4'),('8b79797944384e65b55e77ca942e04gs','d58e8142ad014966a4e98b5b4b1d04gs','C','相当多时间','3.00','0.00','0','1','2018-12-06 16:45:03','4'),('8bea47be3c2644d5aa70da94ff2304gs','77453f88069649dba67d7939726204gs','D','经常（相当）','4.00','0.00','0','1','2018-12-06 16:45:03','4'),('8c6929d374ba48feb9cf9a84a2b004gs','baaac0762f464964a89a3ea943a304gs','A','没有（根本不）','1.00','0.00','0','1','2018-12-06 16:45:03','4'),('8cbdef2fa75544b98babb133c22704gs','c13aebebc4a74cbda0ae484ad4d304gs','B','很少（有一点）','2.00','0.00','0','1','2018-12-06 16:45:03','4'),('8d3cdd5f9c434a0e9d76d1b9910404gs','b0e4d040e04848919ac03f819ba504gs','D','完全依赖他人','0.00','0.00','0','1','2018-12-06 16:45:03','4'),('8da7876af9ae4e5aaba205413f0104gs','1199d7df48d148ea881adc7c098904gs','D','讲话者大声说话或说话很慢，才能部分听见','3.00','0.00','0','1','2018-12-06 16:45:03','4'),('8dadaecc380d48728b7c3cf9727404gs','320fb9499f4f4ee9a3b6365e671c04gs','A','没有或很少时间','4.00','0.00','0','1','2018-12-06 16:45:03','4'),('8df91d13583e42cbada496bbda9704gs','13f5230ce9664573a5dadc10852504gs','B','小部分时间','3.00','0.00','0','1','2018-12-06 16:45:03','4'),('8dfa2737a9bb4f298442c340c97f04gs','73a65482f5494b9a89e8d2881b9904gs','D','绝大部分或全部时间','4.00','0.00','0','1','2018-12-06 16:45:03','4'),('8e289063d3c144009747ebc42cb604gs','401348bfd4f44343adf11927985504gs','A','正确','1.00','0.00','0','8f97c50bda3041218d0628ec1005d183','2018-12-06 16:45:03','4'),('8e36fb3df068474e975aa41d3cd204gs','e1dc50abb515483ab26c2c69588604gs','C','需极大帮助或完全依赖他人，或有留置营养管','0.00','0.00','0','1','2018-12-06 16:45:03','4'),('8e6d80e3244044418ca2d4c2a48604gs','4d04fb4100954fe48250a50c3df004gs','A','可控制小便','10.00','0.00','0','1','2018-12-06 16:45:03','4'),('8eaac8343af546cd9987b42bbd0c04gs','1726d25001d8415b83ddd5d255a204gs','B','错误','0.00','0.00','0','8f97c50bda3041218d0628ec1005d183','2018-12-06 16:45:03','4'),('8efd059de76042898f5ec206cfc704gs','b38594aff8f944f5ba2a5655530704gs','C','回忆出1个','1.00','0.00','0','8f97c50bda3041218d0628ec1005d183','2018-12-06 16:45:03','4'),('8f551250e0504b98bf586fb9c3b404gs','58b8ac893fa1474f8892f5f8ed5504gs','E','答对1个','1.00','0.00','0','8f97c50bda3041218d0628ec1005d183','2018-12-06 16:45:03','4'),('8fbf006db81b4588b9c4aa6e7d5504gs','b1a739493aa24f578f998273603c04gs','E','个人基本生活事务（如饮食、二便）需要部分帮助或完全依赖他人帮助','4.00','0.00','0','1','2018-12-06 16:45:03','4'),('9024fb2b4b8a4f76951d210181b004gs','98b216a69dd447cf9642662a2e8b04gs','A','能看清书报上的标准字体','0.00','0.00','0','1','2018-12-06 16:45:03','4'),('90594e8d88f14dcfa88e7788cdba04gs','30ac1cd7e3384882b70aca72333a04gs','B','很少（有一点）','2.00',NULL,'0','1','2018-12-06 16:45:03','4'),('90634b4867724e6fb665b3fade2b04gs','74e3d67c0efe450faa67194d360e04gs','B','不经常这样','1.00','0.00','0','1','2018-12-06 16:45:03','4'),('908532fcaa7d4b3faac2692d406304gs','a8d6cc7a85c2477fb3b2d8c9469604gs','C','有时（有些）','3.00',NULL,'0','1','2018-12-06 16:45:03','4'),('908c6d072ba74773b05400e63cbc04gs','66f9ec943be14c33a34d34f25d1d04gs','A','没有或很少时间','4.00','0.00','0','1','2018-12-06 16:45:03','4'),('90f6e9d12dcf49c0874a8f4f8b6b04gs','e944526996fc47b0a2edfe230a9c04gs','B','有','25.00','0.00','0','8f97c50bda3041218d0628ec1005d183','2018-12-06 16:45:03','4'),('91e0cebf68e9409cb2a56f9341e404gs','b91ea3d729ad407db285929d0bc204gs','C','有时（有些）','3.00','0.00','0','1','2018-12-06 16:45:03','4'),('920cb505857248a988d614aa56ec04gs','518bbd630efb4f059f48507f162604gs','D','绝大部分或全部时间','1.00','0.00','0','1','2018-12-06 16:45:03','4'),('922ede6a748749f382349590773504gs','7a80d340fe0640b1a758046df9c704gs','A','没有（根本不）','1.00','0.00','0','1','2018-12-06 16:45:03','4'),('92a7b20262fe47c9aece1db6526604gs','e2ecdb8eb09f40f4ac520559ffb804gs','B','很少（有一点）','2.00',NULL,'0','1','2018-12-06 16:45:03','4'),('92d65a48ae344f9d947fff4c006504gs','4d04fb4100954fe48250a50c3df004gs','C','完全失控，或留置导尿管','0.00','0.00','0','1','2018-12-06 16:45:03','4'),('9347f6ed39294efd823aa8ecb13704gs','35eb6cced3cd48a19f9a53e8712704gs','A',' 没有（根本不）','1.00','0.00','0','1','2018-12-06 16:45:03','4'),('93673258f34941c3b2167db764c904gs','b15d59a4e6654679b9596d1329aa04gs','D','不受限：可独立进行主要的体位改变，且经常随意改变。','4.00','0.00','0','8f97c50bda3041218d0628ec1005d183','2018-12-06 16:45:03','4'),('94a4e7e8b6044eb8a30999a82bb204gs','a3236a85113c42619ce7d02134aa04gs','C','相当多时间','3.00','0.00','0','1','2018-12-06 16:45:03','4'),('950146edfa754fe79eb1cff73ada04gs','584e4e5346fc41d8a9e4a7c48a5304gs','C','有时（有些）','3.00','0.00','0','1','2018-12-06 16:45:03','4'),('95078925de104a58a7fec723795d04gs','31f14613f6d542078ae9c56073bd04gs','C','相当多时间','3.00','0.00','0','1','2018-12-06 16:45:03','4'),('9518c23764b141a9b63907f6710504gs','9003aa95072f47babee1a0bc73a904gs','C','原来熟练的脑力工作或体力技巧性工作明显不如以往，部分遗忘','2.00','0.00','0','1','2018-12-06 16:45:03','4'),('953c98df95de4a68b68a58ba6e1204gs','cd2e4fe9758043e1a8847fefdcb204gs','C','需极大帮助（较大程度上依赖他人搀扶和帮助）','5.00','0.00','0','1','2018-12-06 16:45:03','4'),('9550a6001d5644eba5b0c18fd72a04gs','e12ba6186f2841eb81a7865f239b04gs','B','错误','0.00','0.00','0','8f97c50bda3041218d0628ec1005d183','2018-12-06 16:45:03','4'),('9591e7e066154af18a931498556904gs','ad6f272014184d5e96a39c74195d04gs','B','偶尔失控','5.00','0.00','0','1','2018-12-06 16:45:03','4'),('959cb0991fe14e3e93618f30c3e304gs','32f5f829796a469e8e15771d26f604gs','B','很少（有一点）','2.00','0.00','0','1','2018-12-06 16:45:03','4'),('95a2c62bb6fa47f09715d5ce05ac04gs','b38594aff8f944f5ba2a5655530704gs','D','全错或回忆不上来','0.00','0.00','0','8f97c50bda3041218d0628ec1005d183','2018-12-06 16:45:03','4'),('95b9b087d68948949bb332e0c2d204gs','49edfbaf23634bbcb45a242d35be04gs','B','需他人帮助','0.00','0.00','0','1','2018-12-06 16:45:03','4'),('95c05b2298094100a9a08f368cc804gs','98b216a69dd447cf9642662a2e8b04gs','C','视力有限，看不清报纸大标题，但能辨认物体','2.00','0.00','0','1','2018-12-06 16:45:03','4'),('95d4461c847d48ec83c1f60fe1ad04gs','d58e8142ad014966a4e98b5b4b1d04gs','B','小部分时间','2.00','0.00','0','1','2018-12-06 16:45:03','4'),('9601f01f167f4fc2950eb493fec604gs','a7d9e3677e0744aab3237afb583e04gs','A','没有（根本不）','1.00','0.00','0','1','2018-12-06 16:45:03','4'),('96fc80000eed411b8d3bd8301ac104gs','72766100e237432e900886ae2c4b04gs','A','营养不良','0.00','0.00','0','8f97c50bda3041218d0628ec1005d183','2018-12-06 16:45:03','4'),('974798bef443466a8b893a96e5c704gs','39a580b963384a6aa9af8b7364a604gs','D','经常（相当）','4.00',NULL,'0','1','2018-12-06 16:45:03','4'),('9771c7de03ac4d2f9f7fb9891ade04gs','4428d660ab84426dba4b4d1e872104gs','E','总是（非常）','5.00','0.00','0','1','2018-12-06 16:45:03','4'),('977f4022ceb3430dbb85b8a42d6e04gs','cd2e4fe9758043e1a8847fefdcb204gs','A','可独立完成','15.00','0.00','0','1','2018-12-06 16:45:03','4'),('97b2e25eafca493d8cfd4f32b41f04gs','462d9c321ab948baae1a63e2c1ad04gs','B','需部分帮助(需他人搀扶、需他人帮忙冲水或整理衣裤等)','5.00','0.00','0','1','2018-12-06 16:45:03','4'),('98d999af536c41b5871ccdd024ed04gs','d272808010d14cc4a25fdbfa730204gs','B','很少（有一点）','2.00','0.00','0','1','2018-12-06 16:45:03','4'),('98dcf90fad2e4800ab40186a0f3f04gs','7331f5113eba4685a3f6d625872404gs','C','需极大帮助或完全依赖他人','0.00','0.00','0','1','2018-12-06 16:45:03','4'),('9934ac512edf4a67bf89ae08a67f04gs','ed39abfef8a54cc6bec0878ceac104gs','A','没有（根本不）','1.00','0.00','0','1','2018-12-06 16:45:03','4'),('99c5b2d7cca4473eb83b894612f504gs','f0965e6cea6f49578dc3d7f1883f04gs','C','相当多时间','2.00','0.00','0','1','2018-12-06 16:45:03','4'),('99d1222c4e4947478c67e24d1b0504gs','40dda81527e94baabc920ffc92e904gs','E','总是（非常）','5.00','0.00','0','1','2018-12-06 16:45:03','4'),('99d652bd59fd418aa3e32751ab2904gs','9d535b77140a46f5a49c8f76457004gs','D','经常（相当）','2.00',NULL,'0','1','2018-12-06 16:45:03','4'),('9a1ee1d38a7c475d9cd131fb9f3704gs','432feebd5568476dbd927b00f05404gs','A','否','1.00','0.00','0','8f97c50bda3041218d0628ec1005d183','2018-12-06 16:45:03','4'),('9a2a88eefae64073befb79099a6f04gs','d87c0eedb7bb4ac8b0d7de36f6d604gs','A','没有（根本不）','1.00','0.00','0','1','2018-12-06 16:45:03','4'),('9a4215dbe5b1444498b29dff364404gs','368680b39466454f8fee0d79b26904gs','D','经常（相当）','4.00','0.00','0','1','2018-12-06 16:45:03','4'),('9a8b3e53d92842a288b8797c5d1704gs','9f64327dfecd4b0a8382cf8ea03b04gs','C','有时（有些）','3.00','0.00','0','1','2018-12-06 16:45:03','4'),('9a9989f68fa64308890e95a7612304gs','a8e635d27b144960b02cc571a7dc04gs','C','可自行进食无任何困难','2.00','0.00','0','8f97c50bda3041218d0628ec1005d183','2018-12-06 16:45:03','4'),('9aa5259dc43447feaf7a1bc58e6404gs','bdee993f5513428f8c045572c1b604gs','C','有时（有些）','3.00',NULL,'0','1','2018-12-06 16:45:03','4'),('9b528df1b9c540ecb783965d980104gs','bcf89ac2224749cbafa78bbd47e304gs','C','需极大帮助（行走时较大程度上依赖他人搀扶，或坐在轮椅上自行在平地上移动）','5.00','0.00','0','1','2018-12-06 16:45:03','4'),('9b9c63d93c334c60a192426f197204gs','fa45d561bc544f25ba60be45d54c04gs','D','绝大部分或全部时间','4.00','0.00','0','1','2018-12-06 16:45:03','4'),('9c0dbe0aeeda4685a668d6137f5304gs','462d9c321ab948baae1a63e2c1ad04gs','A','可独立完成','10.00','0.00','0','1','2018-12-06 16:45:03','4'),('9c955c3135ab4adea9b0ac54f1b204gs','9eec202029744ff98b1b0b37c66004gs','B','小部分时间','3.00','0.00','0','1','2018-12-06 16:45:03','4'),('9c9fb72849c3460780ff927a095004gs','f0398e49a2774c448683d0bc212f04gs','A','正确','1.00','0.00','0','8f97c50bda3041218d0628ec1005d183','2018-12-06 16:45:03','4'),('9d243aa9d71e4bdf9c2ff4e41a0804gs','fb2e5415660149919cd7e29693e604gs','D','不能表达需要或理解他人的话','3.00','0.00','0','1','2018-12-06 16:45:03','4'),('9d2c61fc20d240d9a2a9f79828a604gs','f6ac3d4d7b6f4b1a97063078770004gs','B','需部分帮助（需扶楼梯、他人搀扶，或使用拐杖等）','5.00','0.00','0','1','2018-12-06 16:45:03','4'),('9d34282abdff4536bde50989fd5d04gs','91c49cfb4c16420ab785edbe384c04gs','C','需极大帮助或完全依赖他人','0.00','0.00','0','1','2018-12-06 16:45:03','4'),('9e03ab5f70674c31b9ede17a02c104gs','bd986a1b11b14b26abbe0a42700504gs','B','错误','0.00','0.00','0','8f97c50bda3041218d0628ec1005d183','2018-12-06 16:45:03','4'),('9e0e84951b8b4e77bffc64dc2a6504gs','35eb6cced3cd48a19f9a53e8712704gs','B','很少（有一点）','2.00','0.00','0','1','2018-12-06 16:45:03','4'),('9e22040dd9ca4a63bcb45ec06da204gs','4ca4fc664c114bf9a562ef67e64204gs','D','经常（相当）','4.00','0.00','0','1','2018-12-06 16:45:03','4'),('9e7f34688b004b03aadcc2c996c804gs','d272808010d14cc4a25fdbfa730204gs','A','没有（根本不）','1.00','0.00','0','1','2018-12-06 16:45:03','4'),('9f1d68452bfe47e393890284020004gs','3d69f982f79442ea9bf54509e80b04gs','B','错误','0.00','0.00','0','8f97c50bda3041218d0628ec1005d183','2018-12-06 16:45:03','4'),('9f3a8c283d824401a6b42ac93ebc04gs','d283d122505e45c9b92c0f51e1e804gs','B','小部分时间','2.00','0.00','0','1','2018-12-06 16:45:03','4'),('9f456666968549e5aa35100cdba104gs','495b705a632e4688bd2dc2f0041104gs','B','小部分时间','2.00','0.00','0','1','2018-12-06 16:45:03','4'),('9f71d805f67142359ea162138c9e04gs','98b216a69dd447cf9642662a2e8b04gs','B','能看清楚大字体，但看不清书报上的标准字体','1.00','0.00','0','1','2018-12-06 16:45:03','4'),('9fc9c46dd73d4e5abd7e2bec925d04gs','5d4fe497b44949e7bd8ef146380904gs','A','1餐','0.00','0.00','0','8f97c50bda3041218d0628ec1005d183','2018-12-06 16:45:03','4'),('a01cdb3efb974b46b8561b5276a304gs','00385976e9764f3282f013857b6204gs','D','绝大部分或全部时间','4.00','0.00','0','1','2018-12-06 16:45:03','4'),('a07420d5e7dd4842889335031bd804gs','40dda81527e94baabc920ffc92e904gs','B','很少（有一点）','2.00','0.00','0','1','2018-12-06 16:45:03','4'),('a0970bf12cc74e0882809d579c0104gs','b31760162b3b4d51a52c817b538704gs','D','大部分时候这样','3.00','0.00','0','1','2018-12-06 16:45:03','4'),('a15759f3cc7e447dab096acd18de04gs','f97ffc7864644864b0274b041d5404gs','B','坐椅子：步行活动严重受限或不能步行活动，不能耐受自身的体重或必须借助椅子或轮椅活动。','2.00','0.00','0','8f97c50bda3041218d0628ec1005d183','2018-12-06 16:45:03','4'),('a1ce82d06b3d4fc19e432211222304gs','7635966216f34cbcbe7c497fe8f304gs','A','正确','1.00','0.00','0','8f97c50bda3041218d0628ec1005d183','2018-12-06 16:45:03','4'),('a1e1c81fe65a448aa2b05279afc504gs','abac467eac0140b79d32400ae8a104gs','B','小部分时间','2.00','0.00','0','1','2018-12-06 16:45:03','4'),('a2a4c1e877d24009975c84b4a3ad04gs','e79ccd7c537a4d899f5c6389cac704gs','A','没有（根本不）','1.00',NULL,'0','1','2018-12-06 16:45:03','4'),('a3cc55001f604f9c8db78119f40204gs','b38594aff8f944f5ba2a5655530704gs','A','回忆3个','3.00','0.00','0','8f97c50bda3041218d0628ec1005d183','2018-12-06 16:45:03','4'),('a45aea876ebe450389524992ed9c04gs','bfddc51c0fa34e489bfcdf64719204gs','C','相当多时间','3.00','0.00','0','1','2018-12-06 16:45:03','4'),('a4ec470068654d3bb304f017232804gs','7331f5113eba4685a3f6d625872404gs','B','需部分帮助（能自己穿或脱，但需他人帮助整理衣物、系扣子、拉拉链、系鞋带等）','5.00','0.00','0','1','2018-12-06 16:45:03','4'),('a4f0bae8632042e3bd2231318f5104gs','e2bea884aaab4ef6a39c92e1092b04gs','C','处于昏迷状态','3.00','0.00','0','1','2018-12-06 16:45:03','4'),('a50a118381c7435cb122c598ab5804gs','3395580f00484c5ead6a20f82cc504gs','A','没有（根本不）','1.00','0.00','0','1','2018-12-06 16:45:03','4'),('a6432dcab3194aecad0bc9e2f38304gs','82ff3f2dce214e7696c766e908ee04gs','A','是','1.00','0.00','0','8f97c50bda3041218d0628ec1005d183','2018-12-06 16:45:03','4'),('a668d79646c8482d89442fdae25504gs','7ed7d0423bcc4d0fa9eb969784dc04gs','B','很少（有一点）','2.00',NULL,'0','1','2018-12-06 16:45:03','4'),('a73059cc591e467fabdc1e19a92004gs','9003aa95072f47babee1a0bc73a904gs','E','对以往的知识或技能全部磨灭','4.00','0.00','0','1','2018-12-06 16:45:03','4'),('a756fd704d3440eebc3b1ec655ad04gs','33313bbe75c1403695b6c5c9581b04gs','A','没有或很少时间','4.00','0.00','0','1','2018-12-06 16:45:03','4'),('a76f1a2a97b14dbb9f70f3d5853f04gs','610265392911426cb34e5edf165104gs','E','总是（非常）','5.00','0.00','0','1','2018-12-06 16:45:03','4'),('a77e4029c74c4676823347c23d8604gs','80190f9b36d84f2c8789fa1887c204gs','C','肯定比以前少','2.00','0.00','0','1','2018-12-06 16:45:03','4'),('a7b461095d614820a763e388d31904gs','a9d102219cf1499194d73cc3722704gs','A','没有（根本不）','1.00',NULL,'0','1','2018-12-06 16:45:03','4'),('a7fcc8cca2f5475f84bc098d18bc04gs','7aa0afdf212e49cab4c14365569504gs','B','常常潮湿：皮肤频繁受潮，床单至少每班更换一次。','2.00','0.00','0','8f97c50bda3041218d0628ec1005d183','2018-12-06 16:45:03','4'),('a821e45cbe84498fbdaf43ceafec04gs','b31760162b3b4d51a52c817b538704gs','B','不经常这样','1.00','0.00','0','1','2018-12-06 16:45:03','4'),('a83106efc25542a898fac797bc0d04gs','4d04fb4100954fe48250a50c3df004gs','C','完全失控，或留置导尿管','0.00','0.00','1','1','2018-12-06 16:45:03','4'),('a85343be432140a3ac14c3e222d604gs','a9bf0eb3a7e044228069eba1005204gs','B','情绪低落、不爱说话、不爱梳洗、不爱活动','0.00','0.00','0','1','2018-12-06 16:45:03','4'),('a8d03d8be43c4a2192f6ee1e848404gs','49edfbaf23634bbcb45a242d35be04gs','A','可自己独立完成','5.00','0.00','0','1','2018-12-06 16:45:03','4'),('a8ef3d075e4743acb0b26fba671304gs','ced939adbc3b4701b34dcf4de95304gs','B','小部分时间','2.00','0.00','0','1','2018-12-06 16:45:03','4'),('a9e3c8633f2a4264b89755fb608204gs','5bf1cf326bb44a61a6c4bc2fc60e04gs','A','没有或很少时间','1.00','0.00','0','1','2018-12-06 16:45:03','4'),('a9ef24df17724b62b43464b0366d04gs','7aa0afdf212e49cab4c14365569504gs','D','罕见潮湿：皮肤通常是干的，床单按常规时间更换。','4.00','0.00','0','8f97c50bda3041218d0628ec1005d183','2018-12-06 16:45:03','4'),('a9f47b958f6d4dee9fab23bbf81d04gs','77868624eb144f3eac03d1804be104gs','D','经常（相当）','2.00',NULL,'0','1','2018-12-06 16:45:03','4'),('aa348939916f419aaafded3bb0e004gs','158980c2a2cd4457b24a9fab171204gs','C','完全失控','0.00','0.00','0','1','2018-12-06 16:45:03','4'),('aaa302a3fec24f95893094f0371904gs','9eec202029744ff98b1b0b37c66004gs','A','没有或很少时间','4.00','0.00','0','1','2018-12-06 16:45:03','4'),('ab3280b40d9545409aa51611e99104gs','7b0dfef861924efca81607265b5704gs','C','有时会这样','2.00','0.00','0','1','2018-12-06 16:45:03','4'),('ac01850bad044f879ee328ff47ab04gs','401348bfd4f44343adf11927985504gs','B','错误','0.00','0.00','0','8f97c50bda3041218d0628ec1005d183','2018-12-06 16:45:03','4'),('ac3d4b0092354f05b9e1648fe68f04gs','37b2e2bcea38426badbd6f4f2a5a04gs','E','总是（非常）','5.00',NULL,'0','1','2018-12-06 16:45:03','4'),('acde51ad68db47b3b3ef6b3fb04004gs','d7ea52b992ae454dac4e774d411e04gs','A','知道周围人们的关系，知道祖孙、叔伯、姑姨、侄子侄女等称谓的意义；可分辨陌生人的大致年龄和身份，可用适当称呼','0.00','0.00','0','1','2018-12-06 16:45:03','4'),('acf62077aae24ee9b7c6be1dc79704gs','6700444929804fcba6ebfcd1640704gs','A','没有（根本不）','1.00',NULL,'0','1','2018-12-06 16:45:03','4'),('acfcf1d641d140c2bc855390fdb304gs','4d04fb4100954fe48250a50c3df004gs','A','可控制小便','10.00','0.00','1','1','2018-12-06 16:45:03','4'),('ada4dba8786a4550981bf1c833ff04gs','2200c37a9227496f9a9ee962f7f404gs','B','小部分时间','3.00','0.00','0','1','2018-12-06 16:45:03','4'),('adb4b5121d4e4b2ea78eac3fb6cb04gs','15d3a0046c29432d8658a617f23904gs','A','CC<31','0.00','0.00','0','8f97c50bda3041218d0628ec1005d183','2018-12-06 16:45:03','4'),('adc92dc3cdb44a37bd15b41a314604gs','b468eff4401a44149b7d73822d1204gs','C','介于 1~3kg','2.00','0.00','0','8f97c50bda3041218d0628ec1005d183','2018-12-06 16:45:03','4'),('adec947e0a5b40f9a011ac529b4404gs','e2ecdb8eb09f40f4ac520559ffb804gs','A','没有（根本不）','1.00',NULL,'0','1','2018-12-06 16:45:03','4'),('aece1a63c35c411ea2442f804f9404gs','cec317b1bcd347cfb8eb548427d604gs','B','很少（有一点）','2.00','0.00','0','1','2018-12-06 16:45:03','4'),('aed91d68f2014fc88872f7cd2d5b04gs','1822828f700944d5955ae763e23804gs','C','24≤ BMI<28','2.00','0.00','0','8f97c50bda3041218d0628ec1005d183','2018-12-06 16:45:03','4'),('aedd4289b7aa4c42a0b8310880a904gs','a7d9e3677e0744aab3237afb583e04gs','E','总是（非常）','5.00','0.00','0','1','2018-12-06 16:45:03','4'),('af075b1efb2e4587878513b9a26e04gs','a9bf0eb3a7e044228069eba1005204gs','C','有自杀念头或自杀行为','0.00','0.00','0','1','2018-12-06 16:45:03','4'),('af1cd4cf17f34225a1f903ce613304gs','341ff80e8aed4cad90e38512759104gs','A','没有或很少时间','4.00','0.00','0','1','2018-12-06 16:45:03','4'),('afdc76c624af4868a2c5deea624804gs','5bf1cf326bb44a61a6c4bc2fc60e04gs','D','绝大部分或全部时间','4.00','0.00','0','1','2018-12-06 16:45:03','4'),('b04aec01d0c24918a2f3f1641d3b04gs','e2ecdb8eb09f40f4ac520559ffb804gs','D','经常（相当）','4.00',NULL,'0','1','2018-12-06 16:45:03','4'),('b0fbfde3182f4764986de0fffd7004gs','ced939adbc3b4701b34dcf4de95304gs','A','没有或很少时间','1.00','0.00','0','1','2018-12-06 16:45:03','4'),('b146a50aa39d4b7494694c7f6df404gs','747cda60806145bfa4c1c18b355404gs','A','了解自已能力','0.00','0.00','0','8f97c50bda3041218d0628ec1005d183','2018-12-06 16:45:03','4'),('b18f8ffa9408413b9d734d5bee7b04gs','0635b50a17144393bb9549e79a7604gs','D','经常（相当）','4.00','0.00','0','1','2018-12-06 16:45:03','4'),('b1c0f971b39a49728589f034a4e504gs','9003aa95072f47babee1a0bc73a904gs','A','原来熟练的脑力工作或体力技巧性工作可照常进行','0.00','0.00','0','1','2018-12-06 16:45:03','4'),('b1f477940f2946e4bea6821980ca04gs','9ee9c6cee8974750ba8cd5b5eb7e04gs','B','很少（有一点）','2.00',NULL,'0','1','2018-12-06 16:45:03','4'),('b1fb0af576304d9596fae06c0fc204gs','2b476cd2e83a4f31a54f2ad6ca2b04gs','A','正确','1.00','0.00','0','8f97c50bda3041218d0628ec1005d183','2018-12-06 16:45:03','4'),('b22674101e5c4b1bb0cd2fefefe404gs','e12ba6186f2841eb81a7865f239b04gs','A','正确','1.00','0.00','0','8f97c50bda3041218d0628ec1005d183','2018-12-06 16:45:03','4'),('b271f88b179f48bd8ea10054a13204gs','3c87dc83879242aeb48fef46e25504gs','B','很少（有一点）','2.00','0.00','0','1','2018-12-06 16:45:03','4'),('b2858cdabfb546bbbba05e72913104gs','f5b4536a46ea49e8bda2880fceac04gs','A','没有或很少时间','1.00','0.00','0','1','2018-12-06 16:45:03','4'),('b2952795525b4d71a904a27824e204gs','e2bea884aaab4ef6a39c92e1092b04gs','A','有认知障碍/痴呆、精神疾病','1.00','0.00','0','1','2018-12-06 16:45:03','4'),('b2e85d1c3aff4550ae99698eca2b04gs','ea14976d9b364598a0216b0a909a04gs','A','小于3杯','0.00','0.00','0','8f97c50bda3041218d0628ec1005d183','2018-12-06 16:45:03','4'),('b318e5b485fa411a8b6344ee395e04gs','1c23cfbded22436198ad1ee0e29f04gs','D','经常（相当）','4.00','0.00','0','1','2018-12-06 16:45:03','4'),('b3a56479a2574b88a4cde88bcee304gs','4428d660ab84426dba4b4d1e872104gs','B','很少（有一点）','2.00','0.00','0','1','2018-12-06 16:45:03','4'),('b4097d4d283d4d13964a6fb4d98604gs','ed39abfef8a54cc6bec0878ceac104gs','E','总是（非常）','5.00','0.00','0','1','2018-12-06 16:45:03','4'),('b445b191f2c5406799fed7a16fb604gs','b33e9960fc854546a05b3370231604gs','A','完全受限：由于意识水平下降或用镇静药后或体表大部分痛觉能力受限所致对疼痛刺激无反应。','1.00','0.00','0','8f97c50bda3041218d0628ec1005d183','2018-12-06 16:45:03','4'),('b4fa47808750451aba6948aa6f8e04gs','f6ac3d4d7b6f4b1a97063078770004gs','A','可独立上下楼梯','10.00','0.00','0','1','2018-12-06 16:45:03','4'),('b58c1d2c3c694feab521e0593d1204gs','37b2e2bcea38426badbd6f4f2a5a04gs','A','没有（根本不）','1.00',NULL,'0','1','2018-12-06 16:45:03','4'),('b5ea90dfa5d74cc1a1b3bec78d7a04gs','7a80d340fe0640b1a758046df9c704gs','D','经常（相当）','4.00','0.00','0','1','2018-12-06 16:45:03','4'),('b61b090ef2344532b2c48189b22404gs','fc723587deac4ce981e7e2239c9d04gs','C','相当多时间','3.00','0.00','0','1','2018-12-06 16:45:03','4'),('b69ecce7b5844664802420adaede04gs','f97ffc7864644864b0274b041d5404gs','C','偶尔步行：白天偶尔步行但距离非常短，需借助辅助设施或独立行走，大部分时间在床上或椅子上。','3.00','0.00','0','8f97c50bda3041218d0628ec1005d183','2018-12-06 16:45:03','4'),('b7c9bc94f6c84de5a8f766db13c604gs','79851ff510fa46bb82fe90ae670904gs','C','一样好','1.00','0.00','0','8f97c50bda3041218d0628ec1005d183','2018-12-06 16:45:03','4'),('b7e7242be44340568ad49d5f0fea04gs','b468eff4401a44149b7d73822d1204gs','D','体重无丢失','3.00','0.00','0','8f97c50bda3041218d0628ec1005d183','2018-12-06 16:45:03','4'),('b88c30a5ca9b41629360611e41e704gs','c13aebebc4a74cbda0ae484ad4d304gs','A','没有（根本不）','1.00','0.00','0','1','2018-12-06 16:45:03','4'),('b95a006a6001475e868388151fd804gs','d325a4ab089a42358d04f267096b04gs','B','是','0.00','0.00','0','8f97c50bda3041218d0628ec1005d183','2018-12-06 16:45:03','4'),('ba5f162627804315ba57c63530f704gs','1c23cfbded22436198ad1ee0e29f04gs','B','很少（有一点）','2.00','0.00','0','1','2018-12-06 16:45:03','4'),('ba6b048f9f6b40c4b07191a44eaa04gs','4e5d5c86507d47e5970b6db5166e04gs','B','很少（有一点）','2.00','0.00','0','1','2018-12-06 16:45:03','4'),('ba8f5c8583f24cb4bca4900a370d04gs','ad6f272014184d5e96a39c74195d04gs','C','完全失控','0.00','0.00','0','1','2018-12-06 16:45:03','4'),('bac06230c60444d3bd3ef1168ad204gs','cdc393c942314a64b00efe0fe44004gs','C','有时（有些）','3.00',NULL,'0','1','2018-12-06 16:45:03','4'),('baf2dfaa9b6c422790a5c94ac97404gs','158980c2a2cd4457b24a9fab171204gs','A','可控制大便','10.00','0.00','0','1','2018-12-06 16:45:03','4'),('bbc8251242e04ee68cb76ce1811b04gs','fccacb725ebc4a19966c62aea0f004gs','A','是','0.50','0.00','0','8f97c50bda3041218d0628ec1005d183','2018-12-06 16:45:03','4'),('bc16f17dd03f4afc97e887fcfe4f04gs','baaac0762f464964a89a3ea943a304gs','C','有时（有些）','3.00','0.00','0','1','2018-12-06 16:45:03','4'),('bc773cd3af604a0d8ef751d46faf04gs','33313bbe75c1403695b6c5c9581b04gs','B','小部分时间','3.00','0.00','0','1','2018-12-06 16:45:03','4'),('bca6e57e7ab6485e8b657a29729a04gs','f89ab2d0861f43f29ac2ffd16f4d04gs','A','可独立完成','10.00','0.00','1','1','2018-12-06 16:45:03','4'),('bd6e2a0770854a04906baeb39c3e04gs','cec317b1bcd347cfb8eb548427d604gs','E','总是（非常）','5.00','0.00','0','1','2018-12-06 16:45:03','4'),('bda085a71d6c4f9b91aa4b80ce2104gs','7096e213e1804f94a64a1c8f9d1504gs','A','没有（根本不）','1.00','0.00','0','1','2018-12-06 16:45:03','4'),('bdf1a59b09ec450aa3e1a52415a504gs','31f14613f6d542078ae9c56073bd04gs','B','小部分时间','2.00','0.00','0','1','2018-12-06 16:45:03','4'),('be0aec9c7c024598a2817d313d1004gs','d8dd1bc3366b457aa19503937e6604gs','C','相当多时间','2.00','0.00','0','1','2018-12-06 16:45:03','4'),('be21ff3b95f94745b2c90a1ff93604gs','9db5bb979bb449229de6d7100eda04gs','E','总是（非常）','5.00','0.00','0','1','2018-12-06 16:45:03','4'),('be8a31c1476044d8a09904013ae104gs','3f00160bb1244b5babb8b73d121804gs','D','绝大部分或全部时间','1.00','0.00','0','1','2018-12-06 16:45:03','4'),('bed3dc898d364d52ac573856b2b704gs','fc345872b3f74befb9e19a5152c004gs','B','很少这样','1.00','0.00','0','1','2018-12-06 16:45:03','4'),('bef1421f34cb4397ad1d148d64d504gs','393a2cb867c744d98a9fed0aa60804gs','D','经常（相当）','4.00','0.00','0','1','2018-12-06 16:45:03','4'),('befd5f6afc344712a4aca75f693204gs','66f9ec943be14c33a34d34f25d1d04gs','D','绝大部分或全部时间','1.00','0.00','0','1','2018-12-06 16:45:03','4'),('bf2e21c65eaa49509f3e71fb2c2004gs','8012d838e9084e80865fb9a0e8c604gs','A','严重智力减退或抑郁','0.00','0.00','0','8f97c50bda3041218d0628ec1005d183','2018-12-06 16:45:03','4'),('bf643f4f4c0d4fdaa0090c697a8e04gs','2200c37a9227496f9a9ee962f7f404gs','D','绝大部分或全部时间','1.00','0.00','0','1','2018-12-06 16:45:03','4'),('bf68228c5f46474abe4597bab3f904gs','a3236a85113c42619ce7d02134aa04gs','B','小部分时间','2.00','0.00','0','1','2018-12-06 16:45:03','4'),('bfc3d399e286459e9b94124e5ab804gs','e59d92c34efa4b48bb0d2a7016ae04gs','E','总是（非常）','5.00',NULL,'0','1','2018-12-06 16:45:03','4'),('c0108dc662894697b0128c4a78ef04gs','1199d7df48d148ea881adc7c098904gs','C','正常交流有些困难，需在安静的环静或大声说话才能听到','2.00','0.00','0','1','2018-12-06 16:45:03','4'),('c0974b3d27174214a097461401b104gs','7b0dfef861924efca81607265b5704gs','A','没有这样','0.00','0.00','0','1','2018-12-06 16:45:03','4'),('c0a00ec003e4420e9df33beb317004gs','e7dce53386f044899183a9c3791f04gs','C','时间观念较差，年、月、日不清楚，可知上半年或下半年；只能单独在家附近行动，对现住地只知名称，不知道方位','2.00','0.00','0','1','2018-12-06 16:45:03','4'),('c177af668d784d4697331fdbf0df04gs','493f865f10024cb28ee1b94d394e04gs','C','每周有几次身体攻击行为，或每日有语言攻击行为','2.00','0.00','0','1','2018-12-06 16:45:03','4'),('c1a6fabdc9fe49b2bbe3d0984e3204gs','6700444929804fcba6ebfcd1640704gs','B','很少（有一点）','2.00',NULL,'0','1','2018-12-06 16:45:03','4'),('c1b0dae9f8654361870d26e9882704gs','89c54c83f7964ad599bd9a9b085e04gs','B','需他人帮助','0.00','0.00','0','1','2018-12-06 16:45:03','4'),('c1b97c18607449919b24e01a5d1904gs','4ca4fc664c114bf9a562ef67e64204gs','B','很少（有一点）','2.00','0.00','0','1','2018-12-06 16:45:03','4'),('c1d5615bdf8f4e349c4651f7ef7a04gs','5146b5fc528c4c7f8497910a83d604gs','B','小部分时间','3.00','0.00','0','1','2018-12-06 16:45:03','4'),('c2b56aaf8f2c47ed84bc9ef3a2af04gs','e7b301fe9ac4471f840060f2720704gs','E','总是（非常）','5.00','0.00','0','1','2018-12-06 16:45:03','4'),('c2bcfe968b114d1aa67882c00be404gs','c11173787fed47a99d89244cde9104gs','E','总是（非常）','5.00','0.00','0','1','2018-12-06 16:45:03','4'),('c3b4c2f9f3ed489f9707d59971c804gs','aeac372030d74b5c91e4adaefa1504gs','B','很少（有一点）','2.00','0.00','0','1','2018-12-06 16:45:03','4'),('c43c4f6716014805ada42773b99004gs','3fa6892ab65c43ebb64793f7da8404gs','B','不经常这样','1.00','0.00','0','1','2018-12-06 16:45:03','4'),('c4487cfd733346f19959e4fda54a04gs','ad30f1814d5f468aa3cdf58c04a804gs','D','经常（相当）','4.00','0.00','0','1','2018-12-06 16:45:03','4'),('c4b785312f8746629c8e9042167d04gs','7d07c31a38f84a08b61651a8ca2e04gs','B','很少（有一点）','2.00',NULL,'0','1','2018-12-06 16:45:03','4'),('c5817c820e8940de968459fa5b4804gs','0635b50a17144393bb9549e79a7604gs','B','很少（有一点）','2.00','0.00','0','1','2018-12-06 16:45:03','4'),('c60ab3afb5ae488ab85393ef876f04gs','ec13b2ec36be4a918c43a6c46a9904gs','B','很少（有一点）','2.00',NULL,'0','1','2018-12-06 16:45:03','4'),('c6f07bfb6db644ec859cb888a8ad04gs','28c8fa2e873a4d6787307c38d82004gs','B','错误','0.00','0.00','0','8f97c50bda3041218d0628ec1005d183','2018-12-06 16:45:03','4'),('c73ac32f70be4879b6c18a531ed504gs','368680b39466454f8fee0d79b26904gs','B','很少（有一点）','2.00','0.00','0','1','2018-12-06 16:45:03','4'),('c74223821a654b789a96b222b02304gs','b33e9960fc854546a05b3370231604gs','B','大部分受限：对疼痛有反应，但只能用呻吟，烦躁不安表示，不能用语言表达不舒适或痛觉能力受损＞1/2体表面积。','2.00','0.00','0','8f97c50bda3041218d0628ec1005d183','2018-12-06 16:45:03','4'),('c765da150efc4c2b9dd474e554c904gs','4ca4fc664c114bf9a562ef67e64204gs','E','总是（非常）','5.00','0.00','0','1','2018-12-06 16:45:03','4'),('c8c7e19082ec4f31a286835a20c304gs','584e4e5346fc41d8a9e4a7c48a5304gs','B','很少（有一点）','2.00','0.00','0','1','2018-12-06 16:45:03','4'),('c8de878f45ae411089ae2586398304gs','5d4fe497b44949e7bd8ef146380904gs','C','3餐','2.00','0.00','0','8f97c50bda3041218d0628ec1005d183','2018-12-06 16:45:03','4'),('c8fc5a478e9c47f4bd346de3d68004gs','e2bea884aaab4ef6a39c92e1092b04gs','B','近30天内发生过2次及以上跌倒、噎食、自杀、走失','2.00','0.00','0','1','2018-12-06 16:45:03','4'),('c918f9231ea94357afcd5a22f8d504gs','010620955c034039b7009838024d04gs','D','经常（相当）','2.00',NULL,'0','1','2018-12-06 16:45:03','4'),('c99bcfea37684ed797acb18a9e1d04gs','abac467eac0140b79d32400ae8a104gs','D','绝大部分或全部时间','4.00','0.00','0','1','2018-12-06 16:45:03','4'),('c9cdf86b0c5043b6b73df8d0bcef04gs','aeac372030d74b5c91e4adaefa1504gs','E','总是（非常）','5.00','0.00','0','1','2018-12-06 16:45:03','4'),('c9f5d7fec54148c9aa034b9f37fa04gs','f5b4536a46ea49e8bda2880fceac04gs','B','小部分时间','2.00','0.00','0','1','2018-12-06 16:45:03','4'),('ca232b11e2dc4dca94a47093f35204gs','4d04fb4100954fe48250a50c3df004gs','B','偶尔失控（每天<1次，但每周>1次），或需要他人提示','5.00','0.00','1','1','2018-12-06 16:45:03','4'),('ca7e819b61cf4adebd86d4bcf2ac04gs','b468eff4401a44149b7d73822d1204gs','B','不详','1.00','0.00','0','8f97c50bda3041218d0628ec1005d183','2018-12-06 16:45:03','4'),('cab7d6c09b8c4ad193860a16677004gs','ab0f5c9bc37e43b6b05808715a9104gs','C','有时候这样','2.00','0.00','0','1','2018-12-06 16:45:03','4'),('cb1b70e0b27745ada990b6c941cb04gs','1b3465554c5043ad89e7465f1c8c04gs','E','总是（非常）','5.00','0.00','0','1','2018-12-06 16:45:03','4'),('cb6f90a34f114bcca4a76f10829904gs','4428d660ab84426dba4b4d1e872104gs','D','经常（相当）','4.00','0.00','0','1','2018-12-06 16:45:03','4'),('cb8e00f779f647ee8f0ebbf0620604gs','e7b301fe9ac4471f840060f2720704gs','C','有时（有些）','3.00','0.00','0','1','2018-12-06 16:45:03','4'),('cbcc20592b484caab757b0d941df04gs','4d04fb4100954fe48250a50c3df004gs','C','完全失控，或留置导尿管','0.00','0.00','1','1','2018-12-06 16:45:03','4'),('cc11adf5850c41cca76b60ed734004gs','e7dce53386f044899183a9c3791f04gs','E','无时间观念；不能单独外出','4.00','0.00','0','1','2018-12-06 16:45:03','4'),('cc177a0bf231451cbba3b5f0d81f04gs','cd4911d05d0e4e60947a4fd55a0104gs','B','很少（有一点）','2.00','0.00','0','1','2018-12-06 16:45:03','4'),('ccc26ca557f54738bfffcd311de304gs','b736cb920db04704992f6bf1294d04gs','B','小部分时间','2.00','0.00','0','1','2018-12-06 16:45:03','4'),('ccfab7b318a4462fbf4c8443686e04gs','9ee9c6cee8974750ba8cd5b5eb7e04gs','C','有时（有些）','3.00',NULL,'0','1','2018-12-06 16:45:03','4'),('cd18e1805112488b948b814df9d704gs','f8e8b11a7d9c4271be4e513385c804gs','C','有时（有些）','3.00',NULL,'0','1','2018-12-06 16:45:03','4'),('cda527c9da464a6481eb1bdeefd304gs','17d7ae09cdef4eb9b7eb19f3600c04gs','C','有时（有些）','3.00',NULL,'0','1','2018-12-06 16:45:03','4'),('ce2dab6d76b1442dbbe717405c4804gs','20bcd096bb9c45cd88e9ddf94ea704gs','A','没有或很少时间','1.00','0.00','0','1','2018-12-06 16:45:03','4'),('ce4a25928ce14bf8a785fdf8995704gs','eea2861dd119477687e208422a6404gs','E','总是（非常）','5.00','0.00','0','1','2018-12-06 16:45:03','4'),('ce71572172c445f2a50b6f2da1ab04gs','c6786c89cf7947ad885f11e58b1a04gs','A','可独立进食（在合理的时间内独立进食准备好的食物）','10.00','0.00','0','1','2018-12-06 16:45:03','4'),('cef8eb676bbf43ce8c8232e6fb2c04gs','b1a739493aa24f578f998273603c04gs','A','除个人生活自理外（如饮食、洗漱、穿戴、二便），能料理家务（如做饭、洗衣）或当家管理事务','0.00','0.00','0','1','2018-12-06 16:45:03','4'),('cf8cc4fd2df74dceab41dc19840004gs','722819c5cca8426b8df27e9bfed604gs','E','总是（非常）','5.00',NULL,'0','1','2018-12-06 16:45:03','4'),('d062a4530e04481aa014fb41c59d04gs','f81c49daf52f4c7ca0a6e8bad9e004gs','C','有时（有些）','3.00','0.00','0','1','2018-12-06 16:45:03','4'),('d0a31b21915142d6a9bb3df7106f04gs','cec317b1bcd347cfb8eb548427d604gs','D','经常（相当）','4.00','0.00','0','1','2018-12-06 16:45:03','4'),('d14f6b44bba846708eb57018e1b104gs','518bbd630efb4f059f48507f162604gs','C','相当多时间','2.00','0.00','0','1','2018-12-06 16:45:03','4'),('d15261526f9f420c8687af79304404gs','3b900e054fa0427e9ea90075af3b04gs','C','有时（有些）','3.00',NULL,'0','1','2018-12-06 16:45:03','4'),('d19e4fb7002f40d7aaa26540676c04gs','f81c49daf52f4c7ca0a6e8bad9e004gs','D','经常（相当）','4.00','0.00','0','1','2018-12-06 16:45:03','4'),('d1e174c2ba53472bb868f22f625504gs','63827b0f30ed444ab4ea9b28d00c04gs','B','记住2个','2.00','0.00','0','8f97c50bda3041218d0628ec1005d183','2018-12-06 16:45:03','4'),('d25675c5c09443c4a56ab5a688d704gs','f97ffc7864644864b0274b041d5404gs','A','卧床：被限制在床上。','1.00','0.00','0','8f97c50bda3041218d0628ec1005d183','2018-12-06 16:45:03','4'),('d274c066b1d7458a95f2c3b26ddf04gs','ec13b2ec36be4a918c43a6c46a9904gs','C','有时（有些）','3.00',NULL,'0','1','2018-12-06 16:45:03','4'),('d2ba24e0bb2d4ce0a42d80716a3b04gs','e41e32810af84fff8c850ec8fa2a04gs','E','总是（非常）','5.00',NULL,'0','1','2018-12-06 16:45:03','4'),('d2ec3b180af04514a553564959b004gs','1d502ad9d0b54be5801bca518a6f04gs','A','画钟正确（画出一个闭锁圆，指针位置准确），且能回忆出2-3个词','0.00','0.00','1','1','2018-12-06 16:45:03','4'),('d30579a804a344b5abc76384fd8304gs','d7ea52b992ae454dac4e774d411e04gs','D','只认识常同住的亲人，可称呼子女或孙子女，可辨熟人和生人','3.00','0.00','0','1','2018-12-06 16:45:03','4'),('d30e5f0112c041cbae24558bba0a04gs','13f5230ce9664573a5dadc10852504gs','C','相当多时间','2.00','0.00','0','1','2018-12-06 16:45:03','4'),('d34e678213a848568d3bd3e6d49004gs','3b900e054fa0427e9ea90075af3b04gs','B','很少（有一点）','2.00',NULL,'0','1','2018-12-06 16:45:03','4'),('d38603e32a0047849900a230720d04gs','3c87dc83879242aeb48fef46e25504gs','C','有时（有些）','3.00','0.00','0','1','2018-12-06 16:45:03','4'),('d396a314aaa143e1acfa9b9c284204gs','320fb9499f4f4ee9a3b6365e671c04gs','C','相当多时间','2.00','0.00','0','1','2018-12-06 16:45:03','4'),('d42a2b538ea14d20bfc1d112a87b04gs','cdc393c942314a64b00efe0fe44004gs','A','没有（根本不）','1.00',NULL,'0','1','2018-12-06 16:45:03','4'),('d433402a4e7a4eec9419ab7ac42904gs','e79ccd7c537a4d899f5c6389cac704gs','C','有时（有些）','3.00',NULL,'0','1','2018-12-06 16:45:03','4'),('d4aa29f894fb4501bce99aa075ff04gs','8986b0f75a7c45b9a7c0ef14f52704gs','C','有时候我不能像平时那样应付得好','2.00','0.00','0','1','2018-12-06 16:45:03','4'),('d4c3a76790c44512970622ea1a2f04gs','c11173787fed47a99d89244cde9104gs','A','没有（根本不）','1.00','0.00','0','1','2018-12-06 16:45:03','4'),('d5158d9b3b0b44f7bd3b1513ee3e04gs','b3757922dd1042a78e60da40ce0704gs','C','有时（有些）','3.00','0.00','0','1','2018-12-06 16:45:03','4'),('d531ecb63a1249879b4ef63da5b204gs','cd4911d05d0e4e60947a4fd55a0104gs','B','很少（有一点）','3.00','0.00','0','1','2018-12-06 16:45:03','4'),('d5ada59e91fe4a5fbe949d064d9404gs','e174d8b71c7c4c02af6251ab6a9704gs','D','绝大部分或全部时间','1.00','0.00','0','1','2018-12-06 16:45:03','4'),('d669b0cb71b446f6ab6600b0767f04gs','15d3a0046c29432d8658a617f23904gs','B','CC ≥31','1.00','0.00','0','8f97c50bda3041218d0628ec1005d183','2018-12-06 16:45:03','4'),('d6dcbb5203e745a5ad0d4acdadac04gs','a96caad6cb07436ea2b4c281a59d04gs','B','错误','0.00','0.00','0','8f97c50bda3041218d0628ec1005d183','2018-12-06 16:45:03','4'),('d74490a685e640688a995b67bf0b04gs','495b705a632e4688bd2dc2f0041104gs','C','相当多时间','3.00','0.00','0','1','2018-12-06 16:45:03','4'),('d7575ad3f55b458383c82e9902b504gs','00385976e9764f3282f013857b6204gs','B','小部分时间','2.00','0.00','0','1','2018-12-06 16:45:03','4'),('d83d3c5e0e1c4ba893ecdf68e34904gs','610265392911426cb34e5edf165104gs','A','没有（根本不）','1.00','0.00','0','1','2018-12-06 16:45:03','4'),('d8c7072f429345488053a3c20b1404gs','33313bbe75c1403695b6c5c9581b04gs','C','相当多时间','2.00','0.00','0','1','2018-12-06 16:45:03','4'),('d8cecb64f95f4ef893fbfc2773a904gs','aa3df02de951415d8952a3038feb04gs','C','没有变化','2.00','0.00','0','8f97c50bda3041218d0628ec1005d183','2018-12-06 16:45:03','4'),('d90c31f42c464eb2817a02347fbb04gs','9d535b77140a46f5a49c8f76457004gs','A','没有（根本不）','5.00',NULL,'0','1','2018-12-06 16:45:03','4'),('d950e41b0dfc4e2a957d6e9e19c804gs','f8e8b11a7d9c4271be4e513385c804gs','B','很少（有一点）','2.00',NULL,'0','1','2018-12-06 16:45:03','4'),('da23312fc212492596d972d400fa04gs','6f6ad2f022b64c14bedfd1fbbd7504gs','B','没有以前那么多','1.00','0.00','0','1','2018-12-06 16:45:03','4'),('db5d06b942b54d378a516890312604gs','ced939adbc3b4701b34dcf4de95304gs','D','绝大部分或全部时间','4.00','0.00','0','1','2018-12-06 16:45:03','4'),('db658f119a0f4ab6b1f5bf025acb04gs','eea2861dd119477687e208422a6404gs','C','有时（有些）','3.00','0.00','0','1','2018-12-06 16:45:03','4'),('db73a2c118fb40238ff45d46404f04gs','9746016ffd1a4b46aee8c0d3c37e04gs','B','丁形拐杖/手杖/学步车','15.00','0.00','0','8f97c50bda3041218d0628ec1005d183','2018-12-06 16:45:03','4'),('dc19c27a2f32414985e78bbafecd04gs','f0965e6cea6f49578dc3d7f1883f04gs','D','绝大部分或全部时间','1.00','0.00','0','1','2018-12-06 16:45:03','4'),('dc4196e28f924a50b74e38237c2204gs','b3757922dd1042a78e60da40ce0704gs','D','经常（相当）','4.00','0.00','0','1','2018-12-06 16:45:03','4'),('dce47f7361004ff8894d6f96664604gs','010620955c034039b7009838024d04gs','B','很少（有一点）','4.00',NULL,'0','1','2018-12-06 16:45:03','4'),('dce82c99a9ba49eeb8b7ca9f6ed004gs','605c0766c285437397564c4fb59004gs','A','没有（根本不）','5.00',NULL,'0','1','2018-12-06 16:45:03','4'),('dd571a00bffa4bcc80ebaa64dbac04gs','fc345872b3f74befb9e19a5152c004gs','C','有时候这样','2.00','0.00','0','1','2018-12-06 16:45:03','4'),('ddbe906e372146caaea62c00d62d04gs','993a0e9f4b4143948d53d3a8e26104gs','A','正常/卧床/轮椅代步','0.00','0.00','0','8f97c50bda3041218d0628ec1005d183','2018-12-06 16:45:03','4'),('de61349c53f642258e3397fa388904gs','17d7ae09cdef4eb9b7eb19f3600c04gs','A','没有（根本不）','1.00',NULL,'0','1','2018-12-06 16:45:03','4'),('de752bff73754a2e9e0eadec7f8c04gs','a4f3dc7a706946f185b9b9e8707e04gs','A','没有或很少时间','1.00','0.00','0','1','2018-12-06 16:45:03','4'),('dea458f379644c4cbb29cc8bf4e504gs','5954e5be60444fa8946b078eae9004gs','C','脱离社会，可被动接触，不会主动待人，谈话中很多不适词句，容易上当受骗','2.00','0.00','0','1','2018-12-06 16:45:03','4'),('debac5f72a1442c3b3fb480edcec04gs','7ed7d0423bcc4d0fa9eb969784dc04gs','A','没有（根本不）','1.00',NULL,'0','1','2018-12-06 16:45:03','4'),('df2eea7bdcd8425d9bfdc987e84e04gs','432feebd5568476dbd927b00f05404gs','B','是','0.00','0.00','0','8f97c50bda3041218d0628ec1005d183','2018-12-06 16:45:03','4'),('e09e5f8933cb4d4792299a530bfd04gs','c40e350732ac41b687b50e08890f04gs','A','没有（根本不）','1.00','0.00','0','1','2018-12-06 16:45:03','4'),('e0d7769535864a569f0605aaaebf04gs','39a580b963384a6aa9af8b7364a604gs','C','有时（有些）','3.00',NULL,'0','1','2018-12-06 16:45:03','4'),('e114ed8ef23d4549b93e3fe5241304gs','722819c5cca8426b8df27e9bfed604gs','B','很少（有一点）','2.00',NULL,'0','1','2018-12-06 16:45:03','4'),('e1a01544db7e44a0b085a6e9add604gs','108d2d0efce74d15a0c0d7f251fd04gs','B','是','1.00','0.00','0','8f97c50bda3041218d0628ec1005d183','2018-12-06 16:45:03','4'),('e22b689a06a34ce9b858b8d83ff704gs','46ae97b06c6f4f799642ba94abf804gs','B','小部分时间','2.00','0.00','0','1','2018-12-06 16:45:03','4'),('e233c74678ca4eb48225d2bdcafb04gs','e7b301fe9ac4471f840060f2720704gs','B','很少（有一点）','2.00','0.00','0','1','2018-12-06 16:45:03','4'),('e2a46855bacd48c5b84b5b4e780204gs','1d43ee1a11f845e8a680be4bc52e04gs','D','经常（相当）','4.00','0.00','0','1','2018-12-06 16:45:03','4'),('e2d68907d4904111a84aa990e67204gs','b736cb920db04704992f6bf1294d04gs','A','没有或很少时间','1.00','0.00','0','1','2018-12-06 16:45:03','4'),('e3226c5b1c584785ad51f518a83f04gs','cec317b1bcd347cfb8eb548427d604gs','C','有时（有些）','3.00','0.00','0','1','2018-12-06 16:45:03','4'),('e40edf4fdfd44f73ad3a8519c9c704gs','c79ead4be5a042c58541a85fa4b204gs','A','没有或很少时间','1.00','0.00','0','1','2018-12-06 16:45:03','4'),('e4611b7f670749e7b76e6faaf94a04gs','1b3465554c5043ad89e7465f1c8c04gs','B','很少（有一点）','2.00','0.00','0','1','2018-12-06 16:45:03','4'),('e54b8e05b4074f71a33f42270e6604gs','e7dce53386f044899183a9c3791f04gs','A','时间观念（年、月、日、时）清楚；可单独出远门，能很快掌握新环境的方位','0.00','0.00','0','1','2018-12-06 16:45:03','4'),('e554fbcfd15c4d9aa22309cc7c2b04gs','9003aa95072f47babee1a0bc73a904gs','D','对熟练工作只有一些片段保留，技能全部遗忘','3.00','0.00','0','1','2018-12-06 16:45:03','4'),('e575297b4c5c4464ab95ffcaafc404gs','e7dce53386f044899183a9c3791f04gs','B','时间观念有些下降，年、月、日清楚，但有时相差几天；可单独来往于近街，知道现住地的名称和方位，但不知回家路线','1.00','0.00','0','1','2018-12-06 16:45:03','4'),('e57ef702cb4042d183bad41ead0e04gs','77453f88069649dba67d7939726204gs','B','很少（有一点）','2.00','0.00','0','1','2018-12-06 16:45:03','4'),('e6f5efeafc534e15957e6e11be7a04gs','fc345872b3f74befb9e19a5152c004gs','A','没有这样','0.00','0.00','0','1','2018-12-06 16:45:03','4'),('e7332950706a49f1b2a1b13f9cb204gs','fa45d561bc544f25ba60be45d54c04gs','C','相当多时间','3.00','0.00','0','1','2018-12-06 16:45:03','4'),('e754fc9d3d064ff29225d2600d7904gs','79851ff510fa46bb82fe90ae670904gs','B','不清楚','0.50','0.00','0','8f97c50bda3041218d0628ec1005d183','2018-12-06 16:45:03','4'),('e77000c1817f46469757f9deea3c04gs','d8dd1bc3366b457aa19503937e6604gs','B','小部分时间','3.00','0.00','0','1','2018-12-06 16:45:03','4'),('e77c1cd079264cc3846a44af725604gs','393a2cb867c744d98a9fed0aa60804gs','C','有时（有些）','3.00','0.00','0','1','2018-12-06 16:45:03','4'),('e804799fbdaa46c18db61e2d98b704gs','1c23cfbded22436198ad1ee0e29f04gs','C','有时（有些）','3.00','0.00','0','1','2018-12-06 16:45:03','4'),('e8aa7116a1604f4382f4604001e004gs','4d04fb4100954fe48250a50c3df004gs','B','偶尔失控（每天<1次，但每周>1次），或需要他人提示','5.00','0.00','0','1','2018-12-06 16:45:03','4'),('e8dbfd8a88ca4356bd30d3247acb04gs','5bf1cf326bb44a61a6c4bc2fc60e04gs','B','小部分时间','2.00','0.00','0','1','2018-12-06 16:45:03','4'),('e910e61626cd4a1c97bcc75267f704gs','495b705a632e4688bd2dc2f0041104gs','A','没有或很少时间','1.00','0.00','0','1','2018-12-06 16:45:03','4'),('e94ca144601d49aea11df1f1e41f04gs','e1dc50abb515483ab26c2c69588604gs','B','需部分帮助（进食过程中需要一定帮助，如协助把持餐具）','5.00','0.00','0','1','2018-12-06 16:45:03','4'),('e9d0943825bf4595aa7166150a0604gs','e59d92c34efa4b48bb0d2a7016ae04gs','D','经常（相当）','4.00',NULL,'0','1','2018-12-06 16:45:03','4'),('ea6a80e57d444189a6abfe1729ea04gs','fc723587deac4ce981e7e2239c9d04gs','D','绝大部分或全部时间','4.00','0.00','0','1','2018-12-06 16:45:03','4'),('ea6d684796ca4c3ebb15f33488e404gs','60e3099f58954025bcf804f40db504gs','C','需极大帮助（较大程度上依赖他人搀扶和帮助）','5.00','0.00','0','1','2018-12-06 16:45:03','4'),('eb710af7373448b1a4eda8bcee0f04gs','9ee9c6cee8974750ba8cd5b5eb7e04gs','A','没有（根本不）','1.00',NULL,'0','1','2018-12-06 16:45:03','4'),('eb7efabda38c4561aaaa978ff46704gs','aeac372030d74b5c91e4adaefa1504gs','D','经常（相当）','4.00','0.00','0','1','2018-12-06 16:45:03','4'),('eb8c346475334f44b72bdeb97f8e04gs','6f6ad2f022b64c14bedfd1fbbd7504gs','A','同以前一样','0.00','0.00','0','1','2018-12-06 16:45:03','4'),('ebe8f1ba93ee4fb0a5ca6934c1c504gs','86ae5a8a9a4c41e4a002e5f8d9f304gs','B','小部分时间','2.00','0.00','0','1','2018-12-06 16:45:03','4'),('ec45ac0918d84cf4bcb5db3218b904gs','1d502ad9d0b54be5801bca518a6f04gs','C','已确诊为认知障碍，如老年痴呆','2.00','0.00','0','1','2018-12-06 16:45:03','4'),('ec6264b96a1a4a47802b1ebbfc9104gs','a3236a85113c42619ce7d02134aa04gs','D','绝大部分或全部时间','4.00','0.00','0','1','2018-12-06 16:45:03','4'),('ec7cd800d2c74b818e7eafceb3f104gs','7b0dfef861924efca81607265b5704gs','D','大部分时候会这样','3.00','0.00','0','1','2018-12-06 16:45:03','4'),('ed4ed4c963ab4fd5a421a58adfaf04gs','ff87000d32a54669962ba8d896df04gs','B','很少（有一点）','2.00','0.00','0','1','2018-12-06 16:45:03','4'),('ef5b017c99dc4ece8a9c2669186004gs','a8d6cc7a85c2477fb3b2d8c9469604gs','D','经常（相当）','4.00',NULL,'0','1','2018-12-06 16:45:03','4'),('efdfa9dc130f4d35b07ebd67689204gs','b15d59a4e6654679b9596d1329aa04gs','A','完全受限：在没有人帮助的情况下，病人完全不能改变身体或四肢的位置。','1.00','0.00','0','8f97c50bda3041218d0628ec1005d183','2018-12-06 16:45:03','4'),('efe20f738c044aae9bcb129186d704gs','b91ea3d729ad407db285929d0bc204gs','E','总是（非常）','5.00','0.00','0','1','2018-12-06 16:45:03','4'),('eff4012579ce4d1cbdfa9e6a028004gs','c6786c89cf7947ad885f11e58b1a04gs','C','需极大帮助或完全依赖他人','0.00','0.00','0','1','2018-12-06 16:45:03','4'),('f0355bc2854242ebbc197edadd9104gs','1d502ad9d0b54be5801bca518a6f04gs','B','画钟错误（画的圆不闭锁，或指针位置不准确），或只回忆出0-1个词','1.00','0.00','1','1','2018-12-06 16:45:03','4'),('f06f93e43b4e49719dbe3499727d04gs','fc723587deac4ce981e7e2239c9d04gs','A','没有或很少时间','1.00','0.00','0','1','2018-12-06 16:45:03','4'),('f07fea84d6a24d88b289818c60b904gs','b3757922dd1042a78e60da40ce0704gs','A','没有（根本不）','1.00','0.00','0','1','2018-12-06 16:45:03','4'),('f0a6e63e83014756b7c2011af69104gs','ff87000d32a54669962ba8d896df04gs','E','总是（非常）','5.00','0.00','0','1','2018-12-06 16:45:03','4'),('f0fb9b4b094a4b359d38cc4a7c1e04gs','fff30f9e6866492b8ae52bdb399004gs','E','总是（非常）','5.00',NULL,'0','1','2018-12-06 16:45:03','4'),('f1a4e2f7faed43f1b9c50cc61d6804gs','c11173787fed47a99d89244cde9104gs','B','很少（有一点）','2.00','0.00','0','1','2018-12-06 16:45:03','4'),('f1bb7b2ac88e41e18a303beeb51104gs','7b0dfef861924efca81607265b5704gs','B','不经常这样','1.00','0.00','0','1','2018-12-06 16:45:03','4'),('f1ca3d5ce9394154891e1c8b65a004gs','c11173787fed47a99d89244cde9104gs','C','有时（有些）','3.00','0.00','0','1','2018-12-06 16:45:03','4'),('f2be5c38798a4920b312772f3e6c04gs','79851ff510fa46bb82fe90ae670904gs','D','更好','2.00','0.00','0','8f97c50bda3041218d0628ec1005d183','2018-12-06 16:45:03','4'),('f2cc67248f9b458f84677d90603a04gs','b15d59a4e6654679b9596d1329aa04gs','B','非常受限：偶尔能轻微改变身体或四肢的位置，但不能经常改变或独立地改变体位。','2.00','0.00','0','8f97c50bda3041218d0628ec1005d183','2018-12-06 16:45:03','4'),('f30503f49cb4404fb42a8b7c973104gs','4d04fb4100954fe48250a50c3df004gs','C','完全失控，或留置导尿管','0.00','0.00','1','1','2018-12-06 16:45:03','4'),('f3441fd150954a2a93ec4987657804gs','3b900e054fa0427e9ea90075af3b04gs','A','没有（根本不）','1.00',NULL,'0','1','2018-12-06 16:45:03','4'),('f34a05faefa34c7e86db6a7c40b004gs','82d76e98fdb74021aa23fe40d08304gs','C','相当多时间','3.00','0.00','0','1','2018-12-06 16:45:03','4'),('f383334eaef3491a823c8f2c446704gs','0cbcdc514db24288a956a506973604gs','B','做对2步','2.00','0.00','0','8f97c50bda3041218d0628ec1005d183','2018-12-06 16:45:03','4'),('f3a42236ec1e475ea69ec9cd560504gs','4196cbc8f2864b2fa361a01c760604gs','A','没有或很少时间','1.00','0.00','0','1','2018-12-06 16:45:03','4'),('f3a99d2160e64635a680091cf26e04gs','61f4560d03004f1ba47482fb851604gs','A','非常差：从未吃过完整的一餐；罕见每餐所吃食物＞1/3所供食物；每天吃两餐或蛋白质较少的食物；摄取水分较少或未将汤类列入食谱作为日常补充；禁食或一直喝清流质或静脉输液＞5天。','1.00','0.00','0','8f97c50bda3041218d0628ec1005d183','2018-12-06 16:45:03','4'),('f3d04043ac6740ba827ca9a612bf04gs','80190f9b36d84f2c8789fa1887c204gs','D','完全不能','3.00','0.00','0','1','2018-12-06 16:45:03','4'),('f4b8c2ec0d3c4bfc9e4eea78dd1904gs','7096e213e1804f94a64a1c8f9d1504gs','D','经常（相当）','4.00','0.00','0','1','2018-12-06 16:45:03','4'),('f532b2de1018484f82cd9724140704gs','c40e350732ac41b687b50e08890f04gs','D','经常（相当）','4.00','0.00','0','1','2018-12-06 16:45:03','4'),('f583cca80738468ab9a7a71f63ac04gs','cdc393c942314a64b00efe0fe44004gs','B','很少（有一点）','2.00',NULL,'0','1','2018-12-06 16:45:03','4'),('f595b0937f44444ea7226b8786a904gs','e0b15633836b446d9e8d9e032ecd04gs','A','可独立上下楼梯（连续上下10-15个台阶）','10.00','0.00','0','1','2018-12-06 16:45:03','4'),('f6ae2cfe20334f008bd4d6f096fc04gs','d7ea52b992ae454dac4e774d411e04gs','B','只知家中亲密近亲的关系，不会分辨陌生人的大致年龄，不能称呼陌生人','1.00','0.00','0','1','2018-12-06 16:45:03','4'),('f6db5d2fc3514708bfee7a6593db04gs','ed39abfef8a54cc6bec0878ceac104gs','B','很少（有一点）','2.00','0.00','0','1','2018-12-06 16:45:03','4'),('f742e9f1425c41039309d598bdf704gs','9d535b77140a46f5a49c8f76457004gs','B','很少（有一点）','4.00',NULL,'0','1','2018-12-06 16:45:03','4'),('f774087527864123834f1b1fa62804gs','eea2861dd119477687e208422a6404gs','B','很少（有一点）','2.00','0.00','0','1','2018-12-06 16:45:03','4'),('f7ab1cefcb7341a38d4546ca4f3604gs','ff87000d32a54669962ba8d896df04gs','D','经常（相当）','4.00','0.00','0','1','2018-12-06 16:45:03','4'),('f7b75a41ae8f4c9aa2af2938aeab04gs','60e3099f58954025bcf804f40db504gs','B','需部分帮助（需他人搀扶或使用拐杖）','10.00','0.00','0','1','2018-12-06 16:45:03','4'),('f86918474af249909d3c475598ce04gs','66f9ec943be14c33a34d34f25d1d04gs','B','小部分时间','3.00','0.00','0','1','2018-12-06 16:45:03','4'),('f8f51e3e44524533a2c07d4432bc04gs','b736cb920db04704992f6bf1294d04gs','D','绝大部分或全部时间','4.00','0.00','0','1','2018-12-06 16:45:03','4'),('f94e7378b97e46a1897f447d003404gs','82ff3f2dce214e7696c766e908ee04gs','B','否','0.00','0.00','0','8f97c50bda3041218d0628ec1005d183','2018-12-06 16:45:03','4'),('f9ae3476050346fba6ece557201b04gs','37b2e2bcea38426badbd6f4f2a5a04gs','B','很少（有一点）','2.00',NULL,'0','1','2018-12-06 16:45:03','4'),('f9d73160c3be484196a7e0d40ef304gs','80f5eebae85540cead5d5c4537ce04gs','D','绝大部分或全部时间','4.00','0.00','0','1','2018-12-06 16:45:03','4'),('fa8b55d7f5cb444988a8c7212c9e04gs','e4a074feacd84a77a48a257e8fa604gs','A','准备好洗澡水后，可自己独立完成洗澡过程','5.00','0.00','0','1','2018-12-06 16:45:03','4'),('fac7d59b395640679feee56d196f04gs','cf0fa73ab6e2408ba64a5402779a04gs','C','相当多时间','3.00','0.00','0','1','2018-12-06 16:45:03','4'),('fb07da3c9ecb4addbe644993721504gs','9db5bb979bb449229de6d7100eda04gs','B','很少（有一点）','2.00','0.00','0','1','2018-12-06 16:45:03','4'),('fb8ee7c2c9384db69e2cd5409c4204gs','32f5f829796a469e8e15771d26f604gs','E','总是（非常）','5.00','0.00','0','1','2018-12-06 16:45:03','4'),('fbb6f195db5846f2a04962f1c1ed04gs','c11173787fed47a99d89244cde9104gs','D','经常（相当）','4.00','0.00','0','1','2018-12-06 16:45:03','4'),('fc6a9c9054b443838c576622d70704gs','1d502ad9d0b54be5801bca518a6f04gs','C','已确诊为认知障碍，如老年痴呆','2.00','0.00','1','1','2018-12-06 16:45:03','4'),('fc95d9ad83ba4603808a5ec2189d04gs','30ac1cd7e3384882b70aca72333a04gs','D','经常（相当）','4.00',NULL,'0','1','2018-12-06 16:45:03','4'),('fd1f2173e1ee4a638bc81a5e222f04gs','cd7b9cd76263443199654bd8255d04gs','D','大部分时间这样','3.00','0.00','0','1','2018-12-06 16:45:03','4'),('fd52e4fc5cbb4583a472e9deb72804gs','b3757922dd1042a78e60da40ce0704gs','B','很少（有一点）','2.00','0.00','0','1','2018-12-06 16:45:03','4'),('fdd7aaa7300a466e85e634054d0e04gs','a7d9e3677e0744aab3237afb583e04gs','D','经常（相当）','4.00','0.00','0','1','2018-12-06 16:45:03','4'),('fdf554388c26479888212efe5a6c04gs','bd64786995d84db5b612b2f83da704gs','A','是','1.00','0.00','0','8f97c50bda3041218d0628ec1005d183','2018-12-06 16:45:03','4'),('fe86810c4a954cd782f0ce10836804gs','4ca4fc664c114bf9a562ef67e64204gs','A','没有（根本不）','1.00','0.00','0','1','2018-12-06 16:45:03','4'),('fec82d71c81544298cd4cb530bc504gs','0635b50a17144393bb9549e79a7604gs','C','有时（有些）','3.00','0.00','0','1','2018-12-06 16:45:03','4'),('ff222adcf96d4396ab3bc82f956804gs','e0986f4a73da496bbac47c1731d904gs','B','否','0.00','0.00','0','8f97c50bda3041218d0628ec1005d183','2018-12-06 16:45:03','4'),('ff31f759fc3345578acbd0ecdaee04gs','9746016ffd1a4b46aee8c0d3c37e04gs','A','没有需要/完全卧床/护士扶持','0.00','0.00','0','8f97c50bda3041218d0628ec1005d183','2018-12-06 16:45:03','4'),('ff399bd4de014d74a8552c0ef34e04gs','3fa6892ab65c43ebb64793f7da8404gs','C','有时候这样','2.00','0.00','0','1','2018-12-06 16:45:03','4'),('ffe2832665634636b3a3bb9e358c04gs','b5964c96773f4ed895cf9cf70e5b04gs','A','准备好洗澡水后，可自己独立完成','5.00','0.00','0','1','2018-12-06 16:45:03','4');

/*Data for the table `t_kb_assess_algorithm` */

insert  into `t_kb_assess_algorithm`(`assess_algorithm_id`,`algorithm_code`,`algorithm_name`,`algorithm_type`,`algorithm_entrance`,`algorithm_desc`,`is_valid`,`operate_person`,`operate_time`,`orgid`) values ('0701c0f9627144d0b334bcea410204gs','而温柔温柔','1','0','1','1','1','1','2018-12-06 16:45:03','4'),('193affc7575a495c9a8167416b4e04gs','bluesCalculateB','抑郁评估算法B','0','com.bjgoodwill.assess.service.impl.BluesCalculateQuestionnaireResultB','用于抑郁评估问卷SAS、SDS的算法','0','1','2018-12-06 16:45:03','4'),('1afe01f369cf457baa3092fbfef604gs','oldCalculate','老年人能力评估算法','0','com.bjgoodwill.assess.service.impl.OldCalculateQuestionnaireResult','老年人能力评估算法评估逻辑','0','1','2018-12-06 16:45:03','4'),('3b323ba520364bb2a5093e54a41104gs','er','er1','0','dfg1','sdaf','1','1','2018-12-06 16:45:03','4'),('76a2c2985c7949449a83907a269204gs','brainsCalculate','智力检测评估算法','0','com.bjgoodwill.assess.service.impl.BluesCalculateQuestionnaireResult','套用抑郁评估算法','0','8f97c50bda3041218d0628ec1005d183','2018-12-06 16:45:03','4'),('8bdc23b79bc84eb89c3f8860cad304gs','tcmCalculate','中医体质评估算法','0','com.bjgoodwill.assess.service.impl.TcmCalculateQuestionnaireResult','中医体质辨识评估算法评估逻辑','0','1','2018-12-06 16:45:03','4'),('91f390b8e24a4b67a53621533d8104gs','ER','13','0','1','1','1','1','2018-12-06 16:45:03','4'),('ad7bb63d2c1a474b9181b8e8456104gs','21','12','0','128','12','1','1','2018-12-06 16:45:03','4'),('b092260a5710433ea74783ed481904gs','ycCalculate','压疮评估算法','0','com.bjgoodwill.assess.service.impl.BluesCalculateQuestionnaireResult','套用抑郁症的算法','0','8f97c50bda3041218d0628ec1005d183','2018-12-06 16:45:03','4'),('d1d465a213754f4d935a323663e104gs','tumbleCalculate','跌倒评估算法','0','com.bjgoodwill.assess.service.impl.BluesCalculateQuestionnaireResult','套用抑郁评估算法','0','8f97c50bda3041218d0628ec1005d183','2018-12-06 16:45:03','4'),('eb7e0e81d5f94974943f213e6e4204gs','bluesCalculate','抑郁评估算法','0','com.bjgoodwill.assess.service.impl.BluesCalculateQuestionnaireResult','用于孕产妇抑郁评估问卷的评估算法','0','1','2018-12-06 16:45:03','4'),('f7234f237399436599b513aa423c04gs','wxyypdCalculate','营养评定评估算法','0','com.bjgoodwill.assess.service.impl.BluesCalculateQuestionnaireResult','套用抑郁评估算法','0','8f97c50bda3041218d0628ec1005d183','2018-12-06 16:45:03','4');

/*Data for the table `t_kb_assess_guide` */

insert  into `t_kb_assess_guide`(`assess_guide_id`,`qs_standard_id`,`questionnaire_id`,`main_questionnaire_id`,`guide_item_code`,`guide_item_content`,`qss_grade`,`qss_grade_desc`,`is_valid`,`operate_person`,`operate_time`,`orgid`) values ('02d7853b3341444b9c50c15ca8b004gs','5bc4b96c894647d3b887ad7b385004gs','7c97c66b65024832adb5712e94c704gs','5744880a246345429aa7bec28daa04gs','blues','<b><span style=\'font-size:14px;\'>建议找专业人士寻求心理辅导。</span><span style=\'font-size:14px;\'></span></b>','1','重度焦虑','0','1','2018-12-06 16:45:03','4'),('0677cd9879f14f3e9232c2de9da904gs','776314e734cf4bb88972d53d743a04gs','804bddcf71014774996fb80af36704gs','31bce069fb354adc91933ec6c7ba04gs','psychotherapy','过敏体质的人因对过敏原敏感，容易产生紧张、焦虑等情绪，因此要在尽量避免过敏原的同时，还应避免紧张情绪。','0','是','0','1','2018-12-06 16:45:03','4'),('07a38fd220c04e84966f92e13a1904gs','776314e734cf4bb88972d53d743a04gs','804bddcf71014774996fb80af36704gs','31bce069fb354adc91933ec6c7ba04gs','dailyLife','起居要有规律，保持充足的睡眠时间。居室宜通风良好。生活环境中接触的物品如枕头、棉被、床垫、地毯、窗帘、衣橱易附有尘螨，可引起过敏，应经常清洗、日晒。外出也要避免处在花粉及粉刷油漆的空气中，以免刺激而诱发过敏病症。','0','是','0','1','2018-12-06 16:45:03','4'),('08b23add0501408fbc8aada67e5e04gs','881b197d3bd94f67b3c8297911db04gs','4ea6d23186a0409c9d6bcb102c1404gs','31bce069fb354adc91933ec6c7ba04gs','psychotherapy','遇事宜沉稳，努力克服浮躁情绪。宜欣赏流畅抒情的音乐，如《春江花月夜》等。','0','是','0','1','2018-12-06 16:45:03','4'),('0d854bc416824eff9de15c9d560104gs','881b197d3bd94f67b3c8297911db04gs','4ea6d23186a0409c9d6bcb102c1404gs','31bce069fb354adc91933ec6c7ba04gs','sportsHealth','宜进行有助于促进气血运行的运动项目，持之以恒。如步行健身法，或者八段锦，在完成整套动作后将“左右开弓似射雕”和“背后七颠百病消”加做1～3遍。避免在封闭环境中进行锻炼。锻炼强度视身体情况而定，不宜进行大强度、大负荷运动，以防意外。','0','是','0','1','2018-12-06 16:45:03','4'),('10ae411040564570b5dca28bea1104gs','0c26ee5491af4058ba15cae2605f04gs','36b32aa4c990437d812035e8ca2804gs','36b32aa4c990437d812035e8ca2804gs','respiteCare','建议社区居家养老，照护内容为：\r\n 1．每天清扫家居，保持环境清洁；\r\n 2．每天协助被照护者整理床铺，保持衣被清洁；床上用品整洁；\r\n 3. 督促被照护者做好个人卫生；\r\n 4. 准备餐饮；\r\n 5. 提醒被照护者用餐；\r\n 6. 督促被照护者按时服药；\r\n 7.及时了解被照护者的身体变化；\r\n 8.陪同被照护者进行康复娱乐活动；9.协助被照护者洗澡，根据气温高低，每天或隔天一次；10．协助被照护者做好个人卫生（洗脚、洗头、修剪指/趾甲、剃须等）。',NULL,NULL,'1','1','2018-12-06 16:45:03','4'),('11e9e09da6134222a1070636a82a04gs','5a7ca2585a2c43fdbc6093c3060504gs','36b32aa4c990437d812035e8ca2804gs','36b32aa4c990437d812035e8ca2804gs','dietCare','22222',NULL,NULL,'1','1','2018-12-06 16:45:03','4'),('16aae2fd1d9d447f90a87cb8de8504gs','09992208299744deb8e294c041f304gs','47b54e69ac8e4623a177bffc586304gs','31bce069fb354adc91933ec6c7ba04gs','sportsHealth','宜做中长跑、游泳、各种球类、武术等强度较大的锻炼。夏季应避免在烈日下长时间活动，在秋高气爽的季节，经常选择爬山登高，更有助于祛除湿热。也可做八段锦，在完成整套动作后将“双手托天理三焦”和“调理脾胃须单举”加做1～3遍，每日1遍。','0','是','0','1','2018-12-06 16:45:03','4'),('170719ebf40d4358bee641038a4704gs','5a7ca2585a2c43fdbc6093c3060504gs','36b32aa4c990437d812035e8ca2804gs','36b32aa4c990437d812035e8ca2804gs','respiteCare','建议机构养老，照护内容为：\r\n 1．每天清扫家居，保持环境清洁；\r\n 2．每天协助被照护者整理床铺，保持衣被清洁；床上用品整洁；\r\n 3. 督促被照护者做好个人卫生；\r\n 4. 准备餐饮；\r\n 5. 提醒被照护者用餐；\r\n 6. 督促被照护者按时服药；\r\n 7.及时了解被照护者的身体变化；\r\n 8.陪同被照护者进行康复娱乐活动；9.协助被照护者洗澡，根据气温高低，每天或隔天一次；10．协助被照护者做好个人卫生（洗脚、洗头、修剪指/趾甲、剃须等）；11.每天为被照护者清洗水杯、餐具、毛巾、脸盆；便器用完后及时倾倒、清洗，消毒；12. 协助被照护者穿脱衣物，搀扶行走不便的被照顾者如厕，防止摔倒；13.为卧床被照护者做好晨、晚间护理、口腔护理，定时翻身，检查皮肤受压的情况，预防褥疮等并发症发生；14.协助床上大小便，为大小便失禁的被照护者做到勤查看、勤换洗、勤翻身、及时更换衣被，保持被照护者身体及床单位清洁、干燥、无异味；15. 供应饭菜、茶水到被照护者床边；按时协助被照护者进食、饮水、零食、服药，餐后及时为被照护者清洁整理；16. 对易发生坠床意外者由家属提供床栏、座椅加绳托等安全保护具，确保安全，避免发生意外事故；17. 做好心理照护和卫生宣教工作，推轮椅园内散步。',NULL,NULL,'1','1','2018-12-06 16:45:03','4'),('1b9ff9457302427298ad9fc533a704gs','ebb78642021940539f19df89263b04gs','1e32b906c8c94dbc8e91107a4f9204gs','9dcf6e13e163440d8cdc633a3bb104gs','blues','<b><span style=\'font-size:14px;\'>建议及时找专业人士进行综合干预。</span></b>','2','中度抑郁','0','1','2018-12-06 16:45:03','4'),('20a93f15d28441498044c821642104gs','79a270647e104b5095b5e528bc5e04gs','b898c117b6c84bb084732d21c48f04gs','31bce069fb354adc91933ec6c7ba04gs','dietCare','宜选用具有理气解郁作用的食物，如黄花菜、菊花、玫瑰花、茉莉花、大麦、金橘、柑橘、柚子等。少食收敛酸涩的食物，如石榴、乌梅、青梅、杨梅、草莓、杨桃、酸枣、李子、柠檬、南瓜、泡菜等。','0','是','0','1','2018-12-06 16:45:03','4'),('22bf035f1a9c4863838847c2919f04gs','af0eaed8b9644a57bfbd7192daf904gs','7c97c66b65024832adb5712e94c704gs','5744880a246345429aa7bec28daa04gs','blues','<b><span style=\'font-size:14px;\'>可能有一点产前焦虑和抑郁的情绪，不用担心，了解清楚产前产后抑郁，放松心态面对它。</span></b>','3','轻度焦虑','0','1','2018-12-06 16:45:03','4'),('2373733b69ba49bebbeab89aedd204gs','183d4c9db16140d89706ccce433504gs','180dc8603f024c8b9d8f678813db04gs','31bce069fb354adc91933ec6c7ba04gs','meridianHealth','关元穴、命门穴\r\n关元穴：参考气虚质。\r\n命门：位于腰部，当后正中线上,第2腰椎棘突下凹陷中。\r\n可采用温和灸的方法，可每周进行1次。 关元穴还可采用掌根揉法。每穴2～3分钟，每天1～2次。也可配合摩擦腰肾法温肾助阳。摩擦腰肾法每天1次，每次约10分钟，以摩至皮肤温热为度。','0','是','0','1','2018-12-06 16:45:03','4'),('28f73ad6691d462783db171e9e7904gs','b0640a5ecb7e44cd850f5754994b04gs','4013e06e83424acc87fe8ac32a2404gs','31bce069fb354adc91933ec6c7ba04gs','sportsHealth','坚持长期运动锻炼，强度应根据自身的状况循序渐进。不宜在阴雨季节、天气湿冷的气候条件下运动。 \r\n可选择快走、武术以及打羽毛球等，使松弛的肌肉逐渐变得结实、致密。如果体重过重、膝盖受损，可选择游泳。','0','是','0','1','2018-12-06 16:45:03','4'),('29f0a633603b44fc90d41ed7963a04gs','79a270647e104b5095b5e528bc5e04gs','b898c117b6c84bb084732d21c48f04gs','31bce069fb354adc91933ec6c7ba04gs','dailyLife','尽量增加户外活动和社交，防止一人独处时心生凄凉。居室保持安静，宜宽敞、明亮。平日保持有规律的睡眠，睡前避免饮用茶、咖啡和可可等饮料。衣着宜柔软、透气、舒适。','0','是','0','1','2018-12-06 16:45:03','4'),('2fed01fcff2e41218e274fd9f74c04gs','cc67b0f453fe42aa8a9313ada4c604gs','36b32aa4c990437d812035e8ca2804gs','36b32aa4c990437d812035e8ca2804gs','psychotherapy','保持良好心态！保持',NULL,NULL,'1','1','2018-12-06 16:45:03','4'),('30376b1c2f91466895e5af9c297804gs','b0640a5ecb7e44cd850f5754994b04gs','4013e06e83424acc87fe8ac32a2404gs','31bce069fb354adc91933ec6c7ba04gs','dailyLife','居住环境宜干燥，不宜潮湿，穿衣面料以棉、麻、丝等透气散湿的天然纤维为佳，尽量保持宽松，有利于汗液蒸发，祛除体内湿气。 \r\n晚上睡觉枕头不宜过高，防止打鼾加重；早睡早起，不要过于安逸，贪恋沙发和床榻。','0','是','0','1','2018-12-06 16:45:03','4'),('38ac349033e84d6cb705e9dae7f204gs','09992208299744deb8e294c041f304gs','47b54e69ac8e4623a177bffc586304gs','31bce069fb354adc91933ec6c7ba04gs','dietPrescription','① 绿豆薏米粥：生薏苡仁40克，绿豆40克。浸泡一夜，放入锅内，加适量水，用文火炖至熟，焖数分钟即可。具有清热利湿解毒的功效，适合湿热体质易长疮疖者食用。 \r\n② 老黄瓜赤小豆煲猪肉汤：老黄瓜1000克，赤小豆80克，瘦猪肉少量，陈皮10克，生姜1～2片。赤小豆、陈皮洗净，陈皮刮去瓤，并一起浸泡；老黄瓜洗净，连皮切为厚块状；猪肉洗净，不用刀切。先放陈皮于瓦煲内，加入清水3000毫升（约12碗水量），武火煲沸后再加入老黄瓜、猪肉、生姜，煮沸后改为文火煲约2.5小时，调入适量食盐和生油即可。具有清热利湿、理气和中的功效，适合湿热体质者食用。','0','是','0','1','2018-12-06 16:45:03','4'),('3b180f8beaf9460a9ec1094fdf5d04gs','61dbc33fa0e245a397411719d10204gs','6b19afae44d84d7da834f479f60804gs','31bce069fb354adc91933ec6c7ba04gs','meridianHealth','气海穴、关元穴  \r\n气海穴：位于下腹部，前正中线上，当脐下1.5寸；\r\n关元穴：位于下腹部，前正中线上，当脐下3寸。\r\n采用掌根揉法，每个穴位按揉2～3分钟，每天操作1～2次。这两个穴位还可以采用艾条温和灸，增加温养益气的作用。温和灸可每周操作1次。','0','是','0','1','2018-12-06 16:45:03','4'),('3bfbfb18d8834674a98b7b0356c804gs','b0640a5ecb7e44cd850f5754994b04gs','4013e06e83424acc87fe8ac32a2404gs','31bce069fb354adc91933ec6c7ba04gs','dietPrescription','① 荷叶粥：干荷叶30g，粳米60g。干荷叶揉碎，与粳米同放锅中，共熬成粥。具有祛湿降浊的功效，适合痰湿体质者食用 。\r\n② 冬瓜海带薏米排骨汤：冬瓜1000克，海带100克，薏米30克，猪排骨少量，生姜2～3片。冬瓜连皮洗净，切成块状；薏米、海带洗净，稍浸泡；猪排骨洗净斩为件状；然后与生姜一起放进瓦煲内，加入清水3000毫升（约12碗水量），先用武火煲沸后，改为文火煲约3个小时，加入适量食盐和少许生油便可。具有健脾祛湿、化痰消浊的功效，适合痰湿体质腹部肥满的老年人食用。\r\n','0','是','0','1','2018-12-06 16:45:03','4'),('4011ed593515463396a420055bda04gs','3f28ae27a8114d579387544f497d04gs','5fb2fdf54f6f4c6d980d9007f32a04gs','31bce069fb354adc91933ec6c7ba04gs','dietCare','宜选用甘凉滋润的食物，如鸭肉、猪瘦肉、百合、黑芝麻、蜂蜜、荸荠、鳖、海蜇、海参、甘蔗、银耳、燕窝等。少食温燥、辛辣、香浓的食物，如羊肉、韭菜、茴香、辣椒、葱、蒜、葵花子、酒、咖啡、浓茶，以及荔枝、龙眼、樱桃、杏、大枣、核桃、栗子等。','0','是','0','1','2018-12-06 16:45:03','4'),('4020f7f1e090444585e545649f8b04gs','881b197d3bd94f67b3c8297911db04gs','4ea6d23186a0409c9d6bcb102c1404gs','31bce069fb354adc91933ec6c7ba04gs','dailyLife','居室宜温暖舒适，不宜在阴暗、寒冷的环境中长期工作和生活。衣着宜宽松，注意保暖，保持大便通畅。不宜贪图安逸，宜在阳光充足的时候进行户外活动。避免长时间打麻将、久坐、看电视等。','0','是','0','1','2018-12-06 16:45:03','4'),('44dda2e2964a46c895981098042a04gs','09992208299744deb8e294c041f304gs','47b54e69ac8e4623a177bffc586304gs','31bce069fb354adc91933ec6c7ba04gs','meridianHealth','支沟穴、阴陵泉穴\r\n支沟穴：位于前臂背侧，当阳池与肘尖的连线上，腕背横纹上3寸，尺骨与桡骨之间；\r\n阴陵泉穴：位于小腿内侧，当胫骨内侧踝后下凹陷处 ；\r\n可采用指揉或拍打的方法，每穴操作2～3分钟，每天1～2次。阴陵泉还可以选择刮痧。','0','是','0','1','2018-12-06 16:45:03','4'),('4757aea7e21f4543b74968eb202f04gs','183d4c9db16140d89706ccce433504gs','180dc8603f024c8b9d8f678813db04gs','31bce069fb354adc91933ec6c7ba04gs','dietCare','宜选用甘温补脾阳、温肾阳为主的食物，如羊肉、鸡肉、带鱼、黄鳝、虾、刀豆、韭菜、茴香、核桃、栗子、腰果、松子、红茶、生姜等。少食生冷、苦寒、黏腻食物，如田螺、螃蟹、海带、紫菜、芹菜、苦瓜、冬瓜、西瓜、香蕉、柿子、甘蔗、梨、绿豆、蚕豆、绿茶、冷冻饮料等。即使在盛夏也不要过食寒凉之品。','0','是','0','1','2018-12-06 16:45:03','4'),('4be4667a59f149c78edd9235fa7004gs','d5ceb19e89604332b2d6b8da376504gs','bf32cb8f90c948be9fdf5c1281b604gs','31bce069fb354adc91933ec6c7ba04gs','dietPrescription','① 春 宜多食蔬菜，如菠菜、芹菜、春笋、荠菜等。\r\n② 夏 宜多食新鲜水果，如西瓜、番茄、菠萝等，其他清凉生津食品，如金银花、菊花、鲜芦根、绿豆、冬瓜、苦瓜、黄瓜、生菜、豆芽等均可酌情食用，以清热祛暑。\r\n③长夏 宜选用茯苓、藿香、山药、莲子、薏苡仁、扁豆、丝瓜等利湿健脾之品，不宜进食滋腻碍胃的食物。\r\n④秋 宜选用寒温偏性不明显的平性药食。同时，宜食用濡润滋阴之品以保护阴津，如沙参、麦冬、阿胶、甘草等。\r\n⑤冬 宜选用温补之品，如生姜、肉桂、羊肉等温补之品。','0','是','0','1','2018-12-06 16:45:03','4'),('5172f158df5347ceae03c483cc8c04gs','d5ceb19e89604332b2d6b8da376504gs','bf32cb8f90c948be9fdf5c1281b604gs','31bce069fb354adc91933ec6c7ba04gs','meridianHealth','涌泉穴、足三里穴  \r\n涌泉穴：位于足底部，卷足时足前部凹陷处，约当足底2、3趾趾缝纹头端与足跟连线的前三分之一与后三分之二交点上 。\r\n足三里穴：足三里位于小腿前外侧，当犊鼻下3寸，距胫骨前缘一横指处 。\r\n用大拇指或中指指腹按压穴位，做轻柔缓和的环旋活动，以穴位感到酸胀为度，按揉2～3分钟。每天操作1～2次。','0','是','0','1','2018-12-06 16:45:03','4'),('55c6bcba375a4b17be30efb1fb5f04gs','b0640a5ecb7e44cd850f5754994b04gs','4013e06e83424acc87fe8ac32a2404gs','31bce069fb354adc91933ec6c7ba04gs','dietCare','宜选用健脾助运、祛湿化痰的食物，如冬瓜、白萝卜、薏苡仁、赤小豆、荷叶、山楂、生姜、荠菜、紫菜、海带、鲫鱼、鲤鱼、鲈鱼、文蛤等。少食肥、甜、油、黏（腻）的食物。','0','是','0','1','2018-12-06 16:45:03','4'),('5a455ea25e6247018cb6d86bc2e804gs','b0640a5ecb7e44cd850f5754994b04gs','4013e06e83424acc87fe8ac32a2404gs','31bce069fb354adc91933ec6c7ba04gs','meridianHealth','足三里穴、丰隆穴\r\n足三里穴：位置见气虚质；\r\n丰隆穴：位于小腿前外侧，当外踝尖上8寸，条口外，距胫骨前缘二横指处 ；\r\n可采用指揉法，每穴按揉2～3分钟。每天操作1～2次。\r\n','0','是','0','1','2018-12-06 16:45:03','4'),('631a3ecbadcd451db176617065c204gs','b0640a5ecb7e44cd850f5754994b04gs','4013e06e83424acc87fe8ac32a2404gs','31bce069fb354adc91933ec6c7ba04gs','psychotherapy','宜多参加社会活动，培养广泛的兴趣爱好。宜欣赏激进、振奋的音乐，如二胡《赛马》等。','0','是','0','1','2018-12-06 16:45:03','4'),('658dae97f4af4888899da843f52704gs','3f28ae27a8114d579387544f497d04gs','5fb2fdf54f6f4c6d980d9007f32a04gs','31bce069fb354adc91933ec6c7ba04gs','psychotherapy','宜加强自我修养、培养自己的耐性，尽量减少与人争执、动怒，不宜参加竞争胜负的活动，可在安静、优雅环境中练习书法、绘画等。有条件者可以选择在环境清新凉爽的海边、山林旅游休假。宜欣赏曲调轻柔、舒缓的音乐，如舒伯特《小夜曲》等。','0','是','0','1','2018-12-06 16:45:03','4'),('66c6480dd1a848f3b352094eab3704gs','79a270647e104b5095b5e528bc5e04gs','b898c117b6c84bb084732d21c48f04gs','31bce069fb354adc91933ec6c7ba04gs','dietPrescription','① 三花茶：茉莉花、菊花、玫瑰花各3克。沸水冲泡，代茶饮。具有行气解郁功效，适合气郁体质者饮用。 \r\n② 黄花菜瘦肉汤：鲜黄花菜60克(干品20克)，猪瘦肉500克（切块），生姜3片，适量油盐。黄花菜需要先用开水焯一下，放少许油略炒，然后将黄花菜和瘦肉一起放进瓦煲内，加入清水2500毫升，武火煲沸后改文火煲3个小时，调入适量盐、油便可。具有疏肝解郁功效，适合气郁体质者食用。','0','是','0','1','2018-12-06 16:45:03','4'),('6a2c49883d834b44a664a1922fde04gs','f0877357ff01424d8472c4f57f6604gs','7c97c66b65024832adb5712e94c704gs','5744880a246345429aa7bec28daa04gs','blues','<b><span style=\'font-size:14px;\'>状态不错，但也要注意预防产前产后抑郁的发生。</span></b>','4','无焦虑','0','1','2018-12-06 16:45:03','4'),('7714e29fe3f74154851936cfdbbc04gs','3f28ae27a8114d579387544f497d04gs','5fb2fdf54f6f4c6d980d9007f32a04gs','31bce069fb354adc91933ec6c7ba04gs','dailyLife','居住环境宜安静，睡好“子午觉”。避免熬夜及在高温酷暑下工作，不宜洗桑拿、泡温泉。节制房事，勿吸烟。注意防晒，保持皮肤湿润，宜选择选择蚕丝等清凉柔和的衣物 。','0','是','0','1','2018-12-06 16:45:03','4'),('77d29c9aae66495a8d28264a597904gs','79a270647e104b5095b5e528bc5e04gs','b898c117b6c84bb084732d21c48f04gs','31bce069fb354adc91933ec6c7ba04gs','meridianHealth','合谷穴、太冲穴\r\n合谷穴：位于手背，第1、2掌骨间，当第2掌骨桡侧的中点处 ；\r\n太冲穴：位于足背侧，当第1跖骨间隙的后方凹陷处。\r\n可采用按揉的方法。每穴操作每穴2～3分钟，每天1～2次。','0','是','0','1','2018-12-06 16:45:03','4'),('79ad34682e5344368555146a8aa504gs','f3af315a5d92464d9630b311eaf704gs','58d82bd32a0d4955ac609dcf21cd04gs','8b9bc1a47f3b47e198b7250b93c904gs','blues','<span style=\'font-size:14px;\'><b>可能有一点产前焦虑和抑郁的情绪，不用担心，了解清楚产前产后抑郁，放松心态面对它。</b></span>','2','抑郁可疑','0','1','2018-12-06 16:45:03','4'),('79c63c0ecf214fb08461770e8f3f04gs','e59d949ddf374cf89afef252f3f704gs','36b32aa4c990437d812035e8ca2804gs','36b32aa4c990437d812035e8ca2804gs','respiteCare','建议机构养老，照护内容为：\r\n 1．每天清扫家居，保持环境清洁；\r\n 2．每天协助被照护者整理床铺，保持衣被清洁；床上用品整洁；\r\n 3. 督促被照护者做好个人卫生；\r\n 4. 准备餐饮；\r\n 5. 提醒被照护者用餐；\r\n 6. 督促被照护者按时服药；\r\n 7.及时了解被照护者的身体变化；\r\n 8.陪同被照护者进行康复娱乐活动；9.协助被照护者洗澡，根据气温高低，每天或隔天一次；10．协助被照护者做好个人卫生（洗脚、洗头、修剪指/趾甲、剃须等）；11.每天为被照护者清洗水杯、餐具、毛巾、脸盆；便器用完后及时倾倒、清洗，消毒；12. 协助被照护者穿脱衣物，搀扶行走不便的被照顾者如厕，防止摔倒。',NULL,NULL,'1','1','2018-12-06 16:45:03','4'),('7c272210d9f14d6f9e76b85f18ef04gs','3f28ae27a8114d579387544f497d04gs','5fb2fdf54f6f4c6d980d9007f32a04gs','31bce069fb354adc91933ec6c7ba04gs','meridianHealth','太溪穴、三阴交穴\r\n太溪穴：太溪位于足内侧，内踝后方，当内踝尖与跟腱之间的凹陷处 ；\r\n三阴交穴：位于小腿内侧，当足内踝尖上3寸，胫骨内侧缘后方 ；\r\n可采用指揉的方法，每个穴位按揉2～3分钟，每天操作1～2次。','0','是','0','1','2018-12-06 16:45:03','4'),('7c8cdc60da6048a8a343a334590304gs','183d4c9db16140d89706ccce433504gs','180dc8603f024c8b9d8f678813db04gs','31bce069fb354adc91933ec6c7ba04gs','dailyLife','居住环境以温和的暖色调为宜，不宜在阴暗潮湿寒冷的环境下长期工作和生活。平时要注意腰部、背部和下肢保暖。白天保持一定活动量，避免打盹瞌睡。睡觉前尽量不要饮水，睡前将小便排净。','0','是','0','1','2018-12-06 16:45:03','4'),('8132fd829c014f3c9aa661d41d2304gs','2d38b842098441c084a5b63a785e04gs','58d82bd32a0d4955ac609dcf21cd04gs','8b9bc1a47f3b47e198b7250b93c904gs','blues','<b><span style=\'font-size:14px;\'>状态不错，但也要注意预防产前产后抑郁的发生。</span></b><span style=\'font-size:14px;\'></span>','3','无抑郁症状','0','1','2018-12-06 16:45:03','4'),('864ace06438f407f89d941efc01104gs','203e48ee760e44cdba68eeb1eaf104gs','1e32b906c8c94dbc8e91107a4f9204gs','9dcf6e13e163440d8cdc633a3bb104gs','blues','<b><span style=\'font-size:14px;\'>状态不错，但也要注意预防产前产后抑郁的发生。</span></b>','4','无抑郁','0','1','2018-12-06 16:45:03','4'),('892addd03b85464c8cf6094d7b0c04gs','79a270647e104b5095b5e528bc5e04gs','b898c117b6c84bb084732d21c48f04gs','31bce069fb354adc91933ec6c7ba04gs','psychotherapy','宜乐观开朗，多与他人相处，不苛求自己也不苛求他人。如心境抑郁不能排解时，要积极寻找原因，及时向朋友倾诉。宜欣赏节奏欢快、旋律优美的乐曲如《金蛇狂舞》等，还适宜看喜剧、励志剧，以及轻松愉悦的相声表演。','0','是','0','1','2018-12-06 16:45:03','4'),('8a1989ce17684b35b46312214b1e04gs','d5ceb19e89604332b2d6b8da376504gs','bf32cb8f90c948be9fdf5c1281b604gs','31bce069fb354adc91933ec6c7ba04gs','sportsHealth','形成良好的运动健身习惯，可根据个人爱好和耐受程度，选择适合的运动健身项目。','0','是','0','1','2018-12-06 16:45:03','4'),('8bfc39f6089b4a269f17b44baa2804gs','61dbc33fa0e245a397411719d10204gs','6b19afae44d84d7da834f479f60804gs','31bce069fb354adc91933ec6c7ba04gs','dietCare','宜选用性平偏温、健脾益气的食物，如大米、小米、南瓜、胡萝卜、山药、大枣、香菇、莲子、白扁豆、黄豆、豆腐、鸡肉、鸡蛋、鹌鹑（蛋）、牛肉等。尽量少吃或不吃空心菜、槟榔、生萝卜等耗气的食物。不宜多食生冷苦寒、辛辣燥热的食物。宜选用性平偏温、健脾益气的食物，如大米、小米、南瓜、胡萝卜、山药、大枣、香菇、莲子、白扁豆、黄豆、豆腐、鸡肉、鸡蛋、鹌鹑（蛋）、牛肉等。尽量少吃或不吃空心菜、槟榔、生萝卜等耗气的食物。不宜多食生冷苦寒、辛辣燥热的食物。','0','是','0','1','2018-12-06 16:45:03','4'),('8c9c310a149a4ff4b9e48b0adca304gs','61dbc33fa0e245a397411719d10204gs','6b19afae44d84d7da834f479f60804gs','31bce069fb354adc91933ec6c7ba04gs','dietPrescription','① 山药粥：山药30g，粳米180g。将山药和粳米一起入锅加清水适量煮粥，煮熟即成。此粥可在每日晚饭时食用。具有补中益气功效，适合气虚体质者食用。\r\n② 黄芪童子鸡：童子鸡1只，生黄芪9g。洗净童子鸡，用纱布袋包好生黄芪，取一根细线，一端扎紧纱布袋口，置于锅内，另一端则绑在锅柄上。在锅中加姜、葱及适量水煮汤，待童子鸡煮熟后，拿出黄芪包。加入盐、黄酒调味，即可食用。具有益气补虚功效，适合气虚体质易自汗者食用。本方补气力量较强，对气虚表现比较明显者，可每隔半个月食用一次，不宜长期连续服用。','0','是','0','1','2018-12-06 16:45:03','4'),('8e59baf1929f44b3b50ea2c4de4b04gs','183d4c9db16140d89706ccce433504gs','180dc8603f024c8b9d8f678813db04gs','31bce069fb354adc91933ec6c7ba04gs','sportsHealth','宜在阳光充足的环境下适当进行舒缓柔和的户外活动，尽量避免在大风、大寒、大雪的环境中锻炼。\r\n日光浴、空气浴是较好的强身壮阳之法。也可选择八段锦，在完成整套动作后将“五劳七伤往后瞧”和“两手攀足固肾腰”加做1～3遍。','0','是','0','1','2018-12-06 16:45:03','4'),('9033050490444d49965725ffe3bc04gs','61dbc33fa0e245a397411719d10204gs','6b19afae44d84d7da834f479f60804gs','31bce069fb354adc91933ec6c7ba04gs','psychotherapy','宜保持稳定乐观的心态，不可过度劳神。宜欣赏节奏明快的音乐，如笛子曲《喜相逢》等。','0','是','0','1','2018-12-06 16:45:03','4'),('97152a863f6b442d8d6b56b9b43004gs','09992208299744deb8e294c041f304gs','47b54e69ac8e4623a177bffc586304gs','31bce069fb354adc91933ec6c7ba04gs','psychotherapy','宜稳定情绪，尽量避免烦恼，可选择不同形式的兴趣爱好。宜欣赏曲调悠扬的乐曲，如古筝《高山流水》等。','0','是','0','1','2018-12-06 16:45:03','4'),('9bca6b09eb8345b2b3b731ad4af904gs','1a681a121ae345dba1164d1f453304gs','36b32aa4c990437d812035e8ca2804gs','36b32aa4c990437d812035e8ca2804gs','respiteCare','建议社区居家养老，照护内容为：\r\n1．每天清扫家居，保持环境清洁；\r\n2．每天协助被照护者整理床铺，保持衣被清洁；床上用品整洁；\r\n3. 督促被照护者做好个人卫生；\r\n4. 准备餐饮；\r\n5. 提醒被照护者用餐；\r\n6. 督促被照护者按时服药；\r\n7.及时了解被照护者的身体变化；\r\n8.陪同被照护者进行康复娱乐活动。',NULL,NULL,'1','1','2018-12-06 16:45:03','4'),('9e681622820143608d913bbe64d604gs','2d7b8983af1d4b6487801fb8e3a704gs','58d82bd32a0d4955ac609dcf21cd04gs','8b9bc1a47f3b47e198b7250b93c904gs','blues','<b>建议及时找专业人士进行综合干预。</b><span style=\'font-size:14px;\'></span>','1','产后抑郁症','0','1','2018-12-06 16:45:03','4'),('a007e5e71f3d49ada58dc352a6a404gs','d5ceb19e89604332b2d6b8da376504gs','bf32cb8f90c948be9fdf5c1281b604gs','31bce069fb354adc91933ec6c7ba04gs','psychotherapy','在日常生活中保持平和的心态。可根据个人爱好，选择弹琴、下棋、书法、绘画、听音乐、阅读、旅游、种植花草等放松心情。','0','是','0','1','2018-12-06 16:45:03','4'),('a2c3afd8617b41209cc966db46e304gs','881b197d3bd94f67b3c8297911db04gs','4ea6d23186a0409c9d6bcb102c1404gs','31bce069fb354adc91933ec6c7ba04gs','meridianHealth','期门穴、血海穴\r\n期门穴：位于胸部，当乳头直下，第6肋间隙，前正中线旁开4寸 ；\r\n血海穴：屈膝，在大腿内侧，髌底内侧端上2寸，当股四头肌内侧头的隆起处 ；\r\n采用指揉法。每个穴位操作2～3分钟，每天操作1～2次。','0','是','0','1','2018-12-06 16:45:03','4'),('a5a8a236bc8c453390dbec5d8efd04gs','61dbc33fa0e245a397411719d10204gs','6b19afae44d84d7da834f479f60804gs','31bce069fb354adc91933ec6c7ba04gs','dailyLife','提倡劳逸结合，不要过于劳作，以免损伤正气。平时应避免汗出受风。居室环境应采用明亮的暖色调。','0','是','0','1','2018-12-06 16:45:03','4'),('a7cd03993691465783f96fa2dfad04gs','881b197d3bd94f67b3c8297911db04gs','4ea6d23186a0409c9d6bcb102c1404gs','31bce069fb354adc91933ec6c7ba04gs','dietCare','宜选用具有调畅气血作用的食物，如生山楂、醋、玫瑰花、桃仁（花）、黑豆、油菜等。少食收涩、寒凉、冰冻之物，如乌梅、柿子、石榴、苦瓜、花生米，以及高脂肪、高胆固醇、油腻食物，如蛋黄、虾、猪头肉、猪脑、奶酪等。还可少量饮用葡萄酒、糯米甜酒，有助于促进血液运行，但高血压和冠心病等患者不宜饮用。女性月经期间慎用活血类食物。','0','是','0','1','2018-12-06 16:45:03','4'),('b6fbfb1ed8f94c91ba8425275ad604gs','776314e734cf4bb88972d53d743a04gs','804bddcf71014774996fb80af36704gs','31bce069fb354adc91933ec6c7ba04gs','sportsHealth','宜进行慢跑、散步等户外活动，也可选择下棋、瑜珈等室内活动。不宜选择大运动量的活动，避免春天或季节交替时长时间在野外锻炼。运动时注意避风寒，如出现哮喘、憋闷的现象应及时停止运动。','0','是','0','1','2018-12-06 16:45:03','4'),('b837645c09b44f1fb7502c0dd45504gs','fa26b1d5b60846ec9a6a8e1502fc04gs','1e32b906c8c94dbc8e91107a4f9204gs','9dcf6e13e163440d8cdc633a3bb104gs','blues','<b><span style=\'font-size:14px;\'>可能有一点产前焦虑和抑郁的情绪，不用担心，了解清楚产前产后抑郁，放松心态面对它。</span></b>','3','轻度抑郁','0','1','2018-12-06 16:45:03','4'),('bf0881e0253945bfb822d2c7154304gs','d5ceb19e89604332b2d6b8da376504gs','bf32cb8f90c948be9fdf5c1281b604gs','31bce069fb354adc91933ec6c7ba04gs','dietCare','不要过饥过饱，也不要进食过冷过烫或不干净食物；粗细粮食宜合理搭配，多吃五谷杂粮、蔬菜瓜果，少食过于油腻及辛辣食品；注意戒烟限酒。','0','是','0','1','2018-12-06 16:45:03','4'),('c0afcbbb9090406aa7fe033935c404gs','881b197d3bd94f67b3c8297911db04gs','4ea6d23186a0409c9d6bcb102c1404gs','31bce069fb354adc91933ec6c7ba04gs','dietPrescription','①黑豆川芎粥：川芎10g，黑豆25g，粳米50g。川芎用纱布包裹，和黑豆、粳米一起水煎煮熟，加适量红糖，分次温服。具有活血祛瘀功效，适合血瘀体质者食用。 \r\n②红花三七蒸老母鸡：老母鸡1只（约1000g），参三七10g，红花15g，陈皮10g。将老母鸡宰杀，剖腹去内脏，洗净后，放入三七、红花、陈皮，文火蒸熟，至肉烂，加葱、盐、姜调味，分餐食之。具有活血行气功效，适合血瘀体质患有胸痹、痛证者食用。','0','是','0','1','2018-12-06 16:45:03','4'),('c1aa7db5eb9b44a9b4363597005604gs','183d4c9db16140d89706ccce433504gs','180dc8603f024c8b9d8f678813db04gs','31bce069fb354adc91933ec6c7ba04gs','psychotherapy','宜保持积极向上的心态，正确对待生活中的不利事件，及时调节自己的消极情绪。 宜欣赏激昂、高亢、豪迈的音乐，如《黄河大合唱》等。','0','是','0','1','2018-12-06 16:45:03','4'),('c34e7575091346fe91894637668704gs','776314e734cf4bb88972d53d743a04gs','804bddcf71014774996fb80af36704gs','31bce069fb354adc91933ec6c7ba04gs','dietCare','饮食宜均衡、粗细搭配适当、荤素配伍合理，宜多食益气固表的食物，尽量少食辛辣、腥发食物，不食含致敏物质的食品，如蚕豆、白扁豆、羊肉、鹅肉、鲤鱼、虾、蟹、茄子、辣椒、浓茶、咖啡等。','0','是','0','1','2018-12-06 16:45:03','4'),('c3d4ba9e7bbd4a74b4233a2bf5ba04gs','09992208299744deb8e294c041f304gs','47b54e69ac8e4623a177bffc586304gs','31bce069fb354adc91933ec6c7ba04gs','dailyLife','居室宜干燥、通风良好，避免居处潮热，可在室内用除湿器或空调改善湿、热的环境。选择款式宽松，透气性好的天然棉、麻、丝质服装。注意个人卫生，预防皮肤病变。\r\n保持充足而有规律的睡眠，睡前半小时不宜思考问题、看书、看情节紧张的电视节目，避免服用兴奋饮料，不宜吸烟饮酒。保持二便通畅，防止湿热积聚。','0','是','0','1','2018-12-06 16:45:03','4'),('c589f331f7184a6883c9d1e0333304gs','e3991a7660b4448492abebf8a90e04gs','7c97c66b65024832adb5712e94c704gs','5744880a246345429aa7bec28daa04gs','blues','<b><span style=\'font-size:14px;\'>建议找专业人士寻求心理辅导。</span></b>','2','中度焦虑','0','1','2018-12-06 16:45:03','4'),('c665d0e9dcd0403e974c1b31d8a504gs','79a270647e104b5095b5e528bc5e04gs','b898c117b6c84bb084732d21c48f04gs','31bce069fb354adc91933ec6c7ba04gs','sportsHealth','宜多参加群体性体育运动项目，坚持做较大强度、较大负荷的“发泄式”锻炼，如跑步、登山、游泳。也可参与下棋、打牌等娱乐活动，分散注意力。','0','是','0','1','2018-12-06 16:45:03','4'),('c713ef5fb7fe474e926cea1c735404gs','b28df944979c4460bcc7ba98c98d04gs','1e32b906c8c94dbc8e91107a4f9204gs','9dcf6e13e163440d8cdc633a3bb104gs','blues','<b><span style=\'font-size:14px;\'>建议及时找专业人士进行综合干预。</span></b>','1','重度抑郁','0','1','2018-12-06 16:45:03','4'),('c9e12c4d8c17471ea6a216d62bad04gs','776314e734cf4bb88972d53d743a04gs','804bddcf71014774996fb80af36704gs','31bce069fb354adc91933ec6c7ba04gs','meridianHealth','神阙穴、曲池穴\r\n神阙穴：位于腹中部，脐中央；\r\n曲池穴：位于肘横纹外侧端，屈肘，当尺泽与在肘横纹外侧端与肱骨外上髁连线中点 ；\r\n神阙采用温和灸，每周1次。曲池采用指揉法，按揉2～3分钟。每天操作1～2次。','0','是','0','1','2018-12-06 16:45:03','4'),('ce7ffe313c3644449618a888a91d04gs','09992208299744deb8e294c041f304gs','47b54e69ac8e4623a177bffc586304gs','31bce069fb354adc91933ec6c7ba04gs','dietCare','宜选用甘寒或苦寒的清利化湿食物，如绿豆（芽）、绿豆糕、绿茶、芹菜、黄瓜、苦瓜、西瓜、冬瓜、薏苡仁、赤小豆、马齿苋、藕等。少食羊肉、动物内脏等肥厚油腻之品，以及韭菜、生姜、辣椒、胡椒、花椒及火锅、烹炸、烧烤等辛温助热的食物。','0','是','0','1','2018-12-06 16:45:03','4'),('e09cc20b9c0842fb8ce51a77d74b04gs','3f28ae27a8114d579387544f497d04gs','5fb2fdf54f6f4c6d980d9007f32a04gs','31bce069fb354adc91933ec6c7ba04gs','dietPrescription','① 蜂蜜银耳蒸百合：百合120g，蜂蜜30g，银耳30g。将百合、蜂蜜、银耳拌和均匀，蒸令熟软。具有养阴生津润燥的功效，适合阴虚体质常感咽干口燥、皮肤干燥者食用。糖尿病患者不宜使用本方。 \r\n② 莲子百合煲瘦肉：莲子（去芯）20g，百合20g，猪瘦肉100g。用莲子（去芯）、百合、猪瘦肉，加水适量同煲，肉熟烂后用盐调味食用。具有养阴清热、益气安神功效，适合阴虚体质常感虚烦失眠多梦者食用 。\r\n','0','是','0','1','2018-12-06 16:45:03','4'),('e134c16a6d1a4fc485938acfef1704gs','183d4c9db16140d89706ccce433504gs','180dc8603f024c8b9d8f678813db04gs','31bce069fb354adc91933ec6c7ba04gs','dietPrescription','①当归生姜羊肉汤：当归20g，生姜30g，羊肉500g。当归、生姜冲洗干净，用清水浸软，切片备用。羊肉剔去筋膜，放入开水锅中略烫，除去血水后捞出，切片备用。当归、生姜、羊肉放入砂锅中，加清水、料酒、食盐，旺火烧沸后撇去浮沫，再改用小火炖至羊肉熟烂即成。具有温阳补血、祛寒止痛功效，适合阳虚体质者食用 。\r\n②韭菜炒胡桃仁：胡桃仁50g，韭菜200g。生胡桃仁开水浸泡去皮，沥干备用。韭菜摘洗干净，切成寸段备用。麻油倒入炒锅，烧至七成热时，加入胡桃仁，炒黄，再加入韭菜、食盐，翻炒至熟。具有温肾助阳功效，适合阳虚体质腰膝冷痛者。','0','是','0','1','2018-12-06 16:45:03','4'),('e4333c515e9744dda5e7bc8c0c3804gs','61dbc33fa0e245a397411719d10204gs','6b19afae44d84d7da834f479f60804gs','31bce069fb354adc91933ec6c7ba04gs','sportsHealth','宜选择比较柔和的传统健身项目，如八段锦。在做完全套八段锦动作后，将“两手攀足固肾腰”和“攒拳怒目增力气”各加做1～3遍。避免剧烈运动。\r\n还可采用提肛法防止脏器下垂，提肛法：全身放松，注意力集中在会阴肛门部。首先吸气收腹，收缩并提升肛门，停顿2～3秒之后，再缓慢放松呼气，如此反复10～15次。','0','是','0','1','2018-12-06 16:45:03','4'),('e661cbe3a59d423aaae13b7eb3f404gs','3f28ae27a8114d579387544f497d04gs','5fb2fdf54f6f4c6d980d9007f32a04gs','31bce069fb354adc91933ec6c7ba04gs','sportsHealth','宜做中小强度的运动项目，控制出汗量，及时补充水分。不宜进行大强度、大运动量的锻炼，避免在炎热的夏天或闷热的环境中运动。\r\n可选择八段锦，在做完八段锦整套动作后将“摇头摆尾去心火”和“两手攀足固肾腰”加做1～3遍。也可选择太极拳、太极剑等。','0','是','0','1','2018-12-06 16:45:03','4'),('eb056e5ff8004571a82933a6f39804gs','d5ceb19e89604332b2d6b8da376504gs','bf32cb8f90c948be9fdf5c1281b604gs','31bce069fb354adc91933ec6c7ba04gs','dailyLife','起居宜规律，睡眠要充足，劳逸相结合，穿戴求自然。','0','是','0','1','2018-12-06 16:45:03','4'),('f54de501bcb448dc893d208e3e8f04gs','776314e734cf4bb88972d53d743a04gs','804bddcf71014774996fb80af36704gs','31bce069fb354adc91933ec6c7ba04gs','dietPrescription','① 固表粥：乌梅15g、黄芪20g、当归12g、粳米100g。乌梅、黄芪、当归放砂锅中加水煎开，再用小火慢煎成浓汁，取出药汁后，再加水煎开后取汁，用汁煮粳米成粥，加冰糖趁热食用。具有益气养血脱敏功效，适合过敏体质易发皮肤过敏者食用。 \r\n② 黄芪首乌藤炖猪瘦肉：首乌藤15克，黄芪15克，猪瘦肉100克，食盐、葱、生姜、料酒、味精各适量。首乌藤、黄芪洗净，切片备用；猪瘦肉洗净，切成2厘米见方的块，放人锅内，加灵芝、黄芪、调料、水适量。锅置武火上烧沸，用文火炖熬至瘦猪肉热烂即成。具有益气养血、祛风脱敏功效，适合过敏体质者食用。','0','是','0','1','2018-12-06 16:45:03','4'),('f796a541518f46dfb2a1dcf3f21904gs','5a7ca2585a2c43fdbc6093c3060504gs','36b32aa4c990437d812035e8ca2804gs','36b32aa4c990437d812035e8ca2804gs','dailyLife','222',NULL,NULL,'1','1','2018-12-06 16:45:03','4');

/*Data for the table `t_kb_assess_questionnaire` */

insert  into `t_kb_assess_questionnaire`(`questionnaire_id`,`aq_code`,`aq_name`,`aq_type`,`aq_pid`,`aq_level`,`aq_full_path`,`aq_highest_score`,`aq_lowest_score`,`questionnaire_template_id_ref`,`enabled_flag`,`is_valid`,`operate_person`,`operate_time`,`orgid`) values ('02a1f8f60deb476da3461b3e274704gs','activities_1','日常生活活动能力评估','2','61d035312d884f1aaa35646c7dc004gs','1','activities/activities_1/','100.00','0.00',NULL,'2','0','1','2018-12-06 16:45:02','4'),('02f0655a4cb8470a9f9cce1ceb5204gs','old_S','社会参与','2','36b32aa4c990437d812035e8ca2804gs','1','old/old_S/','20.00','0.00',NULL,'2','0','1','2018-12-06 16:45:02','4'),('180dc8603f024c8b9d8f678813db04gs','tcm_C','阳虚质','1','31bce069fb354adc91933ec6c7ba04gs','1','tcm/tcm_C/','100.00','0.00',NULL,'2','0','1','2018-12-06 16:45:02','4'),('1e32b906c8c94dbc8e91107a4f9204gs','SDS-A','抑郁自评问卷','4','9dcf6e13e163440d8cdc633a3bb104gs','1','SDS/SDS-A/','100.00','25.00',NULL,'2','0','1','2018-12-06 16:45:02','4'),('3084bc75c6364cb9b3011001f5e104gs','ycpgfj','压疮评估分级','6','456278d8d24449aba1cf42493bfd04gs','1','ycpg/ycpgfj/','50.00','0.00',NULL,'2','0','8f97c50bda3041218d0628ec1005d183','2018-12-06 16:45:02','4'),('31bce069fb354adc91933ec6c7ba04gs','tcm','中医体质辨识','1',NULL,'0','tcm/','100.00','0.00','0628ae75d32e4489ae03c391a36604gs','0','0','1','2018-12-06 16:45:02','4'),('36b32aa4c990437d812035e8ca2804gs','old','老年人能力评估','2',NULL,'0','old/','12.00','0.00','cd62eb35eff041d5b6efc850a8a604gs','0','0','1','2018-12-06 16:45:02','4'),('4013e06e83424acc87fe8ac32a2404gs','tcm_E','痰湿质','1','31bce069fb354adc91933ec6c7ba04gs','1','tcm/tcm_E/','100.00','0.00',NULL,'2','0','1','2018-12-06 16:45:02','4'),('45117f2fce0743c58543a897e14304gs','wxyypd_A','微型营养评定 (MNA)','9','637bd7d203fe4842a3bd01b018d304gs','1','wxyypd/wxyypd_A/','29.00','0.00',NULL,'2','0','8f97c50bda3041218d0628ec1005d183','2018-12-06 16:45:02','4'),('456278d8d24449aba1cf42493bfd04gs','ycpg','压疮评估','6',NULL,'0','ycpg/','50.00','0.00','fea576b0d79d42b6a6f1939c6e9e04gs','0','0','8f97c50bda3041218d0628ec1005d183','2018-12-06 16:45:02','4'),('47b54e69ac8e4623a177bffc586304gs','tcm_F','湿热质','1','31bce069fb354adc91933ec6c7ba04gs','1','tcm/tcm_F/','100.00','0.00',NULL,'2','0','1','2018-12-06 16:45:02','4'),('4ea6d23186a0409c9d6bcb102c1404gs','tcm_G','血瘀质','1','31bce069fb354adc91933ec6c7ba04gs','1','tcm/tcm_G/','100.00','0.00',NULL,'2','0','1','2018-12-06 16:45:02','4'),('5744880a246345429aa7bec28daa04gs','SAS','焦虑自评量表','4',NULL,'0','SAS/','100.00','25.00','509542e4794441fc9ccd818d84ab04gs','0','0','1','2018-12-06 16:45:02','4'),('58d82bd32a0d4955ac609dcf21cd04gs','EPDS-A','爱丁堡产后抑郁量表','4','8b9bc1a47f3b47e198b7250b93c904gs','1','EPDS/EPDS-A/','30.00','0.00',NULL,'2','0','1','2018-12-06 16:45:02','4'),('5fb2fdf54f6f4c6d980d9007f32a04gs','tcm_D','阴虚质','1','31bce069fb354adc91933ec6c7ba04gs','1','tcm/tcm_D/','100.00','0.00',NULL,'2','0','1','2018-12-06 16:45:02','4'),('61d035312d884f1aaa35646c7dc004gs','activities','日常生活活动能力','2',NULL,'0','activities/','100.00','0.00','cd62eb35eff041d5b6efc850a8a604gs','0','0','1','2018-12-06 16:45:02','4'),('637bd7d203fe4842a3bd01b018d304gs','wxyypd','营养评定','9',NULL,'0','wxyypd/','29.00','0.00','fea576b0d79d42b6a6f1939c6e9e04gs','0','0','8f97c50bda3041218d0628ec1005d183','2018-12-06 16:45:02','4'),('6b19afae44d84d7da834f479f60804gs','tcm_B','气虚质','1','31bce069fb354adc91933ec6c7ba04gs','1','tcm/tcm_B/','100.00','0.00',NULL,'2','0','1','2018-12-06 16:45:02','4'),('707806e098644d10a8de3915195604gs','brains_A','简易精神状态评价量表（MMSE）','8','a4c52bc3e37a43e097716756f29b04gs','1','brains/brains_A/','30.00','0.00',NULL,'2','0','8f97c50bda3041218d0628ec1005d183','2018-12-06 16:45:02','4'),('736555bef8a3412b9e8e7e49e6a704gs','tumble','跌倒评估','7',NULL,'0','tumble/','100.00','0.00','fea576b0d79d42b6a6f1939c6e9e04gs','0','0','8f97c50bda3041218d0628ec1005d183','2018-12-06 16:45:02','4'),('7c97c66b65024832adb5712e94c704gs','SAS-A','焦虑自评问卷','4','5744880a246345429aa7bec28daa04gs','1','SAS/SAS-A/','100.00','25.00',NULL,'2','0','1','2018-12-06 16:45:02','4'),('804bddcf71014774996fb80af36704gs','tcm_I','特禀质','1','31bce069fb354adc91933ec6c7ba04gs','1','tcm/tcm_I/','100.00','0.00',NULL,'2','0','1','2018-12-06 16:45:02','4'),('86c38082910d4277b8459ba2166804gs','old_M','精神状态','2','36b32aa4c990437d812035e8ca2804gs','1','old/old_M/','6.00','0.00',NULL,'2','0','1','2018-12-06 16:45:02','4'),('8b9bc1a47f3b47e198b7250b93c904gs','EPDS','爱丁堡产后抑郁评估','4',NULL,'0','EPDS/','30.00','0.00','509542e4794441fc9ccd818d84ab04gs','0','0','1','2018-12-06 16:45:02','4'),('8ff18f79406849cdb7ae1e56b11d04gs','old_X','等级变更条款','2','36b32aa4c990437d812035e8ca2804gs','1','old/old_X/','4.00','0.00',NULL,'2','0','1','2018-12-06 16:45:02','4'),('9dcf6e13e163440d8cdc633a3bb104gs','SDS','抑郁自评量表','4',NULL,'0','SDS/','100.00','25.00','509542e4794441fc9ccd818d84ab04gs','0','0','1','2018-12-06 16:45:02','4'),('a4c52bc3e37a43e097716756f29b04gs','brains','智力检测','8',NULL,'0','brains/','30.00','0.00','fea576b0d79d42b6a6f1939c6e9e04gs','0','0','8f97c50bda3041218d0628ec1005d183','2018-12-06 16:45:02','4'),('b53635acf8e441b6bc81a09ee94e04gs','old_A','日常生活活动','2','36b32aa4c990437d812035e8ca2804gs','1','old/old_A/','100.00','0.00',NULL,'2','0','1','2018-12-06 16:45:02','4'),('b898c117b6c84bb084732d21c48f04gs','tcm_H','气郁质','1','31bce069fb354adc91933ec6c7ba04gs','1','tcm/tcm_H/','100.00','0.00',NULL,'2','0','1','2018-12-06 16:45:02','4'),('bf32cb8f90c948be9fdf5c1281b604gs','tcm_A','平和质','1','31bce069fb354adc91933ec6c7ba04gs','1','tcm/tcm_A/','100.00','0.00',NULL,'2','0','1','2018-12-06 16:45:02','4'),('c11b51cd2bd8420ea4c09c328cb304gs','old_C','感知觉与沟通','2','36b32aa4c990437d812035e8ca2804gs','1','old/old_C/','14.00','0.00',NULL,'2','0','1','2018-12-06 16:45:02','4'),('d2938839e8f5410b97e900eec40b04gs','tumble_1','MORSE跌倒评估表','7','736555bef8a3412b9e8e7e49e6a704gs','1','tumble/tumble_1/','100.00','0.00','04gs','2','0','8f97c50bda3041218d0628ec1005d183','2018-12-06 16:45:02','4'),('e09087e2fe594bda81d0b196b66804gs','123321','123456','2',NULL,'0','123321/','100.00','0.00',NULL,'1','1','fab4bfb8765b4c248154d3d658c0393a','2018-12-06 16:45:02','4');

/*Data for the table `t_kb_assessment_report` */

/*Data for the table `t_kb_eva_task` */

/*Data for the table `t_kb_eva_task_material` */

/*Data for the table `t_kb_gender_rule` */

insert  into `t_kb_gender_rule`(`gender_rule_id`,`questionnaire_id_ref`,`aq_subject_id_ref`,`gender`,`aq_subject_no`,`is_valid`,`operate_person`,`operate_time`,`orgid`) values ('50e370a1f1d24f1b9964e535c8c204gs','47b54e69ac8e4623a177bffc586304gs','30ac1cd7e3384882b70aca72333a04gs','1','6','0','1','2018-12-06 16:45:03','4'),('e472ad4984c24d16b8e94c6a8bf404gs','47b54e69ac8e4623a177bffc586304gs','a9d102219cf1499194d73cc3722704gs','0','6','0','1','2018-12-06 16:45:03','4');

/*Data for the table `t_kb_guide` */

insert  into `t_kb_guide`(`kb_guide_id`,`report_id`,`guide_item_name`,`guide_item_content`,`is_valid`,`operate_person`,`operate_time`,`orgid`) values ('02ed33f02cbd4c369a20c5a7beb204gs','35d069d681e342828ff6f6d2778a04gs','饮食保健','宜选用性平偏温、健脾益气的食物，如大米、小米、南瓜、胡萝卜、山药、大枣、香菇、莲子、白扁豆、黄豆、豆腐、鸡肉、鸡蛋、鹌鹑（蛋）、牛肉等。尽量少吃或不吃空心菜、槟榔、生萝卜等耗气的食物。不宜多食生冷苦寒、辛辣燥热的食物。宜选用性平偏温、健脾益气的食物，如大米、小米、南瓜、胡萝卜、山药、大枣、香菇、莲子、白扁豆、黄豆、豆腐、鸡肉、鸡蛋、鹌鹑（蛋）、牛肉等。尽量少吃或不吃空心菜、槟榔、生萝卜等耗气的食物。不宜多食生冷苦寒、辛辣燥热的食物。宜选用甘温补脾阳、温肾阳为主的食物，如羊肉、鸡肉、带鱼、黄鳝、虾、刀豆、韭菜、茴香、核桃、栗子、腰果、松子、红茶、生姜等。少食生冷、苦寒、黏腻食物，如田螺、螃蟹、海带、紫菜、芹菜、苦瓜、冬瓜、西瓜、香蕉、柿子、甘蔗、梨、绿豆、蚕豆、绿茶、冷冻饮料等。即使在盛夏也不要过食寒凉之品。宜选用甘凉滋润的食物，如鸭肉、猪瘦肉、百合、黑芝麻、蜂蜜、荸荠、鳖、海蜇、海参、甘蔗、银耳、燕窝等。少食温燥、辛辣、香浓的食物，如羊肉、韭菜、茴香、辣椒、葱、蒜、葵花子、酒、咖啡、浓茶，以及荔枝、龙眼、樱桃、杏、大枣、核桃、栗子等。宜选用健脾助运、祛湿化痰的食物，如冬瓜、白萝卜、薏苡仁、赤小豆、荷叶、山楂、生姜、荠菜、紫菜、海带、鲫鱼、鲤鱼、鲈鱼、文蛤等。少食肥、甜、油、黏（腻）的食物。宜选用甘寒或苦寒的清利化湿食物，如绿豆（芽）、绿豆糕、绿茶、芹菜、黄瓜、苦瓜、西瓜、冬瓜、薏苡仁、赤小豆、马齿苋、藕等。少食羊肉、动物内脏等肥厚油腻之品，以及韭菜、生姜、辣椒、胡椒、花椒及火锅、烹炸、烧烤等辛温助热的食物。宜选用具有调畅气血作用的食物，如生山楂、醋、玫瑰花、桃仁（花）、黑豆、油菜等。少食收涩、寒凉、冰冻之物，如乌梅、柿子、石榴、苦瓜、花生米，以及高脂肪、高胆固醇、油腻食物，如蛋黄、虾、猪头肉、猪脑、奶酪等。还可少量饮用葡萄酒、糯米甜酒，有助于促进血液运行，但高血压和冠心病等患者不宜饮用。女性月经期间慎用活血类食物。宜选用具有理气解郁作用的食物，如黄花菜、菊花、玫瑰花、茉莉花、大麦、金橘、柑橘、柚子等。少食收敛酸涩的食物，如石榴、乌梅、青梅、杨梅、草莓、杨桃、酸枣、李子、柠檬、南瓜、泡菜等。饮食宜均衡、粗细搭配适当、荤素配伍合理，宜多食益气固表的食物，尽量少食辛辣、腥发食物，不食含致敏物质的食品，如蚕豆、白扁豆、羊肉、鹅肉、鲤鱼、虾、蟹、茄子、辣椒、浓茶、咖啡等。','0','fab4bfb8765b4c248154d3d658c0393a','2018-12-06 16:45:03','4'),('037eebb9d86941f4b51c1fc59b1004gs','1d9a37a1d9da44a1a648b4fa37d704gs','情志调摄','宜保持稳定乐观的心态，不可过度劳神。宜欣赏节奏明快的音乐，如笛子曲《喜相逢》等。宜保持积极向上的心态，正确对待生活中的不利事件，及时调节自己的消极情绪。 宜欣赏激昂、高亢、豪迈的音乐，如《黄河大合唱》等。宜加强自我修养、培养自己的耐性，尽量减少与人争执、动怒，不宜参加竞争胜负的活动，可在安静、优雅环境中练习书法、绘画等。有条件者可以选择在环境清新凉爽的海边、山林旅游休假。宜欣赏曲调轻柔、舒缓的音乐，如舒伯特《小夜曲》等。宜多参加社会活动，培养广泛的兴趣爱好。宜欣赏激进、振奋的音乐，如二胡《赛马》等。宜稳定情绪，尽量避免烦恼，可选择不同形式的兴趣爱好。宜欣赏曲调悠扬的乐曲，如古筝《高山流水》等。遇事宜沉稳，努力克服浮躁情绪。宜欣赏流畅抒情的音乐，如《春江花月夜》等。宜乐观开朗，多与他人相处，不苛求自己也不苛求他人。如心境抑郁不能排解时，要积极寻找原因，及时向朋友倾诉。宜欣赏节奏欢快、旋律优美的乐曲如《金蛇狂舞》等，还适宜看喜剧、励志剧，以及轻松愉悦的相声表演。过敏体质的人因对过敏原敏感，容易产生紧张、焦虑等情绪，因此要在尽量避免过敏原的同时，还应避免紧张情绪。','0','fab4bfb8765b4c248154d3d658c0393a','2018-12-06 16:45:03','4'),('132673bbe499413f90b70ef9140f04gs','1d9a37a1d9da44a1a648b4fa37d704gs','食疗处方','① 山药粥：山药30g，粳米180g。将山药和粳米一起入锅加清水适量煮粥，煮熟即成。此粥可在每日晚饭时食用。具有补中益气功效，适合气虚体质者食用。\r\n② 黄芪童子鸡：童子鸡1只，生黄芪9g。洗净童子鸡，用纱布袋包好生黄芪，取一根细线，一端扎紧纱布袋口，置于锅内，另一端则绑在锅柄上。在锅中加姜、葱及适量水煮汤，待童子鸡煮熟后，拿出黄芪包。加入盐、黄酒调味，即可食用。具有益气补虚功效，适合气虚体质易自汗者食用。本方补气力量较强，对气虚表现比较明显者，可每隔半个月食用一次，不宜长期连续服用。①当归生姜羊肉汤：当归20g，生姜30g，羊肉500g。当归、生姜冲洗干净，用清水浸软，切片备用。羊肉剔去筋膜，放入开水锅中略烫，除去血水后捞出，切片备用。当归、生姜、羊肉放入砂锅中，加清水、料酒、食盐，旺火烧沸后撇去浮沫，再改用小火炖至羊肉熟烂即成。具有温阳补血、祛寒止痛功效，适合阳虚体质者食用 。\r\n②韭菜炒胡桃仁：胡桃仁50g，韭菜200g。生胡桃仁开水浸泡去皮，沥干备用。韭菜摘洗干净，切成寸段备用。麻油倒入炒锅，烧至七成热时，加入胡桃仁，炒黄，再加入韭菜、食盐，翻炒至熟。具有温肾助阳功效，适合阳虚体质腰膝冷痛者。① 蜂蜜银耳蒸百合：百合120g，蜂蜜30g，银耳30g。将百合、蜂蜜、银耳拌和均匀，蒸令熟软。具有养阴生津润燥的功效，适合阴虚体质常感咽干口燥、皮肤干燥者食用。糖尿病患者不宜使用本方。 \r\n② 莲子百合煲瘦肉：莲子（去芯）20g，百合20g，猪瘦肉100g。用莲子（去芯）、百合、猪瘦肉，加水适量同煲，肉熟烂后用盐调味食用。具有养阴清热、益气安神功效，适合阴虚体质常感虚烦失眠多梦者食用 。\r\n① 荷叶粥：干荷叶30g，粳米60g。干荷叶揉碎，与粳米同放锅中，共熬成粥。具有祛湿降浊的功效，适合痰湿体质者食用 。\r\n② 冬瓜海带薏米排骨汤：冬瓜1000克，海带100克，薏米30克，猪排骨少量，生姜2～3片。冬瓜连皮洗净，切成块状；薏米、海带洗净，稍浸泡；猪排骨洗净斩为件状；然后与生姜一起放进瓦煲内，加入清水3000毫升（约12碗水量），先用武火煲沸后，改为文火煲约3个小时，加入适量食盐和少许生油便可。具有健脾祛湿、化痰消浊的功效，适合痰湿体质腹部肥满的老年人食用。\r\n① 绿豆薏米粥：生薏苡仁40克，绿豆40克。浸泡一夜，放入锅内，加适量水，用文火炖至熟，焖数分钟即可。具有清热利湿解毒的功效，适合湿热体质易长疮疖者食用。 \r\n② 老黄瓜赤小豆煲猪肉汤：老黄瓜1000克，赤小豆80克，瘦猪肉少量，陈皮10克，生姜1～2片。赤小豆、陈皮洗净，陈皮刮去瓤，并一起浸泡；老黄瓜洗净，连皮切为厚块状；猪肉洗净，不用刀切。先放陈皮于瓦煲内，加入清水3000毫升（约12碗水量），武火煲沸后再加入老黄瓜、猪肉、生姜，煮沸后改为文火煲约2.5小时，调入适量食盐和生油即可。具有清热利湿、理气和中的功效，适合湿热体质者食用。①黑豆川芎粥：川芎10g，黑豆25g，粳米50g。川芎用纱布包裹，和黑豆、粳米一起水煎煮熟，加适量红糖，分次温服。具有活血祛瘀功效，适合血瘀体质者食用。 \r\n②红花三七蒸老母鸡：老母鸡1只（约1000g），参三七10g，红花15g，陈皮10g。将老母鸡宰杀，剖腹去内脏，洗净后，放入三七、红花、陈皮，文火蒸熟，至肉烂，加葱、盐、姜调味，分餐食之。具有活血行气功效，适合血瘀体质患有胸痹、痛证者食用。① 三花茶：茉莉花、菊花、玫瑰花各3克。沸水冲泡，代茶饮。具有行气解郁功效，适合气郁体质者饮用。 \r\n② 黄花菜瘦肉汤：鲜黄花菜60克(干品20克)，猪瘦肉500克（切块），生姜3片，适量油盐。黄花菜需要先用开水焯一下，放少许油略炒，然后将黄花菜和瘦肉一起放进瓦煲内，加入清水2500毫升，武火煲沸后改文火煲3个小时，调入适量盐、油便可。具有疏肝解郁功效，适合气郁体质者食用。① 固表粥：乌梅15g、黄芪20g、当归12g、粳米100g。乌梅、黄芪、当归放砂锅中加水煎开，再用小火慢煎成浓汁，取出药汁后，再加水煎开后取汁，用汁煮粳米成粥，加冰糖趁热食用。具有益气养血脱敏功效，适合过敏体质易发皮肤过敏者食用。 \r\n② 黄芪首乌藤炖猪瘦肉：首乌藤15克，黄芪15克，猪瘦肉100克，食盐、葱、生姜、料酒、味精各适量。首乌藤、黄芪洗净，切片备用；猪瘦肉洗净，切成2厘米见方的块，放人锅内，加灵芝、黄芪、调料、水适量。锅置武火上烧沸，用文火炖熬至瘦猪肉热烂即成。具有益气养血、祛风脱敏功效，适合过敏体质者食用。','0','fab4bfb8765b4c248154d3d658c0393a','2018-12-06 16:45:03','4'),('2419550231cb4d8bbc12a475cf2404gs','729f8e1e33944bdcb1e4d3c5565004gs','饮食保健','宜选用性平偏温、健脾益气的食物，如大米、小米、南瓜、胡萝卜、山药、大枣、香菇、莲子、白扁豆、黄豆、豆腐、鸡肉、鸡蛋、鹌鹑（蛋）、牛肉等。尽量少吃或不吃空心菜、槟榔、生萝卜等耗气的食物。不宜多食生冷苦寒、辛辣燥热的食物。宜选用性平偏温、健脾益气的食物，如大米、小米、南瓜、胡萝卜、山药、大枣、香菇、莲子、白扁豆、黄豆、豆腐、鸡肉、鸡蛋、鹌鹑（蛋）、牛肉等。尽量少吃或不吃空心菜、槟榔、生萝卜等耗气的食物。不宜多食生冷苦寒、辛辣燥热的食物。宜选用甘温补脾阳、温肾阳为主的食物，如羊肉、鸡肉、带鱼、黄鳝、虾、刀豆、韭菜、茴香、核桃、栗子、腰果、松子、红茶、生姜等。少食生冷、苦寒、黏腻食物，如田螺、螃蟹、海带、紫菜、芹菜、苦瓜、冬瓜、西瓜、香蕉、柿子、甘蔗、梨、绿豆、蚕豆、绿茶、冷冻饮料等。即使在盛夏也不要过食寒凉之品。宜选用甘凉滋润的食物，如鸭肉、猪瘦肉、百合、黑芝麻、蜂蜜、荸荠、鳖、海蜇、海参、甘蔗、银耳、燕窝等。少食温燥、辛辣、香浓的食物，如羊肉、韭菜、茴香、辣椒、葱、蒜、葵花子、酒、咖啡、浓茶，以及荔枝、龙眼、樱桃、杏、大枣、核桃、栗子等。宜选用健脾助运、祛湿化痰的食物，如冬瓜、白萝卜、薏苡仁、赤小豆、荷叶、山楂、生姜、荠菜、紫菜、海带、鲫鱼、鲤鱼、鲈鱼、文蛤等。少食肥、甜、油、黏（腻）的食物。宜选用甘寒或苦寒的清利化湿食物，如绿豆（芽）、绿豆糕、绿茶、芹菜、黄瓜、苦瓜、西瓜、冬瓜、薏苡仁、赤小豆、马齿苋、藕等。少食羊肉、动物内脏等肥厚油腻之品，以及韭菜、生姜、辣椒、胡椒、花椒及火锅、烹炸、烧烤等辛温助热的食物。宜选用具有调畅气血作用的食物，如生山楂、醋、玫瑰花、桃仁（花）、黑豆、油菜等。少食收涩、寒凉、冰冻之物，如乌梅、柿子、石榴、苦瓜、花生米，以及高脂肪、高胆固醇、油腻食物，如蛋黄、虾、猪头肉、猪脑、奶酪等。还可少量饮用葡萄酒、糯米甜酒，有助于促进血液运行，但高血压和冠心病等患者不宜饮用。女性月经期间慎用活血类食物。宜选用具有理气解郁作用的食物，如黄花菜、菊花、玫瑰花、茉莉花、大麦、金橘、柑橘、柚子等。少食收敛酸涩的食物，如石榴、乌梅、青梅、杨梅、草莓、杨桃、酸枣、李子、柠檬、南瓜、泡菜等。饮食宜均衡、粗细搭配适当、荤素配伍合理，宜多食益气固表的食物，尽量少食辛辣、腥发食物，不食含致敏物质的食品，如蚕豆、白扁豆、羊肉、鹅肉、鲤鱼、虾、蟹、茄子、辣椒、浓茶、咖啡等。','0','fab4bfb8765b4c248154d3d658c0393a','2018-12-06 16:45:03','4'),('2a58048be41a4d6bacd2ccb7411b04gs','6e91f9650c1648be94d1962a2aae04gs','抑郁评估','<b><span style=\'font-size:14px;\'>建议及时找专业人士进行综合干预。</span></b>','0','fab4bfb8765b4c248154d3d658c0393a','2018-12-06 16:45:03','4'),('4fa95671307249c7ae50d960591804gs','729f8e1e33944bdcb1e4d3c5565004gs','穴位保健','气海穴、关元穴  \r\n气海穴：位于下腹部，前正中线上，当脐下1.5寸；\r\n关元穴：位于下腹部，前正中线上，当脐下3寸。\r\n采用掌根揉法，每个穴位按揉2～3分钟，每天操作1～2次。这两个穴位还可以采用艾条温和灸，增加温养益气的作用。温和灸可每周操作1次。关元穴、命门穴\r\n关元穴：参考气虚质。\r\n命门：位于腰部，当后正中线上,第2腰椎棘突下凹陷中。\r\n可采用温和灸的方法，可每周进行1次。 关元穴还可采用掌根揉法。每穴2～3分钟，每天1～2次。也可配合摩擦腰肾法温肾助阳。摩擦腰肾法每天1次，每次约10分钟，以摩至皮肤温热为度。太溪穴、三阴交穴\r\n太溪穴：太溪位于足内侧，内踝后方，当内踝尖与跟腱之间的凹陷处 ；\r\n三阴交穴：位于小腿内侧，当足内踝尖上3寸，胫骨内侧缘后方 ；\r\n可采用指揉的方法，每个穴位按揉2～3分钟，每天操作1～2次。足三里穴、丰隆穴\r\n足三里穴：位置见气虚质；\r\n丰隆穴：位于小腿前外侧，当外踝尖上8寸，条口外，距胫骨前缘二横指处 ；\r\n可采用指揉法，每穴按揉2～3分钟。每天操作1～2次。\r\n支沟穴、阴陵泉穴\r\n支沟穴：位于前臂背侧，当阳池与肘尖的连线上，腕背横纹上3寸，尺骨与桡骨之间；\r\n阴陵泉穴：位于小腿内侧，当胫骨内侧踝后下凹陷处 ；\r\n可采用指揉或拍打的方法，每穴操作2～3分钟，每天1～2次。阴陵泉还可以选择刮痧。期门穴、血海穴\r\n期门穴：位于胸部，当乳头直下，第6肋间隙，前正中线旁开4寸 ；\r\n血海穴：屈膝，在大腿内侧，髌底内侧端上2寸，当股四头肌内侧头的隆起处 ；\r\n采用指揉法。每个穴位操作2～3分钟，每天操作1～2次。合谷穴、太冲穴\r\n合谷穴：位于手背，第1、2掌骨间，当第2掌骨桡侧的中点处 ；\r\n太冲穴：位于足背侧，当第1跖骨间隙的后方凹陷处。\r\n可采用按揉的方法。每穴操作每穴2～3分钟，每天1～2次。神阙穴、曲池穴\r\n神阙穴：位于腹中部，脐中央；\r\n曲池穴：位于肘横纹外侧端，屈肘，当尺泽与在肘横纹外侧端与肱骨外上髁连线中点 ；\r\n神阙采用温和灸，每周1次。曲池采用指揉法，按揉2～3分钟。每天操作1～2次。','0','fab4bfb8765b4c248154d3d658c0393a','2018-12-06 16:45:03','4'),('51f60eb38d184ff581bd794ea09804gs','729f8e1e33944bdcb1e4d3c5565004gs','起居调摄','提倡劳逸结合，不要过于劳作，以免损伤正气。平时应避免汗出受风。居室环境应采用明亮的暖色调。居住环境以温和的暖色调为宜，不宜在阴暗潮湿寒冷的环境下长期工作和生活。平时要注意腰部、背部和下肢保暖。白天保持一定活动量，避免打盹瞌睡。睡觉前尽量不要饮水，睡前将小便排净。居住环境宜安静，睡好“子午觉”。避免熬夜及在高温酷暑下工作，不宜洗桑拿、泡温泉。节制房事，勿吸烟。注意防晒，保持皮肤湿润，宜选择选择蚕丝等清凉柔和的衣物 。居住环境宜干燥，不宜潮湿，穿衣面料以棉、麻、丝等透气散湿的天然纤维为佳，尽量保持宽松，有利于汗液蒸发，祛除体内湿气。 \r\n晚上睡觉枕头不宜过高，防止打鼾加重；早睡早起，不要过于安逸，贪恋沙发和床榻。居室宜干燥、通风良好，避免居处潮热，可在室内用除湿器或空调改善湿、热的环境。选择款式宽松，透气性好的天然棉、麻、丝质服装。注意个人卫生，预防皮肤病变。\r\n保持充足而有规律的睡眠，睡前半小时不宜思考问题、看书、看情节紧张的电视节目，避免服用兴奋饮料，不宜吸烟饮酒。保持二便通畅，防止湿热积聚。居室宜温暖舒适，不宜在阴暗、寒冷的环境中长期工作和生活。衣着宜宽松，注意保暖，保持大便通畅。不宜贪图安逸，宜在阳光充足的时候进行户外活动。避免长时间打麻将、久坐、看电视等。尽量增加户外活动和社交，防止一人独处时心生凄凉。居室保持安静，宜宽敞、明亮。平日保持有规律的睡眠，睡前避免饮用茶、咖啡和可可等饮料。衣着宜柔软、透气、舒适。起居要有规律，保持充足的睡眠时间。居室宜通风良好。生活环境中接触的物品如枕头、棉被、床垫、地毯、窗帘、衣橱易附有尘螨，可引起过敏，应经常清洗、日晒。外出也要避免处在花粉及粉刷油漆的空气中，以免刺激而诱发过敏病症。','0','fab4bfb8765b4c248154d3d658c0393a','2018-12-06 16:45:03','4'),('529ddd0e96474b388d6704779fcd04gs','729f8e1e33944bdcb1e4d3c5565004gs','情志调摄','宜保持稳定乐观的心态，不可过度劳神。宜欣赏节奏明快的音乐，如笛子曲《喜相逢》等。宜保持积极向上的心态，正确对待生活中的不利事件，及时调节自己的消极情绪。 宜欣赏激昂、高亢、豪迈的音乐，如《黄河大合唱》等。宜加强自我修养、培养自己的耐性，尽量减少与人争执、动怒，不宜参加竞争胜负的活动，可在安静、优雅环境中练习书法、绘画等。有条件者可以选择在环境清新凉爽的海边、山林旅游休假。宜欣赏曲调轻柔、舒缓的音乐，如舒伯特《小夜曲》等。宜多参加社会活动，培养广泛的兴趣爱好。宜欣赏激进、振奋的音乐，如二胡《赛马》等。宜稳定情绪，尽量避免烦恼，可选择不同形式的兴趣爱好。宜欣赏曲调悠扬的乐曲，如古筝《高山流水》等。遇事宜沉稳，努力克服浮躁情绪。宜欣赏流畅抒情的音乐，如《春江花月夜》等。宜乐观开朗，多与他人相处，不苛求自己也不苛求他人。如心境抑郁不能排解时，要积极寻找原因，及时向朋友倾诉。宜欣赏节奏欢快、旋律优美的乐曲如《金蛇狂舞》等，还适宜看喜剧、励志剧，以及轻松愉悦的相声表演。过敏体质的人因对过敏原敏感，容易产生紧张、焦虑等情绪，因此要在尽量避免过敏原的同时，还应避免紧张情绪。','0','fab4bfb8765b4c248154d3d658c0393a','2018-12-06 16:45:03','4'),('58d7117632c343bf8d3f956ab74a04gs','1d9a37a1d9da44a1a648b4fa37d704gs','起居调摄','提倡劳逸结合，不要过于劳作，以免损伤正气。平时应避免汗出受风。居室环境应采用明亮的暖色调。居住环境以温和的暖色调为宜，不宜在阴暗潮湿寒冷的环境下长期工作和生活。平时要注意腰部、背部和下肢保暖。白天保持一定活动量，避免打盹瞌睡。睡觉前尽量不要饮水，睡前将小便排净。居住环境宜安静，睡好“子午觉”。避免熬夜及在高温酷暑下工作，不宜洗桑拿、泡温泉。节制房事，勿吸烟。注意防晒，保持皮肤湿润，宜选择选择蚕丝等清凉柔和的衣物 。居住环境宜干燥，不宜潮湿，穿衣面料以棉、麻、丝等透气散湿的天然纤维为佳，尽量保持宽松，有利于汗液蒸发，祛除体内湿气。 \r\n晚上睡觉枕头不宜过高，防止打鼾加重；早睡早起，不要过于安逸，贪恋沙发和床榻。居室宜干燥、通风良好，避免居处潮热，可在室内用除湿器或空调改善湿、热的环境。选择款式宽松，透气性好的天然棉、麻、丝质服装。注意个人卫生，预防皮肤病变。\r\n保持充足而有规律的睡眠，睡前半小时不宜思考问题、看书、看情节紧张的电视节目，避免服用兴奋饮料，不宜吸烟饮酒。保持二便通畅，防止湿热积聚。居室宜温暖舒适，不宜在阴暗、寒冷的环境中长期工作和生活。衣着宜宽松，注意保暖，保持大便通畅。不宜贪图安逸，宜在阳光充足的时候进行户外活动。避免长时间打麻将、久坐、看电视等。尽量增加户外活动和社交，防止一人独处时心生凄凉。居室保持安静，宜宽敞、明亮。平日保持有规律的睡眠，睡前避免饮用茶、咖啡和可可等饮料。衣着宜柔软、透气、舒适。起居要有规律，保持充足的睡眠时间。居室宜通风良好。生活环境中接触的物品如枕头、棉被、床垫、地毯、窗帘、衣橱易附有尘螨，可引起过敏，应经常清洗、日晒。外出也要避免处在花粉及粉刷油漆的空气中，以免刺激而诱发过敏病症。','0','fab4bfb8765b4c248154d3d658c0393a','2018-12-06 16:45:03','4'),('6a99348e03e1488ab9e0f200534104gs','1d9a37a1d9da44a1a648b4fa37d704gs','运动保健','宜选择比较柔和的传统健身项目，如八段锦。在做完全套八段锦动作后，将“两手攀足固肾腰”和“攒拳怒目增力气”各加做1～3遍。避免剧烈运动。\r\n还可采用提肛法防止脏器下垂，提肛法：全身放松，注意力集中在会阴肛门部。首先吸气收腹，收缩并提升肛门，停顿2～3秒之后，再缓慢放松呼气，如此反复10～15次。宜在阳光充足的环境下适当进行舒缓柔和的户外活动，尽量避免在大风、大寒、大雪的环境中锻炼。\r\n日光浴、空气浴是较好的强身壮阳之法。也可选择八段锦，在完成整套动作后将“五劳七伤往后瞧”和“两手攀足固肾腰”加做1～3遍。宜做中小强度的运动项目，控制出汗量，及时补充水分。不宜进行大强度、大运动量的锻炼，避免在炎热的夏天或闷热的环境中运动。\r\n可选择八段锦，在做完八段锦整套动作后将“摇头摆尾去心火”和“两手攀足固肾腰”加做1～3遍。也可选择太极拳、太极剑等。坚持长期运动锻炼，强度应根据自身的状况循序渐进。不宜在阴雨季节、天气湿冷的气候条件下运动。 \r\n可选择快走、武术以及打羽毛球等，使松弛的肌肉逐渐变得结实、致密。如果体重过重、膝盖受损，可选择游泳。宜做中长跑、游泳、各种球类、武术等强度较大的锻炼。夏季应避免在烈日下长时间活动，在秋高气爽的季节，经常选择爬山登高，更有助于祛除湿热。也可做八段锦，在完成整套动作后将“双手托天理三焦”和“调理脾胃须单举”加做1～3遍，每日1遍。宜进行有助于促进气血运行的运动项目，持之以恒。如步行健身法，或者八段锦，在完成整套动作后将“左右开弓似射雕”和“背后七颠百病消”加做1～3遍。避免在封闭环境中进行锻炼。锻炼强度视身体情况而定，不宜进行大强度、大负荷运动，以防意外。宜多参加群体性体育运动项目，坚持做较大强度、较大负荷的“发泄式”锻炼，如跑步、登山、游泳。也可参与下棋、打牌等娱乐活动，分散注意力。宜进行慢跑、散步等户外活动，也可选择下棋、瑜珈等室内活动。不宜选择大运动量的活动，避免春天或季节交替时长时间在野外锻炼。运动时注意避风寒，如出现哮喘、憋闷的现象应及时停止运动。','0','fab4bfb8765b4c248154d3d658c0393a','2018-12-06 16:45:03','4'),('a384ae9155ee45b5b62ae6d4589204gs','35d069d681e342828ff6f6d2778a04gs','运动保健','宜选择比较柔和的传统健身项目，如八段锦。在做完全套八段锦动作后，将“两手攀足固肾腰”和“攒拳怒目增力气”各加做1～3遍。避免剧烈运动。\r\n还可采用提肛法防止脏器下垂，提肛法：全身放松，注意力集中在会阴肛门部。首先吸气收腹，收缩并提升肛门，停顿2～3秒之后，再缓慢放松呼气，如此反复10～15次。宜在阳光充足的环境下适当进行舒缓柔和的户外活动，尽量避免在大风、大寒、大雪的环境中锻炼。\r\n日光浴、空气浴是较好的强身壮阳之法。也可选择八段锦，在完成整套动作后将“五劳七伤往后瞧”和“两手攀足固肾腰”加做1～3遍。宜做中小强度的运动项目，控制出汗量，及时补充水分。不宜进行大强度、大运动量的锻炼，避免在炎热的夏天或闷热的环境中运动。\r\n可选择八段锦，在做完八段锦整套动作后将“摇头摆尾去心火”和“两手攀足固肾腰”加做1～3遍。也可选择太极拳、太极剑等。坚持长期运动锻炼，强度应根据自身的状况循序渐进。不宜在阴雨季节、天气湿冷的气候条件下运动。 \r\n可选择快走、武术以及打羽毛球等，使松弛的肌肉逐渐变得结实、致密。如果体重过重、膝盖受损，可选择游泳。宜做中长跑、游泳、各种球类、武术等强度较大的锻炼。夏季应避免在烈日下长时间活动，在秋高气爽的季节，经常选择爬山登高，更有助于祛除湿热。也可做八段锦，在完成整套动作后将“双手托天理三焦”和“调理脾胃须单举”加做1～3遍，每日1遍。宜进行有助于促进气血运行的运动项目，持之以恒。如步行健身法，或者八段锦，在完成整套动作后将“左右开弓似射雕”和“背后七颠百病消”加做1～3遍。避免在封闭环境中进行锻炼。锻炼强度视身体情况而定，不宜进行大强度、大负荷运动，以防意外。宜多参加群体性体育运动项目，坚持做较大强度、较大负荷的“发泄式”锻炼，如跑步、登山、游泳。也可参与下棋、打牌等娱乐活动，分散注意力。宜进行慢跑、散步等户外活动，也可选择下棋、瑜珈等室内活动。不宜选择大运动量的活动，避免春天或季节交替时长时间在野外锻炼。运动时注意避风寒，如出现哮喘、憋闷的现象应及时停止运动。','0','fab4bfb8765b4c248154d3d658c0393a','2018-12-06 16:45:03','4'),('a9b2e5e081f649afaebc6c5c35fc04gs','ad8bbb670dee499c960136786fe404gs','抑郁评估','<b>建议及时找专业人士进行综合干预。</b><span style=\'font-size:14px;\'></span>','0','fab4bfb8765b4c248154d3d658c0393a','2018-12-06 16:45:03','4'),('aa092a43165249ae89f9f5bbb1e204gs','214fff76600a42cf8876acc784f904gs','抑郁评估','<b><span style=\'font-size:14px;\'>建议找专业人士寻求心理辅导。</span></b>','0','fab4bfb8765b4c248154d3d658c0393a','2018-12-06 16:45:03','4'),('b21c7a6482ac4a62a8f263bcc89d04gs','35d069d681e342828ff6f6d2778a04gs','情志调摄','宜保持稳定乐观的心态，不可过度劳神。宜欣赏节奏明快的音乐，如笛子曲《喜相逢》等。宜保持积极向上的心态，正确对待生活中的不利事件，及时调节自己的消极情绪。 宜欣赏激昂、高亢、豪迈的音乐，如《黄河大合唱》等。宜加强自我修养、培养自己的耐性，尽量减少与人争执、动怒，不宜参加竞争胜负的活动，可在安静、优雅环境中练习书法、绘画等。有条件者可以选择在环境清新凉爽的海边、山林旅游休假。宜欣赏曲调轻柔、舒缓的音乐，如舒伯特《小夜曲》等。宜多参加社会活动，培养广泛的兴趣爱好。宜欣赏激进、振奋的音乐，如二胡《赛马》等。宜稳定情绪，尽量避免烦恼，可选择不同形式的兴趣爱好。宜欣赏曲调悠扬的乐曲，如古筝《高山流水》等。遇事宜沉稳，努力克服浮躁情绪。宜欣赏流畅抒情的音乐，如《春江花月夜》等。宜乐观开朗，多与他人相处，不苛求自己也不苛求他人。如心境抑郁不能排解时，要积极寻找原因，及时向朋友倾诉。宜欣赏节奏欢快、旋律优美的乐曲如《金蛇狂舞》等，还适宜看喜剧、励志剧，以及轻松愉悦的相声表演。过敏体质的人因对过敏原敏感，容易产生紧张、焦虑等情绪，因此要在尽量避免过敏原的同时，还应避免紧张情绪。','0','fab4bfb8765b4c248154d3d658c0393a','2018-12-06 16:45:03','4'),('b8d438065cea4158a0f7b4a0ff9504gs','1d9a37a1d9da44a1a648b4fa37d704gs','穴位保健','气海穴、关元穴  \r\n气海穴：位于下腹部，前正中线上，当脐下1.5寸；\r\n关元穴：位于下腹部，前正中线上，当脐下3寸。\r\n采用掌根揉法，每个穴位按揉2～3分钟，每天操作1～2次。这两个穴位还可以采用艾条温和灸，增加温养益气的作用。温和灸可每周操作1次。关元穴、命门穴\r\n关元穴：参考气虚质。\r\n命门：位于腰部，当后正中线上,第2腰椎棘突下凹陷中。\r\n可采用温和灸的方法，可每周进行1次。 关元穴还可采用掌根揉法。每穴2～3分钟，每天1～2次。也可配合摩擦腰肾法温肾助阳。摩擦腰肾法每天1次，每次约10分钟，以摩至皮肤温热为度。太溪穴、三阴交穴\r\n太溪穴：太溪位于足内侧，内踝后方，当内踝尖与跟腱之间的凹陷处 ；\r\n三阴交穴：位于小腿内侧，当足内踝尖上3寸，胫骨内侧缘后方 ；\r\n可采用指揉的方法，每个穴位按揉2～3分钟，每天操作1～2次。足三里穴、丰隆穴\r\n足三里穴：位置见气虚质；\r\n丰隆穴：位于小腿前外侧，当外踝尖上8寸，条口外，距胫骨前缘二横指处 ；\r\n可采用指揉法，每穴按揉2～3分钟。每天操作1～2次。\r\n支沟穴、阴陵泉穴\r\n支沟穴：位于前臂背侧，当阳池与肘尖的连线上，腕背横纹上3寸，尺骨与桡骨之间；\r\n阴陵泉穴：位于小腿内侧，当胫骨内侧踝后下凹陷处 ；\r\n可采用指揉或拍打的方法，每穴操作2～3分钟，每天1～2次。阴陵泉还可以选择刮痧。期门穴、血海穴\r\n期门穴：位于胸部，当乳头直下，第6肋间隙，前正中线旁开4寸 ；\r\n血海穴：屈膝，在大腿内侧，髌底内侧端上2寸，当股四头肌内侧头的隆起处 ；\r\n采用指揉法。每个穴位操作2～3分钟，每天操作1～2次。合谷穴、太冲穴\r\n合谷穴：位于手背，第1、2掌骨间，当第2掌骨桡侧的中点处 ；\r\n太冲穴：位于足背侧，当第1跖骨间隙的后方凹陷处。\r\n可采用按揉的方法。每穴操作每穴2～3分钟，每天1～2次。神阙穴、曲池穴\r\n神阙穴：位于腹中部，脐中央；\r\n曲池穴：位于肘横纹外侧端，屈肘，当尺泽与在肘横纹外侧端与肱骨外上髁连线中点 ；\r\n神阙采用温和灸，每周1次。曲池采用指揉法，按揉2～3分钟。每天操作1～2次。','0','fab4bfb8765b4c248154d3d658c0393a','2018-12-06 16:45:03','4'),('c94f0e8a97c5476b9401d22280a604gs','35d069d681e342828ff6f6d2778a04gs','食疗处方','① 山药粥：山药30g，粳米180g。将山药和粳米一起入锅加清水适量煮粥，煮熟即成。此粥可在每日晚饭时食用。具有补中益气功效，适合气虚体质者食用。\r\n② 黄芪童子鸡：童子鸡1只，生黄芪9g。洗净童子鸡，用纱布袋包好生黄芪，取一根细线，一端扎紧纱布袋口，置于锅内，另一端则绑在锅柄上。在锅中加姜、葱及适量水煮汤，待童子鸡煮熟后，拿出黄芪包。加入盐、黄酒调味，即可食用。具有益气补虚功效，适合气虚体质易自汗者食用。本方补气力量较强，对气虚表现比较明显者，可每隔半个月食用一次，不宜长期连续服用。①当归生姜羊肉汤：当归20g，生姜30g，羊肉500g。当归、生姜冲洗干净，用清水浸软，切片备用。羊肉剔去筋膜，放入开水锅中略烫，除去血水后捞出，切片备用。当归、生姜、羊肉放入砂锅中，加清水、料酒、食盐，旺火烧沸后撇去浮沫，再改用小火炖至羊肉熟烂即成。具有温阳补血、祛寒止痛功效，适合阳虚体质者食用 。\r\n②韭菜炒胡桃仁：胡桃仁50g，韭菜200g。生胡桃仁开水浸泡去皮，沥干备用。韭菜摘洗干净，切成寸段备用。麻油倒入炒锅，烧至七成热时，加入胡桃仁，炒黄，再加入韭菜、食盐，翻炒至熟。具有温肾助阳功效，适合阳虚体质腰膝冷痛者。① 蜂蜜银耳蒸百合：百合120g，蜂蜜30g，银耳30g。将百合、蜂蜜、银耳拌和均匀，蒸令熟软。具有养阴生津润燥的功效，适合阴虚体质常感咽干口燥、皮肤干燥者食用。糖尿病患者不宜使用本方。 \r\n② 莲子百合煲瘦肉：莲子（去芯）20g，百合20g，猪瘦肉100g。用莲子（去芯）、百合、猪瘦肉，加水适量同煲，肉熟烂后用盐调味食用。具有养阴清热、益气安神功效，适合阴虚体质常感虚烦失眠多梦者食用 。\r\n① 荷叶粥：干荷叶30g，粳米60g。干荷叶揉碎，与粳米同放锅中，共熬成粥。具有祛湿降浊的功效，适合痰湿体质者食用 。\r\n② 冬瓜海带薏米排骨汤：冬瓜1000克，海带100克，薏米30克，猪排骨少量，生姜2～3片。冬瓜连皮洗净，切成块状；薏米、海带洗净，稍浸泡；猪排骨洗净斩为件状；然后与生姜一起放进瓦煲内，加入清水3000毫升（约12碗水量），先用武火煲沸后，改为文火煲约3个小时，加入适量食盐和少许生油便可。具有健脾祛湿、化痰消浊的功效，适合痰湿体质腹部肥满的老年人食用。\r\n① 绿豆薏米粥：生薏苡仁40克，绿豆40克。浸泡一夜，放入锅内，加适量水，用文火炖至熟，焖数分钟即可。具有清热利湿解毒的功效，适合湿热体质易长疮疖者食用。 \r\n② 老黄瓜赤小豆煲猪肉汤：老黄瓜1000克，赤小豆80克，瘦猪肉少量，陈皮10克，生姜1～2片。赤小豆、陈皮洗净，陈皮刮去瓤，并一起浸泡；老黄瓜洗净，连皮切为厚块状；猪肉洗净，不用刀切。先放陈皮于瓦煲内，加入清水3000毫升（约12碗水量），武火煲沸后再加入老黄瓜、猪肉、生姜，煮沸后改为文火煲约2.5小时，调入适量食盐和生油即可。具有清热利湿、理气和中的功效，适合湿热体质者食用。①黑豆川芎粥：川芎10g，黑豆25g，粳米50g。川芎用纱布包裹，和黑豆、粳米一起水煎煮熟，加适量红糖，分次温服。具有活血祛瘀功效，适合血瘀体质者食用。 \r\n②红花三七蒸老母鸡：老母鸡1只（约1000g），参三七10g，红花15g，陈皮10g。将老母鸡宰杀，剖腹去内脏，洗净后，放入三七、红花、陈皮，文火蒸熟，至肉烂，加葱、盐、姜调味，分餐食之。具有活血行气功效，适合血瘀体质患有胸痹、痛证者食用。① 三花茶：茉莉花、菊花、玫瑰花各3克。沸水冲泡，代茶饮。具有行气解郁功效，适合气郁体质者饮用。 \r\n② 黄花菜瘦肉汤：鲜黄花菜60克(干品20克)，猪瘦肉500克（切块），生姜3片，适量油盐。黄花菜需要先用开水焯一下，放少许油略炒，然后将黄花菜和瘦肉一起放进瓦煲内，加入清水2500毫升，武火煲沸后改文火煲3个小时，调入适量盐、油便可。具有疏肝解郁功效，适合气郁体质者食用。① 固表粥：乌梅15g、黄芪20g、当归12g、粳米100g。乌梅、黄芪、当归放砂锅中加水煎开，再用小火慢煎成浓汁，取出药汁后，再加水煎开后取汁，用汁煮粳米成粥，加冰糖趁热食用。具有益气养血脱敏功效，适合过敏体质易发皮肤过敏者食用。 \r\n② 黄芪首乌藤炖猪瘦肉：首乌藤15克，黄芪15克，猪瘦肉100克，食盐、葱、生姜、料酒、味精各适量。首乌藤、黄芪洗净，切片备用；猪瘦肉洗净，切成2厘米见方的块，放人锅内，加灵芝、黄芪、调料、水适量。锅置武火上烧沸，用文火炖熬至瘦猪肉热烂即成。具有益气养血、祛风脱敏功效，适合过敏体质者食用。','0','fab4bfb8765b4c248154d3d658c0393a','2018-12-06 16:45:03','4'),('cb7eca77bda64ff1ad3ac53903e604gs','729f8e1e33944bdcb1e4d3c5565004gs','运动保健','宜选择比较柔和的传统健身项目，如八段锦。在做完全套八段锦动作后，将“两手攀足固肾腰”和“攒拳怒目增力气”各加做1～3遍。避免剧烈运动。\r\n还可采用提肛法防止脏器下垂，提肛法：全身放松，注意力集中在会阴肛门部。首先吸气收腹，收缩并提升肛门，停顿2～3秒之后，再缓慢放松呼气，如此反复10～15次。宜在阳光充足的环境下适当进行舒缓柔和的户外活动，尽量避免在大风、大寒、大雪的环境中锻炼。\r\n日光浴、空气浴是较好的强身壮阳之法。也可选择八段锦，在完成整套动作后将“五劳七伤往后瞧”和“两手攀足固肾腰”加做1～3遍。宜做中小强度的运动项目，控制出汗量，及时补充水分。不宜进行大强度、大运动量的锻炼，避免在炎热的夏天或闷热的环境中运动。\r\n可选择八段锦，在做完八段锦整套动作后将“摇头摆尾去心火”和“两手攀足固肾腰”加做1～3遍。也可选择太极拳、太极剑等。坚持长期运动锻炼，强度应根据自身的状况循序渐进。不宜在阴雨季节、天气湿冷的气候条件下运动。 \r\n可选择快走、武术以及打羽毛球等，使松弛的肌肉逐渐变得结实、致密。如果体重过重、膝盖受损，可选择游泳。宜做中长跑、游泳、各种球类、武术等强度较大的锻炼。夏季应避免在烈日下长时间活动，在秋高气爽的季节，经常选择爬山登高，更有助于祛除湿热。也可做八段锦，在完成整套动作后将“双手托天理三焦”和“调理脾胃须单举”加做1～3遍，每日1遍。宜进行有助于促进气血运行的运动项目，持之以恒。如步行健身法，或者八段锦，在完成整套动作后将“左右开弓似射雕”和“背后七颠百病消”加做1～3遍。避免在封闭环境中进行锻炼。锻炼强度视身体情况而定，不宜进行大强度、大负荷运动，以防意外。宜多参加群体性体育运动项目，坚持做较大强度、较大负荷的“发泄式”锻炼，如跑步、登山、游泳。也可参与下棋、打牌等娱乐活动，分散注意力。宜进行慢跑、散步等户外活动，也可选择下棋、瑜珈等室内活动。不宜选择大运动量的活动，避免春天或季节交替时长时间在野外锻炼。运动时注意避风寒，如出现哮喘、憋闷的现象应及时停止运动。','0','fab4bfb8765b4c248154d3d658c0393a','2018-12-06 16:45:03','4'),('d59f94ac72374c499f314fef931504gs','35d069d681e342828ff6f6d2778a04gs','起居调摄','提倡劳逸结合，不要过于劳作，以免损伤正气。平时应避免汗出受风。居室环境应采用明亮的暖色调。居住环境以温和的暖色调为宜，不宜在阴暗潮湿寒冷的环境下长期工作和生活。平时要注意腰部、背部和下肢保暖。白天保持一定活动量，避免打盹瞌睡。睡觉前尽量不要饮水，睡前将小便排净。居住环境宜安静，睡好“子午觉”。避免熬夜及在高温酷暑下工作，不宜洗桑拿、泡温泉。节制房事，勿吸烟。注意防晒，保持皮肤湿润，宜选择选择蚕丝等清凉柔和的衣物 。居住环境宜干燥，不宜潮湿，穿衣面料以棉、麻、丝等透气散湿的天然纤维为佳，尽量保持宽松，有利于汗液蒸发，祛除体内湿气。 \r\n晚上睡觉枕头不宜过高，防止打鼾加重；早睡早起，不要过于安逸，贪恋沙发和床榻。居室宜干燥、通风良好，避免居处潮热，可在室内用除湿器或空调改善湿、热的环境。选择款式宽松，透气性好的天然棉、麻、丝质服装。注意个人卫生，预防皮肤病变。\r\n保持充足而有规律的睡眠，睡前半小时不宜思考问题、看书、看情节紧张的电视节目，避免服用兴奋饮料，不宜吸烟饮酒。保持二便通畅，防止湿热积聚。居室宜温暖舒适，不宜在阴暗、寒冷的环境中长期工作和生活。衣着宜宽松，注意保暖，保持大便通畅。不宜贪图安逸，宜在阳光充足的时候进行户外活动。避免长时间打麻将、久坐、看电视等。尽量增加户外活动和社交，防止一人独处时心生凄凉。居室保持安静，宜宽敞、明亮。平日保持有规律的睡眠，睡前避免饮用茶、咖啡和可可等饮料。衣着宜柔软、透气、舒适。起居要有规律，保持充足的睡眠时间。居室宜通风良好。生活环境中接触的物品如枕头、棉被、床垫、地毯、窗帘、衣橱易附有尘螨，可引起过敏，应经常清洗、日晒。外出也要避免处在花粉及粉刷油漆的空气中，以免刺激而诱发过敏病症。','0','fab4bfb8765b4c248154d3d658c0393a','2018-12-06 16:45:03','4'),('dccb8f97b20c435ead12077971b204gs','a2856ca611a94a45b2847a6be18f04gs','抑郁评估','<b><span style=\'font-size:14px;\'>可能有一点产前焦虑和抑郁的情绪，不用担心，了解清楚产前产后抑郁，放松心态面对它。</span></b>','0','cc046dd712fa4817a496bf73f0402352','2018-12-06 16:45:03','4'),('f0a765c6fc26460c81f4dbde7d7204gs','729f8e1e33944bdcb1e4d3c5565004gs','食疗处方','① 山药粥：山药30g，粳米180g。将山药和粳米一起入锅加清水适量煮粥，煮熟即成。此粥可在每日晚饭时食用。具有补中益气功效，适合气虚体质者食用。\r\n② 黄芪童子鸡：童子鸡1只，生黄芪9g。洗净童子鸡，用纱布袋包好生黄芪，取一根细线，一端扎紧纱布袋口，置于锅内，另一端则绑在锅柄上。在锅中加姜、葱及适量水煮汤，待童子鸡煮熟后，拿出黄芪包。加入盐、黄酒调味，即可食用。具有益气补虚功效，适合气虚体质易自汗者食用。本方补气力量较强，对气虚表现比较明显者，可每隔半个月食用一次，不宜长期连续服用。①当归生姜羊肉汤：当归20g，生姜30g，羊肉500g。当归、生姜冲洗干净，用清水浸软，切片备用。羊肉剔去筋膜，放入开水锅中略烫，除去血水后捞出，切片备用。当归、生姜、羊肉放入砂锅中，加清水、料酒、食盐，旺火烧沸后撇去浮沫，再改用小火炖至羊肉熟烂即成。具有温阳补血、祛寒止痛功效，适合阳虚体质者食用 。\r\n②韭菜炒胡桃仁：胡桃仁50g，韭菜200g。生胡桃仁开水浸泡去皮，沥干备用。韭菜摘洗干净，切成寸段备用。麻油倒入炒锅，烧至七成热时，加入胡桃仁，炒黄，再加入韭菜、食盐，翻炒至熟。具有温肾助阳功效，适合阳虚体质腰膝冷痛者。① 蜂蜜银耳蒸百合：百合120g，蜂蜜30g，银耳30g。将百合、蜂蜜、银耳拌和均匀，蒸令熟软。具有养阴生津润燥的功效，适合阴虚体质常感咽干口燥、皮肤干燥者食用。糖尿病患者不宜使用本方。 \r\n② 莲子百合煲瘦肉：莲子（去芯）20g，百合20g，猪瘦肉100g。用莲子（去芯）、百合、猪瘦肉，加水适量同煲，肉熟烂后用盐调味食用。具有养阴清热、益气安神功效，适合阴虚体质常感虚烦失眠多梦者食用 。\r\n① 荷叶粥：干荷叶30g，粳米60g。干荷叶揉碎，与粳米同放锅中，共熬成粥。具有祛湿降浊的功效，适合痰湿体质者食用 。\r\n② 冬瓜海带薏米排骨汤：冬瓜1000克，海带100克，薏米30克，猪排骨少量，生姜2～3片。冬瓜连皮洗净，切成块状；薏米、海带洗净，稍浸泡；猪排骨洗净斩为件状；然后与生姜一起放进瓦煲内，加入清水3000毫升（约12碗水量），先用武火煲沸后，改为文火煲约3个小时，加入适量食盐和少许生油便可。具有健脾祛湿、化痰消浊的功效，适合痰湿体质腹部肥满的老年人食用。\r\n① 绿豆薏米粥：生薏苡仁40克，绿豆40克。浸泡一夜，放入锅内，加适量水，用文火炖至熟，焖数分钟即可。具有清热利湿解毒的功效，适合湿热体质易长疮疖者食用。 \r\n② 老黄瓜赤小豆煲猪肉汤：老黄瓜1000克，赤小豆80克，瘦猪肉少量，陈皮10克，生姜1～2片。赤小豆、陈皮洗净，陈皮刮去瓤，并一起浸泡；老黄瓜洗净，连皮切为厚块状；猪肉洗净，不用刀切。先放陈皮于瓦煲内，加入清水3000毫升（约12碗水量），武火煲沸后再加入老黄瓜、猪肉、生姜，煮沸后改为文火煲约2.5小时，调入适量食盐和生油即可。具有清热利湿、理气和中的功效，适合湿热体质者食用。①黑豆川芎粥：川芎10g，黑豆25g，粳米50g。川芎用纱布包裹，和黑豆、粳米一起水煎煮熟，加适量红糖，分次温服。具有活血祛瘀功效，适合血瘀体质者食用。 \r\n②红花三七蒸老母鸡：老母鸡1只（约1000g），参三七10g，红花15g，陈皮10g。将老母鸡宰杀，剖腹去内脏，洗净后，放入三七、红花、陈皮，文火蒸熟，至肉烂，加葱、盐、姜调味，分餐食之。具有活血行气功效，适合血瘀体质患有胸痹、痛证者食用。① 三花茶：茉莉花、菊花、玫瑰花各3克。沸水冲泡，代茶饮。具有行气解郁功效，适合气郁体质者饮用。 \r\n② 黄花菜瘦肉汤：鲜黄花菜60克(干品20克)，猪瘦肉500克（切块），生姜3片，适量油盐。黄花菜需要先用开水焯一下，放少许油略炒，然后将黄花菜和瘦肉一起放进瓦煲内，加入清水2500毫升，武火煲沸后改文火煲3个小时，调入适量盐、油便可。具有疏肝解郁功效，适合气郁体质者食用。① 固表粥：乌梅15g、黄芪20g、当归12g、粳米100g。乌梅、黄芪、当归放砂锅中加水煎开，再用小火慢煎成浓汁，取出药汁后，再加水煎开后取汁，用汁煮粳米成粥，加冰糖趁热食用。具有益气养血脱敏功效，适合过敏体质易发皮肤过敏者食用。 \r\n② 黄芪首乌藤炖猪瘦肉：首乌藤15克，黄芪15克，猪瘦肉100克，食盐、葱、生姜、料酒、味精各适量。首乌藤、黄芪洗净，切片备用；猪瘦肉洗净，切成2厘米见方的块，放人锅内，加灵芝、黄芪、调料、水适量。锅置武火上烧沸，用文火炖熬至瘦猪肉热烂即成。具有益气养血、祛风脱敏功效，适合过敏体质者食用。','0','fab4bfb8765b4c248154d3d658c0393a','2018-12-06 16:45:03','4'),('f81f68eb78464577bbae5bb64f5604gs','1d9a37a1d9da44a1a648b4fa37d704gs','饮食保健','宜选用性平偏温、健脾益气的食物，如大米、小米、南瓜、胡萝卜、山药、大枣、香菇、莲子、白扁豆、黄豆、豆腐、鸡肉、鸡蛋、鹌鹑（蛋）、牛肉等。尽量少吃或不吃空心菜、槟榔、生萝卜等耗气的食物。不宜多食生冷苦寒、辛辣燥热的食物。宜选用性平偏温、健脾益气的食物，如大米、小米、南瓜、胡萝卜、山药、大枣、香菇、莲子、白扁豆、黄豆、豆腐、鸡肉、鸡蛋、鹌鹑（蛋）、牛肉等。尽量少吃或不吃空心菜、槟榔、生萝卜等耗气的食物。不宜多食生冷苦寒、辛辣燥热的食物。宜选用甘温补脾阳、温肾阳为主的食物，如羊肉、鸡肉、带鱼、黄鳝、虾、刀豆、韭菜、茴香、核桃、栗子、腰果、松子、红茶、生姜等。少食生冷、苦寒、黏腻食物，如田螺、螃蟹、海带、紫菜、芹菜、苦瓜、冬瓜、西瓜、香蕉、柿子、甘蔗、梨、绿豆、蚕豆、绿茶、冷冻饮料等。即使在盛夏也不要过食寒凉之品。宜选用甘凉滋润的食物，如鸭肉、猪瘦肉、百合、黑芝麻、蜂蜜、荸荠、鳖、海蜇、海参、甘蔗、银耳、燕窝等。少食温燥、辛辣、香浓的食物，如羊肉、韭菜、茴香、辣椒、葱、蒜、葵花子、酒、咖啡、浓茶，以及荔枝、龙眼、樱桃、杏、大枣、核桃、栗子等。宜选用健脾助运、祛湿化痰的食物，如冬瓜、白萝卜、薏苡仁、赤小豆、荷叶、山楂、生姜、荠菜、紫菜、海带、鲫鱼、鲤鱼、鲈鱼、文蛤等。少食肥、甜、油、黏（腻）的食物。宜选用甘寒或苦寒的清利化湿食物，如绿豆（芽）、绿豆糕、绿茶、芹菜、黄瓜、苦瓜、西瓜、冬瓜、薏苡仁、赤小豆、马齿苋、藕等。少食羊肉、动物内脏等肥厚油腻之品，以及韭菜、生姜、辣椒、胡椒、花椒及火锅、烹炸、烧烤等辛温助热的食物。宜选用具有调畅气血作用的食物，如生山楂、醋、玫瑰花、桃仁（花）、黑豆、油菜等。少食收涩、寒凉、冰冻之物，如乌梅、柿子、石榴、苦瓜、花生米，以及高脂肪、高胆固醇、油腻食物，如蛋黄、虾、猪头肉、猪脑、奶酪等。还可少量饮用葡萄酒、糯米甜酒，有助于促进血液运行，但高血压和冠心病等患者不宜饮用。女性月经期间慎用活血类食物。宜选用具有理气解郁作用的食物，如黄花菜、菊花、玫瑰花、茉莉花、大麦、金橘、柑橘、柚子等。少食收敛酸涩的食物，如石榴、乌梅、青梅、杨梅、草莓、杨桃、酸枣、李子、柠檬、南瓜、泡菜等。饮食宜均衡、粗细搭配适当、荤素配伍合理，宜多食益气固表的食物，尽量少食辛辣、腥发食物，不食含致敏物质的食品，如蚕豆、白扁豆、羊肉、鹅肉、鲤鱼、虾、蟹、茄子、辣椒、浓茶、咖啡等。','0','fab4bfb8765b4c248154d3d658c0393a','2018-12-06 16:45:03','4'),('fb2eb9939f854354ad3b4286847704gs','35d069d681e342828ff6f6d2778a04gs','穴位保健','气海穴、关元穴  \r\n气海穴：位于下腹部，前正中线上，当脐下1.5寸；\r\n关元穴：位于下腹部，前正中线上，当脐下3寸。\r\n采用掌根揉法，每个穴位按揉2～3分钟，每天操作1～2次。这两个穴位还可以采用艾条温和灸，增加温养益气的作用。温和灸可每周操作1次。关元穴、命门穴\r\n关元穴：参考气虚质。\r\n命门：位于腰部，当后正中线上,第2腰椎棘突下凹陷中。\r\n可采用温和灸的方法，可每周进行1次。 关元穴还可采用掌根揉法。每穴2～3分钟，每天1～2次。也可配合摩擦腰肾法温肾助阳。摩擦腰肾法每天1次，每次约10分钟，以摩至皮肤温热为度。太溪穴、三阴交穴\r\n太溪穴：太溪位于足内侧，内踝后方，当内踝尖与跟腱之间的凹陷处 ；\r\n三阴交穴：位于小腿内侧，当足内踝尖上3寸，胫骨内侧缘后方 ；\r\n可采用指揉的方法，每个穴位按揉2～3分钟，每天操作1～2次。足三里穴、丰隆穴\r\n足三里穴：位置见气虚质；\r\n丰隆穴：位于小腿前外侧，当外踝尖上8寸，条口外，距胫骨前缘二横指处 ；\r\n可采用指揉法，每穴按揉2～3分钟。每天操作1～2次。\r\n支沟穴、阴陵泉穴\r\n支沟穴：位于前臂背侧，当阳池与肘尖的连线上，腕背横纹上3寸，尺骨与桡骨之间；\r\n阴陵泉穴：位于小腿内侧，当胫骨内侧踝后下凹陷处 ；\r\n可采用指揉或拍打的方法，每穴操作2～3分钟，每天1～2次。阴陵泉还可以选择刮痧。期门穴、血海穴\r\n期门穴：位于胸部，当乳头直下，第6肋间隙，前正中线旁开4寸 ；\r\n血海穴：屈膝，在大腿内侧，髌底内侧端上2寸，当股四头肌内侧头的隆起处 ；\r\n采用指揉法。每个穴位操作2～3分钟，每天操作1～2次。合谷穴、太冲穴\r\n合谷穴：位于手背，第1、2掌骨间，当第2掌骨桡侧的中点处 ；\r\n太冲穴：位于足背侧，当第1跖骨间隙的后方凹陷处。\r\n可采用按揉的方法。每穴操作每穴2～3分钟，每天1～2次。神阙穴、曲池穴\r\n神阙穴：位于腹中部，脐中央；\r\n曲池穴：位于肘横纹外侧端，屈肘，当尺泽与在肘横纹外侧端与肱骨外上髁连线中点 ；\r\n神阙采用温和灸，每周1次。曲池采用指揉法，按揉2～3分钟。每天操作1～2次。','0','fab4bfb8765b4c248154d3d658c0393a','2018-12-06 16:45:03','4');

/*Data for the table `t_kb_questionaire_algorithm` */

insert  into `t_kb_questionaire_algorithm`(`questionaire_algorithm_id`,`questionnaire_id`,`algorithm_code`,`algorithm_entrance`,`algorithm_priority`,`is_valid`,`operate_person`,`operate_time`,`orgid`) values ('066e3a757441434f951938db7c4e04gs','9dcf6e13e163440d8cdc633a3bb104gs','bluesCalculateB','com.bjgoodwill.assess.service.impl.BluesCalculateQuestionnaireResultB','0','1','1','2018-12-06 16:45:03','4'),('1185bb8bfaf647bdb0372a69c0ac04gs','31bce069fb354adc91933ec6c7ba04gs','tcmCalculate','com.bjgoodwill.assess.service.impl.TcmCalculateQuestionnaireResult','0','1','1','2018-12-06 16:45:03','4'),('167b99c927ec4f80be55a1a1460004gs',NULL,'er','dfg1','1','1','1','2018-12-06 16:45:03','4'),('21725e07b15947b7bd1aad2cb61804gs','61d035312d884f1aaa35646c7dc004gs','oldCalculate','com.bjgoodwill.assess.service.impl.OldCalculateQuestionnaireResult','0','0','1','2018-12-06 16:45:03','4'),('392ada5bc59f480bb4a62ff6028904gs','736555bef8a3412b9e8e7e49e6a704gs','tumbleCalculate','com.bjgoodwill.assess.service.impl.BluesCalculateQuestionnaireResult','1','0','8f97c50bda3041218d0628ec1005d183','2018-12-06 16:45:03','4'),('51b78e9a6c1c4968b72b64ab008a04gs','456278d8d24449aba1cf42493bfd04gs','ycCalculate','com.bjgoodwill.assess.service.impl.BluesCalculateQuestionnaireResult','1','0','8f97c50bda3041218d0628ec1005d183','2018-12-06 16:45:03','4'),('7ae58e13c7774e3ea0b8e0fb49d004gs','637bd7d203fe4842a3bd01b018d304gs','wxyypdCalculate','com.bjgoodwill.assess.service.impl.BluesCalculateQuestionnaireResult','1','0','8f97c50bda3041218d0628ec1005d183','2018-12-06 16:45:03','4'),('9e8f6180e02f47a2a6215878f3b804gs','a4c52bc3e37a43e097716756f29b04gs','brainsCalculate','com.bjgoodwill.assess.service.impl.BluesCalculateQuestionnaireResult','1','0','8f97c50bda3041218d0628ec1005d183','2018-12-06 16:45:03','4'),('c5896c9a77934995b32dfbbff8ff04gs','8b9bc1a47f3b47e198b7250b93c904gs','bluesCalculate','com.bjgoodwill.assess.service.impl.BluesCalculateQuestionnaireResult','1','1','1','2018-12-06 16:45:03','4'),('db9674a8c1a74226a9922f4da76d04gs','36b32aa4c990437d812035e8ca2804gs','oldCalculate','com.bjgoodwill.assess.service.impl.OldCalculateQuestionnaireResult','0','0','1','2018-12-06 16:45:03','4'),('edd5b5c375064e5b9bf6505da6e104gs','5744880a246345429aa7bec28daa04gs','bluesCalculateB','com.bjgoodwill.assess.service.impl.BluesCalculateQuestionnaireResultB','0','1','1','2018-12-06 16:45:03','4');

/*Data for the table `t_kb_questionnaire_assess_standard` */

insert  into `t_kb_questionnaire_assess_standard`(`qs_standard_id`,`questionnaire_id`,`main_questionnaire_id`,`qss_lowest_score`,`qss_highest_score`,`qss_grade`,`qss_grade_desc`,`is_valid`,`operate_person`,`operate_time`,`orgid`) values ('07ca043ff2894df09ecdc247662204gs','c11b51cd2bd8420ea4c09c328cb304gs','36b32aa4c990437d812035e8ca2804gs','14.00','20.00','3','重度受损','0','1','2018-12-06 16:45:03','4'),('0899abe5902045b8bafa3f16109b04gs','4ea6d23186a0409c9d6bcb102c1404gs','31bce069fb354adc91933ec6c7ba04gs','0.00','29.00','2','否','0','1','2018-12-06 16:45:03','4'),('09992208299744deb8e294c041f304gs','47b54e69ac8e4623a177bffc586304gs','31bce069fb354adc91933ec6c7ba04gs','40.00','100.00','0','是','0','1','2018-12-06 16:45:03','4'),('0be380a554d048eba5966c9f1c9d04gs','45117f2fce0743c58543a897e14304gs','637bd7d203fe4842a3bd01b018d304gs','0.00','16.00','3','营养不良','0','8f97c50bda3041218d0628ec1005d183','2018-12-06 16:45:03','4'),('0c26ee5491af4058ba15cae2605f04gs','36b32aa4c990437d812035e8ca2804gs','36b32aa4c990437d812035e8ca2804gs','1.00','1.00','1','轻度失能','0','1','2018-12-06 16:45:03','4'),('0d868c4da7104cb9869fdd93c98d04gs','6b19afae44d84d7da834f479f60804gs','31bce069fb354adc91933ec6c7ba04gs','0.00','29.00','2','否','0','1','2018-12-06 16:45:03','4'),('0ed84a475a8a4604a5087aa0058904gs','86c38082910d4277b8459ba2166804gs','36b32aa4c990437d812035e8ca2804gs','2.00','3.00','2','中度受损','0','1','2018-12-06 16:45:03','4'),('1383d06a76f74c70ba8384fd281004gs','c11b51cd2bd8420ea4c09c328cb304gs','36b32aa4c990437d812035e8ca2804gs','3.00','7.00','1','轻度受损','0','1','2018-12-06 16:45:03','4'),('168bb19045694045b69ef0eb60fa04gs','3084bc75c6364cb9b3011001f5e104gs','456278d8d24449aba1cf42493bfd04gs','17.00','24.00','0','正常','0','8f97c50bda3041218d0628ec1005d183','2018-12-06 16:45:03','4'),('183d4c9db16140d89706ccce433504gs','180dc8603f024c8b9d8f678813db04gs','31bce069fb354adc91933ec6c7ba04gs','40.00','100.00','0','是','0','1','2018-12-06 16:45:03','4'),('1a681a121ae345dba1164d1f453304gs','36b32aa4c990437d812035e8ca2804gs','36b32aa4c990437d812035e8ca2804gs','0.00','0.00','0','能力完好','0','1','2018-12-06 16:45:03','4'),('1f2b57329a934981b191cd0e9a0a04gs','8ff18f79406849cdb7ae1e56b11d04gs','36b32aa4c990437d812035e8ca2804gs','3.00','3.00','3','处于昏迷状态者','0','1','2018-12-06 16:45:03','4'),('203e48ee760e44cdba68eeb1eaf104gs','1e32b906c8c94dbc8e91107a4f9204gs','9dcf6e13e163440d8cdc633a3bb104gs','0.00','52.00','4','无抑郁','0','1','2018-12-06 16:45:03','4'),('20456f8841214510bcdc12258f3304gs','02a1f8f60deb476da3461b3e274704gs','61d035312d884f1aaa35646c7dc004gs','100.00','100.00','0','能力完好','0','1','2018-12-06 16:45:03','4'),('21da533bffcd407c94f7247fa51d04gs','bf32cb8f90c948be9fdf5c1281b604gs','31bce069fb354adc91933ec6c7ba04gs','60.00','100.00','1','基本是','0','1','2018-12-06 16:45:03','4'),('2d38b842098441c084a5b63a785e04gs','58d82bd32a0d4955ac609dcf21cd04gs','8b9bc1a47f3b47e198b7250b93c904gs','0.00','8.00','3','无抑郁症状','0','1','2018-12-06 16:45:03','4'),('2d7b8983af1d4b6487801fb8e3a704gs','58d82bd32a0d4955ac609dcf21cd04gs','8b9bc1a47f3b47e198b7250b93c904gs','13.00','30.00','1','产后抑郁症','0','1','2018-12-06 16:45:03','4'),('308ccfeeda3f40409b7f140e31eb04gs','45117f2fce0743c58543a897e14304gs','637bd7d203fe4842a3bd01b018d304gs','17.00','23.00','2','存在营养不良的危险','0','8f97c50bda3041218d0628ec1005d183','2018-12-06 16:45:03','4'),('32dcecb5463848558a15227b25d904gs','b53635acf8e441b6bc81a09ee94e04gs','36b32aa4c990437d812035e8ca2804gs','45.00','60.00','2','中度受损','0','1','2018-12-06 16:45:03','4'),('36bd12e43537460aa005904901bd04gs','180dc8603f024c8b9d8f678813db04gs','31bce069fb354adc91933ec6c7ba04gs','30.00','39.00','1','倾向是','0','1','2018-12-06 16:45:03','4'),('3a2d86172fec40d88cdcb40cdd7b04gs','02a1f8f60deb476da3461b3e274704gs','61d035312d884f1aaa35646c7dc004gs','61.00','99.00','1','轻度功能障碍','0','1','2018-12-06 16:45:03','4'),('3f28ae27a8114d579387544f497d04gs','5fb2fdf54f6f4c6d980d9007f32a04gs','31bce069fb354adc91933ec6c7ba04gs','40.00','100.00','0','是','0','1','2018-12-06 16:45:03','4'),('414a213dced046779060ea0b889a04gs','8ff18f79406849cdb7ae1e56b11d04gs','36b32aa4c990437d812035e8ca2804gs','2.00','2.00','2','近30天内发生过2次及以上跌倒、噎食、自杀、走失','0','1','2018-12-06 16:45:03','4'),('4187a6b180e14f3d850857674d2304gs','b898c117b6c84bb084732d21c48f04gs','31bce069fb354adc91933ec6c7ba04gs','0.00','29.00','2','否','0','1','2018-12-06 16:45:03','4'),('4e930a83b58c43a09cfe6215c1bc04gs','d2938839e8f5410b97e900eec40b04gs','736555bef8a3412b9e8e7e49e6a704gs','24.00','45.00','2','低风险','0','8f97c50bda3041218d0628ec1005d183','2018-12-06 16:45:03','4'),('5a7ca2585a2c43fdbc6093c3060504gs','36b32aa4c990437d812035e8ca2804gs','36b32aa4c990437d812035e8ca2804gs','3.00','3.00','3','重度失能','0','1','2018-12-06 16:45:03','4'),('5bc4b96c894647d3b887ad7b385004gs','7c97c66b65024832adb5712e94c704gs','5744880a246345429aa7bec28daa04gs','70.00','100.00','1','重度焦虑','0','1','2018-12-06 16:45:03','4'),('5cb68d927a7940eeaf483dbefbb304gs','3084bc75c6364cb9b3011001f5e104gs','456278d8d24449aba1cf42493bfd04gs','15.00','16.00','1','轻度危险','0','8f97c50bda3041218d0628ec1005d183','2018-12-06 16:45:03','4'),('5f3c9aeec9e24093b6a6075891af04gs','8ff18f79406849cdb7ae1e56b11d04gs','36b32aa4c990437d812035e8ca2804gs','1.00','1.00','1','有认知障碍/痴呆、精神疾病者','0','1','2018-12-06 16:45:03','4'),('5f5cbd89ebfd480c8075deb1990904gs','45117f2fce0743c58543a897e14304gs','637bd7d203fe4842a3bd01b018d304gs','24.00','30.00','1','营养状况良好','0','8f97c50bda3041218d0628ec1005d183','2018-12-06 16:45:03','4'),('61dbc33fa0e245a397411719d10204gs','6b19afae44d84d7da834f479f60804gs','31bce069fb354adc91933ec6c7ba04gs','40.00','100.00','0','是','0','1','2018-12-06 16:45:03','4'),('6e9c64535bb44cbba1843ca9463404gs','6b19afae44d84d7da834f479f60804gs','31bce069fb354adc91933ec6c7ba04gs','30.00','39.00','1','倾向是','0','1','2018-12-06 16:45:03','4'),('6ef530bcd6874618b3d2e597c3e204gs','02f0655a4cb8470a9f9cce1ceb5204gs','36b32aa4c990437d812035e8ca2804gs','8.00','13.00','2','中度受损','0','1','2018-12-06 16:45:03','4'),('6f9d680f5bdf4fee8cdf4aeca6cb04gs','86c38082910d4277b8459ba2166804gs','36b32aa4c990437d812035e8ca2804gs','0.00','0.00','0','能力完好','0','1','2018-12-06 16:45:03','4'),('776314e734cf4bb88972d53d743a04gs','804bddcf71014774996fb80af36704gs','31bce069fb354adc91933ec6c7ba04gs','40.00','100.00','0','是','0','1','2018-12-06 16:45:03','4'),('79a270647e104b5095b5e528bc5e04gs','b898c117b6c84bb084732d21c48f04gs','31bce069fb354adc91933ec6c7ba04gs','40.00','100.00','0','是','0','1','2018-12-06 16:45:03','4'),('7da0c0f9e59d4dc1aae5e12a430604gs','707806e098644d10a8de3915195604gs','a4c52bc3e37a43e097716756f29b04gs','0.00','9.00','4','认知功能障碍(重度)','0','8f97c50bda3041218d0628ec1005d183','2018-12-06 16:45:03','4'),('823e15b479754062ac663e8f13b804gs','707806e098644d10a8de3915195604gs','a4c52bc3e37a43e097716756f29b04gs','10.00','20.00','3','认知功能障碍(中度)','0','8f97c50bda3041218d0628ec1005d183','2018-12-06 16:45:03','4'),('82e48f5e5c1542ac99e9340e0ebd04gs','c11b51cd2bd8420ea4c09c328cb304gs','36b32aa4c990437d812035e8ca2804gs','0.00','2.00','0','能力完好','0','1','2018-12-06 16:45:03','4'),('8579fe4985744de7afc1fba553c104gs','02f0655a4cb8470a9f9cce1ceb5204gs','36b32aa4c990437d812035e8ca2804gs','14.00','20.00','3','重度受损','0','1','2018-12-06 16:45:03','4'),('857df4a455e24d4baad4e060ddac04gs','5fb2fdf54f6f4c6d980d9007f32a04gs','31bce069fb354adc91933ec6c7ba04gs','30.00','39.00','1','倾向是','0','1','2018-12-06 16:45:03','4'),('85bd0fd4edf04d8b8bd70c22956604gs','8ff18f79406849cdb7ae1e56b11d04gs','36b32aa4c990437d812035e8ca2804gs','0.00','0.00','0','无','0','1','2018-12-06 16:45:03','4'),('881b197d3bd94f67b3c8297911db04gs','4ea6d23186a0409c9d6bcb102c1404gs','31bce069fb354adc91933ec6c7ba04gs','40.00','100.00','0','是','0','1','2018-12-06 16:45:03','4'),('89761c1a00724b90b9c8f147c24004gs','c11b51cd2bd8420ea4c09c328cb304gs','36b32aa4c990437d812035e8ca2804gs','8.00','13.00','2','中度受损','0','1','2018-12-06 16:45:03','4'),('8ca1cc5e3b37469e945a5b2107c104gs','d2938839e8f5410b97e900eec40b04gs','736555bef8a3412b9e8e7e49e6a704gs','46.00','100.00','1','高度危险','0','8f97c50bda3041218d0628ec1005d183','2018-12-06 16:45:03','4'),('8d16122335994ebb94961b15929204gs','02f0655a4cb8470a9f9cce1ceb5204gs','36b32aa4c990437d812035e8ca2804gs','3.00','7.00','1','轻度受损','0','1','2018-12-06 16:45:03','4'),('91b32f2fb6b54135b79fb1bd2b3b04gs','804bddcf71014774996fb80af36704gs','31bce069fb354adc91933ec6c7ba04gs','30.00','39.00','1','倾向是','0','1','2018-12-06 16:45:03','4'),('935f7d0b7d1d42f185c4a7c0750c04gs','4013e06e83424acc87fe8ac32a2404gs','31bce069fb354adc91933ec6c7ba04gs','0.00','29.00','2','否','0','1','2018-12-06 16:45:03','4'),('9777390b92394fbc87597c7505b604gs','4ea6d23186a0409c9d6bcb102c1404gs','31bce069fb354adc91933ec6c7ba04gs','30.00','39.00','1','倾向是','0','1','2018-12-06 16:45:03','4'),('a55361b60bb445f2a4663a7cd48d04gs','3084bc75c6364cb9b3011001f5e104gs','456278d8d24449aba1cf42493bfd04gs','13.00','14.00','2','中度危险','0','8f97c50bda3041218d0628ec1005d183','2018-12-06 16:45:03','4'),('af0eaed8b9644a57bfbd7192daf904gs','7c97c66b65024832adb5712e94c704gs','5744880a246345429aa7bec28daa04gs','50.00','59.00','3','轻度焦虑','0','1','2018-12-06 16:45:03','4'),('b0640a5ecb7e44cd850f5754994b04gs','4013e06e83424acc87fe8ac32a2404gs','31bce069fb354adc91933ec6c7ba04gs','40.00','100.00','0','是','0','1','2018-12-06 16:45:03','4'),('b28df944979c4460bcc7ba98c98d04gs','1e32b906c8c94dbc8e91107a4f9204gs','9dcf6e13e163440d8cdc633a3bb104gs','73.00','100.00','1','重度抑郁','0','1','2018-12-06 16:45:03','4'),('b44d29d6cf7d4195bb2ba05e719104gs','47b54e69ac8e4623a177bffc586304gs','31bce069fb354adc91933ec6c7ba04gs','30.00','39.00','1','倾向是','0','1','2018-12-06 16:45:03','4'),('b4807e96b0164658ab226d00c0f604gs','bf32cb8f90c948be9fdf5c1281b604gs','31bce069fb354adc91933ec6c7ba04gs','0.00','59.00','2','否','0','1','2018-12-06 16:45:03','4'),('bbbbdf983dac4d598272aabe257504gs','707806e098644d10a8de3915195604gs','a4c52bc3e37a43e097716756f29b04gs','21.00','26.00','2','认知功能障碍(轻度)','0','8f97c50bda3041218d0628ec1005d183','2018-12-06 16:45:03','4'),('bf842180253b4be89c576a6e2cc004gs','02a1f8f60deb476da3461b3e274704gs','61d035312d884f1aaa35646c7dc004gs','0.00','40.00','3','重度功能障碍','0','1','2018-12-06 16:45:03','4'),('c4d8e9d9ea904d7b8d8351c5909204gs','707806e098644d10a8de3915195604gs','a4c52bc3e37a43e097716756f29b04gs','27.00','30.00','1','正常','0','8f97c50bda3041218d0628ec1005d183','2018-12-06 16:45:03','4'),('ca252c57617c405c801b2b61a81e04gs','86c38082910d4277b8459ba2166804gs','36b32aa4c990437d812035e8ca2804gs','4.00','6.00','3','重度受损','0','1','2018-12-06 16:45:03','4'),('cc67b0f453fe42aa8a9313ada4c604gs','36b32aa4c990437d812035e8ca2804gs','36b32aa4c990437d812035e8ca2804gs','95.00','100.00','0','完全自理','0','1','2018-12-06 16:45:03','4'),('ce546415801a48b1b7e26100fe1904gs','b898c117b6c84bb084732d21c48f04gs','31bce069fb354adc91933ec6c7ba04gs','30.00','39.00','1','倾向是','0','1','2018-12-06 16:45:03','4'),('d0cebcb852354d8fbf49ae25df7504gs','45117f2fce0743c58543a897e14304gs','637bd7d203fe4842a3bd01b018d304gs','0.00','23.00','3','零风险','1','8f97c50bda3041218d0628ec1005d183','2018-12-06 16:45:03','4'),('d19bd78127ea41639b28db67089f04gs','d2938839e8f5410b97e900eec40b04gs','736555bef8a3412b9e8e7e49e6a704gs','0.00','23.00','0','零风险','0','8f97c50bda3041218d0628ec1005d183','2018-12-06 16:45:03','4'),('d23b4095ba5a4fc3a5bc6d9d5b8c04gs','4013e06e83424acc87fe8ac32a2404gs','31bce069fb354adc91933ec6c7ba04gs','30.00','39.00','1','倾向是','0','1','2018-12-06 16:45:03','4'),('d5ceb19e89604332b2d6b8da376504gs','bf32cb8f90c948be9fdf5c1281b604gs','31bce069fb354adc91933ec6c7ba04gs','60.00','100.00','0','是','0','1','2018-12-06 16:45:03','4'),('d8cc8c8857934ce8961adb78f76b04gs','180dc8603f024c8b9d8f678813db04gs','31bce069fb354adc91933ec6c7ba04gs','0.00','29.00','2','否','0','1','2018-12-06 16:45:03','4'),('db2ae5b0765c412187ac0d3dd05b04gs','02f0655a4cb8470a9f9cce1ceb5204gs','36b32aa4c990437d812035e8ca2804gs','0.00','2.00','0','能力完好','0','1','2018-12-06 16:45:03','4'),('dce99c9270e4429692406e785ade04gs','b53635acf8e441b6bc81a09ee94e04gs','36b32aa4c990437d812035e8ca2804gs','65.00','95.00','1','轻度受损','0','1','2018-12-06 16:45:03','4'),('dd1109c4445f493195456b62f2d604gs','3084bc75c6364cb9b3011001f5e104gs','456278d8d24449aba1cf42493bfd04gs','0.00','12.00','3','高度危险','0','8f97c50bda3041218d0628ec1005d183','2018-12-06 16:45:03','4'),('df39582c36014064a24f2ab78b3404gs','47b54e69ac8e4623a177bffc586304gs','31bce069fb354adc91933ec6c7ba04gs','0.00','29.00','2','否','0','1','2018-12-06 16:45:03','4'),('e1fe5e2652a4468cac0cc1da931d04gs','b53635acf8e441b6bc81a09ee94e04gs','36b32aa4c990437d812035e8ca2804gs','0.00','40.00','3','重度受损','0','1','2018-12-06 16:45:03','4'),('e3991a7660b4448492abebf8a90e04gs','7c97c66b65024832adb5712e94c704gs','5744880a246345429aa7bec28daa04gs','60.00','69.00','2','中度焦虑','0','1','2018-12-06 16:45:03','4'),('e59d949ddf374cf89afef252f3f704gs','36b32aa4c990437d812035e8ca2804gs','36b32aa4c990437d812035e8ca2804gs','2.00','2.00','2','中度失能','0','1','2018-12-06 16:45:03','4'),('e67e8620f1854bf0b4cbcd3a195a04gs','5fb2fdf54f6f4c6d980d9007f32a04gs','31bce069fb354adc91933ec6c7ba04gs','0.00','29.00','2','否','0','1','2018-12-06 16:45:03','4'),('e770d1b67fec480ebf3234b84fd004gs','02a1f8f60deb476da3461b3e274704gs','61d035312d884f1aaa35646c7dc004gs','41.00','60.00','2','中度功能障碍','0','1','2018-12-06 16:45:03','4'),('e7d36f6ce88544b6aefca82cb5c304gs','804bddcf71014774996fb80af36704gs','31bce069fb354adc91933ec6c7ba04gs','0.00','29.00','2','否','0','1','2018-12-06 16:45:03','4'),('ebb78642021940539f19df89263b04gs','1e32b906c8c94dbc8e91107a4f9204gs','9dcf6e13e163440d8cdc633a3bb104gs','63.00','72.00','2','中度抑郁','0','1','2018-12-06 16:45:03','4'),('ec2655a5361046d08aad6984ab5004gs','b53635acf8e441b6bc81a09ee94e04gs','36b32aa4c990437d812035e8ca2804gs','100.00','100.00','0','能力完好','0','1','2018-12-06 16:45:03','4'),('ec6a02d780e74125880e778b4cfa04gs','86c38082910d4277b8459ba2166804gs','36b32aa4c990437d812035e8ca2804gs','1.00','1.00','1','轻度受损','0','1','2018-12-06 16:45:03','4'),('f0877357ff01424d8472c4f57f6604gs','7c97c66b65024832adb5712e94c704gs','5744880a246345429aa7bec28daa04gs','0.00','49.00','4','无焦虑','0','1','2018-12-06 16:45:03','4'),('f3af315a5d92464d9630b311eaf704gs','58d82bd32a0d4955ac609dcf21cd04gs','8b9bc1a47f3b47e198b7250b93c904gs','9.00','12.00','2','抑郁可疑','0','1','2018-12-06 16:45:03','4'),('fa26b1d5b60846ec9a6a8e1502fc04gs','1e32b906c8c94dbc8e91107a4f9204gs','9dcf6e13e163440d8cdc633a3bb104gs','53.00','62.00','3','轻度抑郁','0','1','2018-12-06 16:45:03','4');

/*Data for the table `t_kb_questionnaire_result` */

/*Data for the table `t_kb_questionnaire_template` */

insert  into `t_kb_questionnaire_template`(`questionnaire_template_id`,`template_code`,`template_name`,`template_type`,`template_path`,`template_style`,`is_valid`,`operate_person`,`operate_time`,`orgid`) values ('0628ae75d32e4489ae03c391a36604gs','tcmTemplate','中医体质模板_2','0','business/assess/template/tcmAssessmentTemplate.jsp','PNG\r\n\Z\n\0\0\0\rIHDR\0\0?\0\06\0\0\0?s\0\0 \0IDATxp]W}ﻜ\rMH@?Οc\'Qk`Q?KZxB޼?D3i@No??ڂ`wItP2}Rp?}Wt?m@Mdb%2?vn~|ttwgoZtil?N_rog?\0\0\0\08?ڄߦ?ͷ?	?\0\0\0\0y%#a?߹⋡_4?@\0@\0@\0@ @?-?\0\0\0\0y%p޼֎A\0@\0@\0@\0@le#C\0\0\0\0%\0	;Q;\0\0\0@? aF? \0 \0 \0 \0K\0v~v\0\0\0\0	?>u|Tl\0 \0 \0 \0 0?b$?q?G?j\0\0\0\0(@BK?Z>H?\0\0\0\0??	k?\0\0\0\0)y@\0@\0@\0@\0@Z aE\Z\0\0\0\0T?\0$l@?\0\0\0\0ji? \0 \0 \0 P!b@\0@\0@\0@\0E\0ZQ\0\0\0@?@V$?\0\0\0?HjF= \0 \0 \0 \0\"\0	[!?@\0@\0@\0@Z aE\Z\0\0\0\0T?\0$l@?\0\0\0\0ji? \0 \0 \0 P!b@\0@\0@\0@\0E\0ZQ\0\0\0@?@V$?\0\0\0?HjF= \0 \0 \0 \0\"\0	[!?@\0@\0@\0b	[_?|tl]?[T{?-gL>??RS^N1?A\0@\0@\0@\0Α\0?\ni?<?J?55#?ҷrj_)rMmbllxS?Z⎓~6N?t*Tr?$lā\0\0\0@=f̩_??jn333bf̑[Hzzsb?EW?{Y??i=?\0$3D	 \0 \0 \0 ?HyBБ{??ꝙQVmbKUҦ$b<{?a;ګsZb|y?i?֐?\0\0\0?RMHoUxT?`?NPZ???Iýn3ܦN:Yʇsl/?_\0\0\0?hqqqu?7Nl\nV\nM>15]?TT(b\0^auk[[Z??r	1glg| s?7\0\0\0T@_?\0H`ݤR?E??]lcArSLf?Z,?t ӕӒte[?=\'|? \0 \0 \0?@~Q%`T{pͮ[S\rb	EZFrtlS}?HBK;ƃW6?G&GlgՎZ%i^K񱾎?8?m?X \0 \0 \0?`QI?\0AWr??ޯOPQl?{	/Cn\0\0\0?-(?B9[?s8yPVv[ߤүY	~?<h-^uR.YZJ+mVF??_:p?A?Y?Bj\0\0\0?UWPUvn0?x\\8bO?sXdZ^-2\0\0\0@wAXŅiNi֦?7ܻ01,נҫS{qp\"(???SW\\~E.???ŷY;+l? \0 \0 \01Xo~bOV*IƖI[S$y?%Q?TեB]V\no_?oZ[Zx붭KEcHs=A?x*M??\0\0\0&3?`-cסoDjW)ABKNΞ^G 㮥\"+җ5EI?iMVNZ?0kvL/XTVk???(Bz8? \0 \0 \0H_ɿ?rw?UkooJ퇺HZŷ?Ht\'}qhg0?sOA?YNZ?05oIW+c݅]mE}4?\Z_Zdww?lJy??~A\0@\0@\0@`^	U	N0ܤ1ZjBb?\0ť}zqQ_?Au?bZkK?*o?jڲajKv?}{NI?-uh>?F}\0\0\0hT]mf?IV^ǫ,?Uòj?}r?A?\\c}}y?>h\0\0\0@?SΪT?Lm(65\rM(mFp?Yܻ??e?!?A?kvp????ԩn	?NW.wc\0\0\0\0\"?5e4@\0@\0@\0@ ?\0$l6#?\0\0\0\0?5e4@\0@\0@\0@ ?\0$l6#?\0\0\0\0?5e4@\0@\0@\0@ ?\0$l6#?\0\0\0\0?5e4@\0@\0@\0@ ?\0$l6#?\0\0\0\0?5e4@\0@\0@\0@ ?\0$l6#?\0\0\0\0?5e4@\0@\0@\0@ ?\0$l6#?\0\0\0\0?5e4@\0@\0@\0@ I?~?.腵?\\\0@c\0\0A}			?\0FF?	?j\n͟^?[ªlo?˓y?]Rn}v.@H\0\0AM?			?\0F?9dN?mw(0tqr7&V^_^|.?twx??uʦS@\0???h\0@ \0@YGY)??~?N_hۥ3/֕Mk[xE\0<?\0AM			?\0F?9dxˢ@\0@\0@\0@\0@?@ևJ\0\0\0\0K\0֢@\0@\0@\0@\0@?@ևJ\0\0\0\0K׹?sǏt\\?Dbg?b[4>?[G?C?!ߌW?=?Mܦ\"G܃:ܲt?x??k?w?nytϟ?>??B(kg@l._?qpc]?Bg?e\Z?!VQhn?10n??_??wHjtݥݿ?~ٛ?!?|	h}?vǏ\\i?\\)q?omBrZ\ZsNj[첇[V~????M?S/#20t?{?ǜt?^p4Sbql	V̾e\'zװ`%yBt^؍Z\'iݓ[˘{Ą;3\'O?=c?z?4#wnD?5;Vyr?8>!6:Oxo]mke??Y{?γAm?{B]4????9u:tc!?Ctcv!1&|?u/WNh<\0x??\0CXcu?t=??0~tR?W\n+;?Vowky\"$4XN?{`}O}QʞǞQ,??GF}L]qc?8*QGa3̂&ly\'l}qHN_>yi?54?-9J\Z\Z=|xd?<\'3?-j?);e??/s|EI(_ׂI?nݲg???uh!𔡺?N?????]^??K[?YpǷnI[??wv???S#-]4/SX=]??HS?\ZMʗ^?ε?GAh^i\\?}?p]9 h?F<Ew?5!CN0?ƬK{\\Bv?p/3#x?k͌L\\㿨?oپJ?ڛ?Ҽ9h|*u	GxD?̏/nFO<Ʒ\Z\nq|oSC[HݸsKS?G>,+ve/FQ}}wꅕMѰo@zC}*JtMNRn?}?إ9?AA[Gv?&״?x[xP?lo?AΕ?f$??(^:g(D,>sLKY:?H]^D?WF??!y~_oA	?}L},8Y?4u\'	??ڻk=?S\\??Y{qʌĔgp?oroOV\Z? {@r?\ZBR?W~Y?_i	_?E?-0yPlVy5#W+J?ڏ?aYV}u?%%a??a{c4?44se}4]3\r-i@]#}?®Ezu-?kzX?PÓw/~|ݓ}cc*!ݜt_B?1?\\,?I=?^?]}???R=e?!{i5ɸj?+[qvmi???~?=+???V}\n?jr^upW:M7?<.[zƽjj~?횶m~p?oY??U|BPW?i?t?BOFZ?\'	;g???xמY?n7?o?+Ό~>g8}k\'?]+lJ\nd;mbJf-_W\"/?|hQJ?\\=\02IV??ۧJϨc?\nbGC?Ք?~??fomL}|?Kݩ橓>5t2}>??qq???	*1Mq1>FrÖ?sp\ZQW?v?gN> ?z`rmw(iz>x볇{?v?sϏ=?,mVҿ\r7?k]ݕ\'?{C??A*?Ek ѻS(?eG}8. QSGM/MXٳܟfd۷\'L_~p!?ZFyh3?VSTq?󲧛>FZ֦*]εv_?G~b\\?R?\'vFK?,2?<?Iw|r??F?rVvwWeo_}m???[<ce???M4i?8{M鮇2T?~?:?ögNPsv?FprP?7/{?oOg>]?~oG??ξsF~?~)x3<?q@drrJGokW(?	?g7??wqF{-G!dTvr]?B:S<?,eB<?:c6:yvȮ5 ?[{?\nK7@?Yy?yLԄ??l?ۿ@${OgXws\rǣ?O>?g?]WFNTH[_#A_΍/=v?Ώ~?W\\}ӯʋOԮ,X?4*?Q灛?]5n?Ѧ?cz}ژ?5U\\??/܍x_n/kuWA?uP?󃟤{ōO_ӟX]5zf&?o?W=w??fĜɓ\\?KZY]<[F?u}?N?!?קqVQW3?WRq	Xs?u3|֔V?>(?y`Ni?}kvp\n?Pw⁇w_M7??eݗGDJe&^?d25?H ???FI0?\0Bo͟v? \\Ç]??Ś/gk??\Z\ZJ?ٗC.{sv޲q8;$L>a	64N !?b\r_If6Bؑ4G^؝VN-b3|^?M\r	VUJ@Wh?ԯF\ZFO~?OO~?lO?.~˓|W??\n?Xw??\Zw<fr?薷kÇ~HH(nT?ۑ__#&Jmn?UK?o?ӑ??S<????=?V\\1u||yB?5H?\0+m?OdA\'ݻ>*P6?Zu??\Z{$HPvOB۫i!ϾJ?Cǿ{ŗi0HcB\rtp?q?S}RͲ\ZV?ܰ?TyŕWas/Fu??J?M#o?-\rFG>զ4œmߘ[.\'\'k??\\[|\'vwvֲS6tG??vsU5?!?n!բ?=a_OAu?[?xŪ]?l??y}Ȇ&g?`??{W}oOͿS46F??niMyp eCGD	OZ??O\Z\r<?!co?%?]w\r??R???n\"c?{NU&?y??EQ?]H=O~?D&ӻoa՛???t??6Hsx솶G?X??~G\\\'w5j\'?\"V{)m4/{]o{nR+ӄ}Y)Y$@kOjҕ;-?	t5!wOi1]sO[??\\\rw}?|?wW?@?m?7?4Z~uv!A#\nln?>!D?ztϧnG~tj-~zΉxoQA}Bz?WB\\?ih?]?|?C*ʗ?7&Hg?w$Ğ#&1]\ZNG	?}?MfVEz@^v9΃d?K8ѧ1\\>/?k???vq?Z[JPb_?#O߲qkЯGd?RW?cGe㏂,^?(?v1~rKM>ך??K?I5\\N^&7?oh*?!?7=tqazc?:2??ru?|ꮇI%?#	˼?_w??]3vq?舝z?L9?׈C䳿_?oyoCEr.fAp!ĺG/\r?ּ??z\"_Yq]RodCphƾ?&j?1~Zy????\0xeMK~?c}7*	_w;HG(|Pg?4?!(?dw??\0\0 \0IDAT?_?UZXoJ}?®[:vG\'4ZENM?]\\???H?߽hQP??{vѳ?{x0Z?P#P\\r \0F@\05)a$`$`$(	C΀;{b?D\0@\0@\0@\0@\0\0$`G?\0 \0 \0 \0?PB?)UG\nϾzMn?m^P~mP\0 ?###AHX??̀?2?ʖ??k??g/tZEޢn.:ˋ?g.Zwxyo ?\0@P3FFF?`9?G?6Y_$xf?lf!q?6dz@\05`$`$`$(			?ʖ???\0\0\0\0@>x?\'?\0\0\0?5c\n4@\0@\0@\0@ H|\n@\0@\0@\0@f@??\0\0\0\0| aqB*\0\0\0\0!\0	[3@C@\0@\0@\0@\0??@\0@\0@\0@\0j?\0$l͘\r\0\0\0G?mk+@\0@\0@\0@\0@`N?a/?i\n\0\0\0\0| \'?\0\0\0?5c\n4@\0@\0@\0@ H|\n@\0@\0@\0@f@??\0\0\0\0| aqB*\0\0\0\0!\0	[3@C@\0@\0@\0@\0??@\0@\0@\0@\0j?\0$l͘\r\0\0\0G\06\'?\0\0\0?5c\n4@\0@\0@\0@ H|\n@\0@\0@\0@f@??\0\0\0\0| aqB*\0\0\0\0!\0	[3@C@\0@\0@\0@\0??@\0@\0@\0@\0j?\0$l͘\r\0\0\0G\06\'?\0\0\0?KK?;v^{jKʫz^ZJ\0?TkLطvl1-}j	?Вs$ԩn?NW.wc*>sѣGzŋ_|Tӧ_y?#y+\\Y.\r6?Vwk}M@???o777=//?QKVww-g?ŀ\\IQIYT?I\'OԟԀRBMW?P[ѹ쫚LLs!-?Dce&p?b3LWf_>?˰jƹVxZyk鴽dR?Y?fydQ*SFt9?.H&le??Hxa3TRwτU\Z?8?J#mCҹr^)\\n?THLM?B~TU¾Nꪫx?Ҭ??PB7s?סG?\Z\ZpokܙQN?!A$7{x9Gp\"??uwK֝2v{?X_?^?Ӿ>wnw=\ZLv.e۷?SN{x{?q6}5?\ZP\n٤+`_yAKu?BNY-IQ;spp?[	LBԙBo?~?x*L#l?i?ĝ>T3@r9zjVNU?@-MM?yKCХp)HCs5WV}*wt5}!5􁪮|o.Zٳ/RZs??-FiIPtX7?̗?W]?(f?>c?!`?sΫ?SNbPFyqӆ6?WȔ??.d?jW?۾&eyƌ?cPƴopƞ@DxL!QA1\Z9|nV޾?jt|<z?άf{	?ޞ\"j?хk+v\r?\nW=?tRuЩf?KgNF?V1V*p\nؗ ?g&iu&G,ii?TCFhp?ct5}c-JW_}Dk?Z\ZKs(i旁VWg?RSS3?O8#\'LشwC?e먹{?.WN\'>?J]!M??#\ZKW;yK?FTOn?5Des؃?*ZDu(ݾ\\NcV^@#ڷrf*̲gǘY]FiN6է?f[?{??h~&G3???OLA?+{c?4-?3iFYL?۾\\iWNRL6M??Q*ˏI\Z]\rj_e6t[FN?}uަavZL4~?	\ZR^??pX䴥\'K*]jXCmWW)AW-M?hcG[i2W??愎%M?m=.\rh_?&tg=u}i(?? ׆X??0֓pzM%]&?\0??LN0H]Al߀B!jvTfgwSbt5UՅ?\0U_?>?Z:3^-yAOxLZCO?3SS.⼠z???#?Pkz?LdӍ???Ip$\\KIM?!Ni_j(F.?\Z?	?\'C˒b?ZױETl}|c&??@g?ޘ?ՐIX#q?bLd-}AlXSc\\p??foށJ?g3Lμ?rc2?u?n???ڲ4Z:񻣹mLZap PWgשԝ|M-\"zP\rh|jL}Ӧ]{?EMk7y?]lK/D?Iֺ??=?g5#:d?Xʛ@/X?=*ut?ǽCR*#O?glwR:{{G;⼃Z:za15e?eųQ?ۭ.ܰyk$zG???zmA?A:F?>dk?)}̤^\0ݖT `k	kp\\֊g\n߅D?3yPE*Ms?hoYldUV3{RI%A,?5솈?.ޡ6gymW??%!rqK]Ժ$\rUPj`?ZXU?\'O{V?wk?|v{R?W6֐4QOivnL]oS?Z?\0uL<?4s?ذ??P{?.𡉖wМ]뱭w|\\w^)K?a9Vkm#ghj?Ex{Q?/fz#|????v% پ?3^I;?[LFJťu|KC1TTEtmM]X-줘/Oz{yiEXg.BĖb_Nwf9QZj?վ??-6HBV6UWs?O hieKm0~-@U%,-!?NLLЧ	ԟ6333tC]c?z\'K?SEWe?b,?lisow)ߔ?Kf?z?FfP$S??\\՟vprڗF<\\	KMW|S?k\\n<]vR?O??ySi_cg?#׻涥SFV138??\'lxY-ЎP9? ???q}Y??YPϻ85|?B?ٝm_Q7\nm?Kv60w}XM{??r97?QCð`v?ae]j?x??`vҥBA-rT?Y;?Bc5lPUpQM3s0f\0(E˜?|E??D?gPO@%?jH9m?g?}}?бhB\n?پ&?fܜl\ZՇ^uKkӲ|U0?as(aZ׵Lvi\Z?)?Z?\"H)?vPҞ4iosUm_}F?	Rz7?9D҃-Cmi^Y??}h_JOp\r叮zu?∨oZry?OK?m_AWߜrdKJ_6Ⱥ?ΕzKಈ.ꕄ?Medg@z?Q?}?H?-}\nw2Ocni6\\}mޝ?c@>@/=?W6}?sVPZ54\"cA}C-?U*eC+ RJ?rfا7vF?)1۾ҭ*G?#\\@?Zi?o0??7?r^Zhj\\I,jKXY}Z?Bw\'=&3^H?̕wV&d?l?1?*ZK?KW_ogg?>E͈oG}i_ݘ|ck\Z?(?acu??aZ\0RKpeO#soPmd\\ 2jqK?}?<rJ?^U?`wʳ??n]E}lva~O:mJ?|?E?ؒʳz飫hSN?~?񿅲d?R?~I-6??ևfy??k`Y@,oV??_?\\  \0 \0 \0 \05E༚j\r\Z \0 \0 \0 \0? a3!\0\0\0@m-{? \0 \0 \0 \0? a3!\0\0\0@m-{? \0 \0 \0 \0? a3!\0\0\0@m-{? \0 \0 \0 \0? a3!\0\0\0@m-{? \0 \0 \0 \0? a3!\0\0\0@m-{? \0 \0 \0 \0? a3!\0\0\0@m-{? \0 \0 \0 \0? a3!\0\0\0@m-{? \0 \0 \0 \0? a3!\0\0\0@m-{? \0 \0 \0 \0? a3!\0\0\0@m-{? \0 \0 \0 \0? a3!\0\0\0@m-{? \0 \0 \0 \0? a3!\0\0\0@m-{? \0 \0 \0 \0? a3!\0\0\0@m-{? \0 \0 \0 \0? a3!\0\0\0@m-{? \0 \0 \0 \0? a3!\0\0\0@m-{? \0 \0 \0 \0?L1\'	J{o͛w?zo	Xk<ھ>ɖ;B?EzX!G?)d4Rs8?mb\\bE.|(??Sir$W$????|??:[f?MQ?7?[~r?sԉ2U:??АڲtIɸԾSvTF+BdM\'{P9vM3~1\0?#p.Vj&^?:O~hDj_i׽~>;|?ESM*U;˫jIǮEDK2G?6{Ѧdi2ǢͰ@й?X?n*!F\'C9R??Ӈw+3?ߪ?\\Ѡnyleyo??Cu\"?<W!j7D|?4ѭ\0U?sF?Ǭͽdr:SEKݴ\\v?8NNvT\0797K{`jno#?JY/epSy?GzMn\0@ySQ]GdZ?*\n?ʑ5Z߱\r4?dGhbk?FMMsнh?9<?ˬ84tܻt`MG7Y$z7g`E?Վw?iexuK{h#MAwx{W\n;caǵ6^FY]?w??z\\jZGH$*Oh??V)B?_F4?5??SP\\UÑ?QURPMBu;d	5?r?e?jWC}Bgٴ)?st?SߖyrQIs&Q??\'Ljtl]\0@?UV?#n\\XK:h߷mdëNq|MVD׫Y?o?qUa{?D?[s\'?;^^v%:hVj\\B?sGG&_??jU׈&??޺yd߄ZaODƹ?n>?hk?IZeIqp?ݚ?Y?V?n+j\'̵n\\9JqQs\\U?4r?ۖJ?(n.?m|ǥ?v<?qv17??O@Vo..|yd?SaΣh&QPȶ2ccyKC:\0?_==?V=S?-ʤ@?ԈIlIk]?szX\Z;Bcݻ~B]k?0|yCZSGl.q)|\\q	?Slu~?X.^_p?Ր-i}dkʢ_Z?r\"HLhvNecx׏BROoQrv??.lq{C}?>@\ZؖE\"]\n??ks?A\'h?cro߻~D?lhng2VVS\\ݾ-X^3A?o+m?X՜km?y(E7?z݆{a\0h\\CݴV[=\n4̖YL(\'?JH$Z]?B=d7Ex???Ϧ*?м?6l?ؼ/>M(P?r.K??o?!)JX?U?*7(wK?=|[?$?#z?^5f2gdF??LԘWrq?$??WeĜr/Aqn¢knpc=?F0x\rA?x\'F7?ql?hYvj--QI)?&ˌu[?|J{̠5}N`not,7QzaR^_Z4kBHLX??I?f9)5A\0@	F?kLqr?R???ui(=%?^??bBA}A	bյ$O	I)h#d??G~Dy?\rbʹHїoEOzB1I%	yZнwE/E[C!߹9Qm1Rk^$>YLX<??r8}5F-QlB8֏k\\l陛ZdՊ#%:4te?!)~ni??2̭amEՋxjI?^6Y׼is?+? ?Rnz`?Ti*?TJO$@S??Zæ<?fi^4?p\0\'0	?<UR}C	orYiްy?gwi?v?J?.⎇OvO?z>n*2~Dٶ?\r_?9?mE;!IFS}?w;wH;ΠP?fr0~DL2\'G<mVH{Z!=`wq?CpM?RGU\\\n}Y\nڡ\Z7?	poUp3ArMyͭ[k~VRƦ?){?8:[Pdw~CaPJ^w?-h9m?ܘ|6_?? \0H`??_zŴ?rY|q?ڪ?Alįg͛6)Q){2!?\0ҽ?XGGT+嗯X??f|٧@ZvѵD\\D[??Q?j????/{}V\'z~??\0\0 \0IDATCwM+?CuiNIQ?Tgbqdd_ՆT?>B`?Ě[d?|$B?h8lS??\r~?cni}=<Vn:M:45?n]?!?$ћ[:~@Q@?2{UlNP \0uD`?6?A?-?f䜤??q?kr??_n?;?dܛ$ϼ?y-???@?|?3SG\'\\Uגo????\ZQ?mL?Iե?\'sbUI}?UھS\ZE}?Fr34!9?kxLh?p?<-Gian#f\\?<b;?z}ڼhEeRZyίr[1?!(?Fh}vq?D?[m?p=2un{\ZtC?,7æΫm:M?Ƃ&\\ A\0@q	Fª?Ff.iuq?}ɒ̓nZQ?%cp}]TzbkfH`H}̮[hF}?㣒j???/n[3?y^?{]\\%}.\'HF1>0_R)7bf?<VVI^YG~?F{p?bK^4A?PAnth\'!ӝ?3m&sA\\?jlxOBϴ?ɾ=o֨}?m@QS|2?,q*2_K\\ہOOSn=߅&+?kN`D\0@\0\Zl$]|?~Sz?K?`MЃ!X-,bZi}ya/M_\rtSp^r\\y??{eAD|?OwO7]Z{\\ngn?\\%KhEz ?ҕ[\r?Ɏ?~i&i8? Mrē<ҙa(eT^?LNMY	he\'?)G?Q%??T,YbޠrSE?{<3s??[djX?ڑ.[&4{۴;?*l!\0? ԩn7\'_??o?Pauh\\??3kM*^??i[ڌa?Ll?I?2o?R@nC?NA!ʾUuL6R?+S@A?:M?????ӇM^?YO\\+mA?j?8GuJcU?RRs:ib[3?TK???N@~?0??)Hi#زaRb?\r?(:aIC?Z	$h\0hLFdΨjL֘pѫX\\<T?ODhY9d\ru2? ?K? \0B`?ֈ?&^?\"Q&\"b?\0F|?\n???a멛h+\0\0\0@?8q\0\0\0\0,?\0\0\04H?2&? \0 \0 \0?\0$?z	 \0 \0 \0\rD\0\0\0\0 \0	?^?\0\0\0@m c? \0 \0 \0 ?@?; \0 \0 \0 @ aȘ?\0\0\0,?\0\0\04H?2&? \0 \0 \0?\0$?z	 \0 \0 \0\rDrk?A\0@\0@\0@\0@ʖ\\rIGQ \0 \0 \0 \0 P.,$(?҃\0\0\0\0?Hy6\0?\0\0\0(?\0$l?@\0@\0@\0@`?@?P=\0\0\0@? a? \0 \0 \0 \0L\0v?A\0@\0@\0@\0?\0	[.1?\0\0\0gl\0T \0 \0 \0 P.Hr?=\0\0\0?gz\0\0\0\0r	@KA\0@\0@\0@\0\0$?\0Ճ\0\0\0\0K\0\\bH \0 \0 \0 0? a\0?@\0@\0@\0@\\?Cz\0\0\0\0y&\0	;?@?\0 \0 \0 \0???҃\0\0\0\0?cǎ?~^/?ꫯҹ \0)[EK`߹Z;e¾c	,:u[ŕݘʆ?sѷzk?_|1~W^y?G>ry?WwK}M]`jn}ouy9\'Pm?ϼy{.?./HԒݝ9egK1`8mbsTR/KIj)?5 P~Ui>Vt.&fDce2}ny?êӕٗe?쫚q.?d?@e:m/YCVKYu0e?]|?[Y??l|، ?bf4F(}FHÇ#?0~?DtܰW\n??Rtӫr⎸?U/©S?x???u?uuybb?y;?\0wfl?/MH?w?Fl?x{M?&ꒇu!?ŞqJ6gżWd\r䴯lϝ]#?-̔?Om_\r*e6?W^?c}ЄSV?iRq?k-tP\0u??}A?,h??ӈ?۾AZgq?L?бG;?S?PKSSdjޒ?t)l\n\\ꕺcĂ]lDH\r}ka\'\'\'??-:{l?K/\\s?MbgqyKQj?]ex\"r7?}n!ŕ?kWw|ʤoBLH\"?p7ǜjbMꔓ??t^kܴ?`N)2rdζIo޸1cs?X>1?A??SHzPFNi:bldkoo??^?Y#dt󷷧Hz{tڊ]Cju?Ul@Ϭ?J}5vtb?\'DU?b???a˙IZ.z\ZtO}cr;Ф6\Z\\]\rk?` W_%o+Q%??Jr\Ze`Y#Ԍɓn\'ȉE96Eqrm?jޭ˕hGiҽmqWHS-uΈN^@LM1=Qh?J?SW0Ј?㬜\nl??fVQy\Zͅ}i+b+?VgFv\nQ#?h0?Ӱtn^a?M <M?m*v?tQS¶$j:Wڦ&UTMoOizFWB٫̈́h%ַQbK}ol]V(j9,?ruBTWfc??;?9m?{ŒJ?hzUUʟ?1uP:?#g.%CKc.7\Z?V}?k/U0_?cInEj@Wup?YOd_\Zqë?ȴ=y?56xpCD8?ܣuSIWo?5>\0\'s?Ӈjmgf!?PFȇ1վ??]uUua,pU%,}?_ĂC55uDF^G90?7>Sƨ0y???/\"rň-?嚞i\rG?tm:G:iB?focAkSsڗ\ZJ??:EBвvswV$ul!f_*\"ߘ\0?a3\n7&\'G5}sH?=?YKg*b_c[1T?W36?fwRٮc?oG?L:Jݳ???;?NhnV?H?Yu*u\'}ST?\Z?fߴiמjrtQ?MEް?a?[K/?bqҧ\nsH?Y͈,i\n?Ћ1;yD??}|q?J~S%?-?ԅю8NޮoXL\rn?FxlTsv?7l^Zɯޑ6Oyh^[gyP.AdѶ.پ)KJ3?@?7}?t??h?rw!lELTQ J}7[cvՅLc?TRI@z:3,BdM@4?\"ž?wYAh[@3AF\\RkWz3?;8ICe44?}M?oU%,}Kɓ+Ͽ]kM<??49?$M|v%3rf0ST(/@?O.M_3??6,9	?O????|he4{Wzl?8!ݪW}xwc5?NZ[f76L?^?eTzK??M?f]%HǌWAN.?;Rq)nm&P(U?ݢ$G[SV?;)&˓Aay^s?֙??i??ؗ]bYN6iB?q	lcOM%Mk+?ZwtR̾_*PU	KK>??i\rh?d?ERETaUrY⁅	[*x7aLҮ3C_?Q??qyym=\rWݰ?e?WR?߾??,\ZW???OW]Se}g=fl#?q~lcڗXYm?U̾???>^GV7=y?+?TθH>?OC\'e`e?ž4?u+Nn?_?vxqvgAW;ԍ{?\rL9ko_?o}Sީa?\\Ǎ.JԐ0,JXzeZ>E+\n?]tiPPa%y?UD?}nXM;m>}3\\T?\0Jc2z?gчms\nQýY$?$6?PG?RNg[E?7MrE_ %t,dHI7g$,F.anRڴl\'_U?E?}gGf$JX-u-]{qK\nj֧?u?RJ3箫6MZ|?<sUloAWߢtѳHBM9L?Ѷ`hPEWJ/m\rkd{$?FG\\Cfd?\"?a[wV\\|wy?p?eW7?R?Fse@??_z%!4ASyY!?)ne_be?-iAӘ[?g_mwz?=6)KOxtO ?o?\0?Ŝ?V\rXlPj?ʠyY~\nRY=in?BmBJ¶tJ~ˈl> Fi?f?	?Gz\\?>??׾a`V!%iV4z	I?:?r</W-?s%?@!gsŵ\'M/?{j=E?RCOE3e_)sW7&ߘZ쨧zD,5u@jX=i?lGn?}-??\\pSF??hzZ\\_e???Ҭ}Wl?؝I[Whn?\0tXxNRiJ #6m	?k^|j|z0\Z~ԩ?}ol?b_y?u?R6aٶr싳rƚE>w([Gƪզ.\"?+1?\0\0\0\0@M8Zƀ\0\0\0\0@&HLDH\0 \0 \0 \0 P[ ak?h\r\0\0\0@&HLDH\0 \0 \0 \0 P[ ak?h\r\0\0\0@&HLDH\0 \0 \0 \0 P[ ak?h\r\0\0\0@&HLDH\0 \0 \0 \0 P[ ak?h\r\0\0\0@&HLDH\0 \0 \0 \0 P[ ak?h\r\0\0\0@&HLDH\0 \0 \0 \0 P[ ak?h\r\0\0\0@&HLDH\0 \0 \0 \0 P[ ak?h\r\0\0\0@&HLDH\0 \0 \0 \0 P[ ak?h\r\0\0\0@&HLDH\0 \0 \0 \0 P[ ak?h\r\0\0\0@&HLDH\0 \0 \0 \0 P[ ak?h\r\0\0\0@&HLDH\0 \0 \0 \0 P[ ak?h\r\0\0\0@&HLDH\0 \0 \0 \0 P[ ak?h\r\0\0\0@&HLDH\0 \0 \0 \0 P[ ak?h\r\0\0\0@&HLDH\0 \0 \0 \0 P[ ak?h\r\0\0\0@&3SIFD]۽oB;D>,??D?_WaU?P_?x(k-6k߹Sl#?k?I?\0\0\0$p.Q}BIMn=џ*FX=mxyzүM^???wG9degM?ٶlA?Έ??ef:B4lANm7?,{?9ݲܰt$u???a@\0@\0@\0*K`?r:UK:v\r\nR]BIf~ǲo?6U?j_mܮqEq?\0PC)-NFnJ{T?2Fa5@?G]_Js{?!\r!?8^u$|YM^?E|\\@\0@\0@\0*L`?VP*U?Q<AtѾoȾ݇WnWoj>&%V3fԼ?\nֺ\0u]v֠CǏ?۩;\ZHؼQ̶?rv\\ac?mj&?ˢ?y?Buׁ??x.dP9?yvԁ \0 \0 \0 ?Uη?\\_+޺ydđ??F?lIk?_ u1?+d䱇]?!ŮN?OQ\Z\\@??SKׯLW?~==Ё[i	/իjb\"8\Z3䅍IOQ?}b@v.?/SR+jI&wdrD@\0@\0@\0$,Pj_?ܒU77?aI\n?#$bW?e?sarbb?\0UV%4UX\'l?Q[?K)?\"He~L∭RErFYpS)WcXfYnXޡ[×?/ЊI?T뛽QA\0@\0@\0@`?f#a5.I?k\"{hX\'^S_?yd^?ԡJ!h?Ih$?zc5|U?W,-^WJ???&\r?n?qldmi?w?ckӸ^7ֆ}%M{?id?#q\0\0\0@E	Fª?????yzb?kx-\'rY^۱uӑU~=W?ڋT?YYպM;o>m_?YZ<0}c\n&Re$]?֕N{e7Z,%l=4~_w-[NF?.?ֆf?iK{ٕ_?\0\0\0\0?Kؤ6ůI?>?\\`dg?y^FeJi)5\"?pZ[,.϶??Te3B?D?g?ɕ?0c^=\0\0 \0IDATT՗?@Bv??ɷI?YD}J&??Ypr8T?pR\r\0\0\0%0{	{??~CcxiC+?>?x?ӈ^{X}q+?.h@ʸZ?A\\BZܼ}$,bKR[c?%:?vzM?䁦Yiz`*^vsQ?&??t?@QO?aZ>\ZF͐^{?J`ZI0zy?ܵ?ѱsҤuj?V;?hys?0聟p??\0 \0 \0 0\'f#a\0}yȶ?&pWp\Z]V?;~^`mɒ̓nZQX:`7?S~\'KiW\"&rjg$o\r?bq?)vo?\\5?R2J-]G]z)q䨦ZE$\nh7/g	K芛n:{rWG\0wo=80??.J36??,D?<s?\0 \0 \0 0f#a?Ec ?y?VSTz?hEazjbM;?ݢz!ZsO&ԯzIu;gOh?j,l\\F?B$MȟRlߴs?.̶{lLٲo[\ZT!Q??\r?$$?tC$j??\"6Am#?[GU5:Hŵh@\0@\0@\0@`?FbV?\r+uuSF?YnE?TOK:Hf?`XY%YҷQ\'Xm.:Lr+??VrsWƭ|bف}j??2Ne?@?ǥpyK ġ]_\"S+?\\P\\Lܖ\\)Iy? \0 \0 \0#ԩna?NWGn|$-#L?Q \0 \0 \0 \0 KfT?{<?Ih??\0\0\0\0?Y{agU2?\0\0\0\0?kF \0 \0 \0 \0 0+L \0 \0 \0 \0G\0vأf\0\0\0\0Y6d\0\0\0?5?\0\0\0\0̊\0$?\0\0\0?@\0@\0@\0@`V ag?@\0@\0@\0@\0\0$G?\0 \0 \0 \0?\0	;+l? \0 \0 \0 0 a=j\0\0\0?HYaC&\0\0\0\0#p?^TVZY@\0@\0@\0@\0*KrK͂ \0 \0 \0 \0 PAXHPA?\n@\0@\0@\0@? aAu\0\0\0\0T?\0$la?\0\0\0\0je? \0 \0 \0 PA@\0@\0@\0@\0A\0?Q\0\0\0@	@V&?\0\0\0?HjPF \0 \0 \0 \0$\0	[A?\n@\0@\0@\0@? aAu\0\0\0\0T?\0$la?\0\0\0\0je? \0 \0 \0 PA@\0@\0@\0@\0A\0?Q\0\0\0@	@V&?\0\0\0?HjPF \0 \0 \0 \0$\0	[A?\n@\0@\0@\0@?ίF%??;v^{\\r?W^yW_Iz%\0֫ǩ^Sj|}qB? ͷq_,\\T6|̙G[?/⋩ӧO?]tG>΃W]\Z[m?.j?Vxu}9jKgynnn~{s^p?_~u]G--[?{-_?ùh?xYNןPK??	JJ8$sW5pT7C$Z,suL??Vf̾}.Sa_Ռs!?%[/?.i{ZU?b]Z?䷯)Tr??7\\L7Ufeaf	?6{p?B?F?>6?&Ws冽R?DY?^?wMp?}N?uUW?Y?i-??nDkCc?4??cyiBHtoxO1ȑDfKnk?0P??e(S?+\"kp\'}e?|z 4\\˶oc?lljP5,?\\/IWP\'+?Z6Hw?M?Yk?P??\'&?\n6aAsTF???}fR偎<rQԬ0?Z\"oT4K@gSF?jW??Tjd?Bj?U];99?\\hٳgC_z饴Fki*;[:6TL??ns#8L\'?)YcP&|í]|?*gB\\q6g?WkRŞ፤Z\r\'amsڗ?M?G̕?\\DwԮ&s}Mx??W |i??Bփb4rJ4sݬ}e#[{{?Uxb-DY?!3O?E3>ޣV?R;Jezf?Q+%\'褮S???!\nb?sU??A[LLX,tӠ~۩&_jX\0[\0QU?y[???P??|\Z1?fOtK%\'O=qFN,ʙi/B?lQsen=u]\\ MN|F;JmmkB?oK/uF4?vڗ|/n?\ntgjB?ETP}ǌFogTe[x??l.O[yO[mD]YͶ:3?SLj}ig@#`ui,ewV?? miZVa$lSgӌ} Qӹ?5?n_mh]~{JT???Ծ~?^U%l&T%mE+鶾R?[?M]}cjBQ˙gi?4???m?iKO+T԰FۮR??\r?)<s)ɯZ?sѠ\\?eX{))Vz?Kڵp/?W{\\\Zо?LzP%P?^\re5@W?n?:a?Jz{M?M?8Y?֙>`Wn;?پ?B>쌩j?c*aY?}| 4tg?Z6?΁/HDG6FE#f(\\(yA?-5S?Fl)6?Lk?4-O?m?I]~HԹ?x?B\\c?ӾP2\\?4?2?N?ŞýS?c?4RL?m;ϘQh199?훓F^F?ŘZ:S?ՍRǸG ud5|?Uv}gy;?PdQ%?uvIei>\0uwGsۘ?@塮JS?ZD\ZԘ4MTUm֐o*=XU	lٲ^z?A>u?WCzIjFtgLS?^ٱ#zDU${E_yT*G?ADOh0?tvytv}}bjp1g??[]a?H~ys@#`:˃t	\"?uuE|v5NYRI?\0?@kר??E[?=?`+b_g?U#Y\Zȴ?f\ZJ?Ya\Z\'k\r)?\\Cm4:Gµa4J6Bb_?ЛuI\Z?fk~?a[Z\'O^??]z׵^k`|y,t]m?i\"峣???[݄ߦBA?xuyr?%h??a!AM(\"?\\MC-}9߻c[?VR?[Xsڗ?F?Դa?-C^F?y`mR00;J</A}g?f?vrI̍fYKqCo?b@7?%)>ښZI19_zҜ~\\\0UI-!žF??KrMd}K`3-%{Zl*ll_[A@Ҽ˖`ZPJXZBgO?m@?fff??@?,\Z-??O>?Z7z\rF/?,TXMVS)\r;ev͘2gO)??3H˧h[i?o?[x??(ug1,׸ҷ)hxw?M?S??c<ŧcӾJ\r?oB?kH*5?4TI3T]p=I?/a8f]R@c?ؾ2c?4yysd0\r??厩,q)q5ER?<s???t{}<??{}|59?l??\\؊tlv?Z.?B?WsݝAY8?!𯜟fFtWV?b>?l0$Z??m\\(H{?YC?60?ؿk<rVz%R|?^Ի$@?p`vU?՗_~y||\\^?3\n??jukO?B}h0VlUdͣ?h,^47?y/?!ɶ?EKԖ?\\YC&hn??HϿX\\Toq?prLX2֦IHؼEY7?vQPRˀ?2TڹlEo?NXS&ϼb{AEmn?զkˏ_u~Nwťm@^NNʽHA:,ϦH`!?yحҤt?ۙ^\Z޿(o8G懪{~;sdKV?+uѱ\'Oo?s2_O?Sl_UWZucmFxXY\ZGo?\\%o?9AK{X?PSžQIW?w?V$aM?}d?to??䶁\r?y5dMuj$(|7EkSG?]#?t]oƲ浌?FeyY?Z󛂳z^[؅³Fބ?ۿ:GoxFz?M}iZq?O0?VZDuWVזZ׻׿Y`y?A*?Ҭ1hy&VGHS?E\\NP{ٍ?}\'[Wo뒙OQ0Ma[[ʪ??33/TO1+g?#z)?>Y,G;zUkXyi]?l,??=??\\:9s?bk|z?z#?_Vs몏_?A[P}\\??j*EBo?i?i?Q?W^QCU??t:QL䓻kͿXHMWoc?>{?{o6ߓϏ~QwHYw&\Z?l¿OZ?Y}ÿ}@GE>rVSM}Fk({ѱp\ri@\0\0 \04?c \0@\0\0 PK\0	[\0 \0@\0?m??\0 \0@\0? \0@\0\0E\0	?`\r \0@\0@-$l-\"2@\0\0 \04?\0Y\Z@\0\0 \0ZHZDd\0 \0@\0h$l?\0 \0@\0??\0@\0\0 ?Hf?k \0@\0\0j	 ak?\0 \0@Y@\0\0 \0?@\"\" \0@\0@? a\0 \0@\0?ED@\0\0 \0f@??X@\0\0 PK\0	[\0 \0@\0?m??\0 \0@\0? \0@\0\0E\0	?`\r \0@\0@-$l-\"2@\0\0 \04?\0Y\Z@\0\0 \0ZHZDd\0 \0@\0h$l?\0 \0@\0??\0@\0\0 ?Hf?k \0@\0\0j	 ak?\0 \0@Y=s\\Xhq?\0 ??edn\\\ZwuUB4Ҫq3SjzsN)c[2usnc%2Q?,.6ֹE\\췱hxɔtd?LS6wn95?q?ՠ??YuzXz֬Z>,u?QؑWa?dqVUVؚQnfi?<?zƶ|??x}+`	\0\nfKhP?:?_[+ohͽ>ᵓC>Ϟ?Awlכ̪zM\\ 5Betɉ?Kj[QH????Z긊T%Yp2MnV{3uWbv5i?/睷tͭSnk{snY5g#Nݭr*?oL??e??YwViCӗޞNӆ?Z1nUڈ\\\0D5X3F▪VyQ_6V?42&M?uӠZ??3??[3c_qi@\08\0?8?.?\'*F\"?珄Ǫ?oPlVښrEe8@jJÒJ\\<qǱuLm8zauµo[W,?Xy֚6T?]\r2$?\0d\'??9U\\ӂx괸\\eI`sZ[QʪP܇ՂCc:?X{S}d;,K@.Z\\H\n?!W\\oF}ԓx??Aк?t;kq?ctZ?G(u[\\^h?E\0@?PGECs?4}zWmЪu#Lxv\\)lgZA?ߑaFY79ySu#bcqv`wB-?Z??k=K-Sii[S/MrF켣uvZ\"?>j6\'`Q1h?G|?EG4ت`R=}I??Su[RT??촀ܒO?v[?Y-ui?o?;??xWY⩯\0 0@?浤?EHL?ӚRIדv%U?^\ZUxm\"?r?\Zeʫ☒Θ1U?M?wK?ҙ?AJZbs3r?M???كd:D?]\"Zbso?k?J!\0za].N|ǅ`cd;w?&?(/?[[a?Ʌ=Áۺw?iZ2OfnۉJvQ??;_okzp_ֵ?[0s%wvH?HC\0$З?!8?)?#۩x\Z\Z?ђjXRDd5bX֪X;RJID75?PfxJ̅4Wl^/?vnކ0%RԃkYnGvsm#t?RO\"]_7ʬU}c[{?\"wЭt?0Z]EQZsd<ٰ?ڨ更]Wi&?=Q??ΊZ??ZP޿d?SDduDHjܚ[OƦƴntiD\nw-aUMc[{fԥ?ͷM!@\0Gqk1Gfz:/MiX[??w??z쪾GJP?SRb??OVqs?m?URCGnq7\ZϘ(\\?^\0\0 \0IDAT4s?QU?Ek>O֬i2c9lT?Қ?׊묀?=ݜ?Le~Mۣ\Z??ؠܘ,>8?\Z\'HZgf?bD׏dces?MSOQPό?])˹+E@\08hQ^N?6f=Cz1]Usa%eX[=_NNW?&\\ڋk?dV⺼	lעbdLUuĺm?;WjE}<)BP?3^٢#/f?[Ik?+Hkv~t8so?\0[p?q\\jW?S\"?/pN~q̼KUυa>\nƠo=W:?Kr[z],t?u?r:K5E?զsd5?Dr??,88`I/~N??ػRRw?\0 \0D?	?}ft`.,ٝK*ĥ@q?x?S\n[x?ӭ#?V?3s[ǋKIߑ5tXC$?F?{ս?TQFnQ;=~KM?wS?ˢ\n_Vꞧү첓SRNB9Z ?Bw*?\r?.??uhr\r^`\'?\\}R{??R\Zd]֞~S?U?ov(U6;T5?saz}w:?ݝEF?٫\r1V	?_wvq)ent;?VC\0@_¦@\\=H.ci?Ʃ#Sjy?[Z?Dһ1\'M\r?5~~?zJyI\\QT7W	\\3?p]E#]kKV]5Q^?BUdJVRN2?.?hwR?w3P}v?!X+7Rg6&]q|?O]?/?=uS?do?)hL;$h<ݻ []?^_:sq	?9uInQFmeڕ-A2u؋,}$hfQ?M*mv7v؉ d^I3\\2?t6V@\0$Џ?@s)1\"ӾE?tp?w???}????{7Fb$119Ô%v\r%?l_?qT`%J)13	nR!L-bei]vFkg>>t ??wI???\0?kP*J:\r\"msuϲw?Ya?q??mX?uC]	;?Q3?F@W[TIy\r[\\g%ҾW,}JLr}b:G?>eg-XNrW%z?\0-vy֮\\@f@\0 HXu\r(2ͼɠ??m\\Ɵȝ?\rQy[+rx幋s?b??Nl]G9#i̳e?=Ѕd@P?u\nC-`mL+_woS.2Aݠ?e_g华Od??l?\ZfJ|??ԓ/Poƭ[[sPi8D4FӅk?SfR?SS?b^?Sj?uՅ{m1T??ŉ??\r\n!?\0ɭ?nPu\0 p??a?Pæ?3?J1?+u?]y[?\\r|y3?zG~v\ZTeo;;m\Z\n\\;`<9<.s?WAb?y?igy*?zl?֗J?썷:Bu{ʴ?KHxhLhyCE?%YqKĬSVzl\0\r[??E_3?L?@I?aX`?N?,ߵ4.?{Rw_]N-?WޜڟCWLTvLߟ?s\r??YHB\0A#g?F7íA?pѠl.O?>?\0?{c?3?@\0h4gN=T_ssC?4ϳk?,螘??0?@\0@U\r\0 \0@\0;G(ΙD?\0 \0@\0?6@\0\0 \0?@???@\0\0 PE\0	[Em\0 \0@\0\r$mS0	\0 \0@\0?\0@\0\0\ZH\0	@` \0@\0@$lA\0\0 \04?\0N?@\0\0 \0?H?:l?\0 \0@\0h $lI\0 \0@\0UUt?@\0\0 @jkC\0\0 \0@`	?a_|ml \0@\0\0 ?&J\0 \0@\0{L\0	y@\0\0 \0^	 a{%F~@\0\0 \0?&c? \0@\0@??#? \0@\0?@?h\0 \0@WH^\0 \0@`? a4@\0\0 ?$l?@\0\0 {?\0\0 \0@\0\0Wb\0 \0@\0cH?v\0C\0\0 \0J\0	?1C\0\0 \0?$?;?\0@\0\0z%??\0@\0\0\0v?@?\0 \0@\0?@J\0 \0@\0{L=i?<㏥_|W^ַ?N;A?ub\',;A?uK??~V?k?_ܻw?W??\'}ї?KTx{yvmwn{wwyvkwn{wwy?m?|V_/?k_w?VG7_;GұsS\0FOᶂjUY^d헴ҹRf@I-ZcMm)}hkL&jnfH?`L,kX_m?siSmzܗ[?ט4?r@|_UӨZQ޿ZEĐ:?p?E\'[ݸ)l?f׃LpɥӆM_<?WHYwp?r??_0բ&\\R??a.J؟gկo~駢Y?2@?HA?d]YY?h??.ɐ[ݹ26rw?Pܧ܂Lth+ffSnSlG{d[[\\b>?]W[᫝T?Gg{?b\'>q?-?vK)e=mJڔmӋK?Z=H?r:?M*z?rD.RH?N Ø):VN?R;Me?/??D?<6w\Z??^{?@oչ_?gy淿m?K/?stojgw\'ZM2ywjJ?D~nXW`?u?)gYuV?UG?ysb-۩l{~iv載F?F͐\\ɹQY?Kt?|`?=?@BUCVi`~j#\'F?ݻ:I׼j?r\0/wa??o+^]2?(?O?kR_Y}??:?gW?=tF>LF\'тQA?!?w?GrcAςoA9iLJ?z\0?XD[??+PYOr~zwB]?QuK*}\'?%K>6j.\0YKOۖW?]\Z;:o?19Q4B?w{r6Y^^|?QF,t_(DoQezpj*?Vo4hv,)?1|e99w޹?0f?V_S6W^V??~I,j{πNX?UU}\rlչ,?M?=Ԟ:zYA?ۿBi[?VAVuM؞??^SֻԿ]PM&D?Jb\"W졙k?ꅢ?%?g\'hHsx?e?kU^zTtafloƿFiy-ټ^g.#MKǪQu?Z2QWl+[?W?_?ru?JWQԽkqZǯ^k7nzv}:?duKߕu1Hp? nhg ?C*Z_ҿ}?UC0Vޟ_Z^>PZ6\\t5`~?fܕl̋\nW&y)Ѣ(?EI@?}ň\'p-?\" Em?_ UBJpKںD\rdC?z\Zՙf\"?qxuӲd{~eaSf$,NdTl?L?\0\Z`Y?}Z5풰E?ZR7uf[7lSͬ-?G^sY@hg3q0LyJ@]?Ӂ(QkT[V_0|i?;V?*Q1<?کʅ[YE~k[uo}?1m J?qW%?syA!Ny7\rɞ}J9#dXh[#E1;?=??^H?:R?F3?GgnMEtR?Y?jl^g_aW??s?I?$Y?ٕ׍?S9\0lCzUl?^GKn??J݄Fή}?glwǯO(v2?E?%ZoHR4;4)YuݡZ?*wBnpmAiLn?`uuwUʻ~_sV??[4H7;?H1ä?\\CĨyyzڕd8$E}(ρ-\'?	b\'ʒ?S3qt?iqrՇzޭy????mߥ&&??rjzuSn?y\'i?YM3D\r?t%?\n??*\r??[T\0ʬ?][?7lM??,q?j\n_C?U{?vӉ?曩KT\ngVJL&\rԌO_@7n{u@%vU?O?\rdGd=??ՙo?mQߖj?yKzeo/?PM?/[g\'u?FxmSI/qg?T??nگ`???<B	+?oL6ɲ?戀NWYi-O?x#?EcG??MFgVd?`ײ/wy?6?g?qȬq??3jw??i?e??pk?BAb?-y-ϲmA|8?\\+ᕊ66U??ҿ??V,Q?`vxxxttLtT??PO[{*?UG̗?d?$k??\0FcrǤɭogɋ}	wI?^JL?P\Z2AgDsCzz}Cx??P_C}g6MBE/ʺaشSE/Zܿ?v??e+:~CԷ^q2}浌v?*jsn?]^]~sz?.mKڿ?evrRE\nay6eE+n&e{d-G?Ñ0???T-޻Y#[ݖ?X]G=y~瞓)>|bA7\ndKҲo6?m??Ҩ<z+*?3摄	Z\n?2(Mof_&	oZS?i,ͧ{/չA??meI̫?k]W#A}޿)Z?8*E_&\Zs37e̯X?*C^@TԚ?.??T?aU?z?_?H?mR~CNrKn،}Y^!??ֺ?͒8\0˻-a\rRfACgg?:B?/G-ʴLt?UvBݳn;N/?6~[|i\nWVߨߙyq}Y9#p?H٥?`5?b?׫Z?N뒼`c9wt\0)Ua\'Ι[?m?Y굢?^W}??܂\njQSa?zop6NOI۶R?tzO??tЦ4?g???D?_SoDjjw\r?#\'??/;(w/|~㏚Gʺ6Ѹa~??Ge?*?j?_CkHC\0\0 \0@Qm?@\0\0 \0ZHZDd\0 \0@\0h$l?\0 \0@\0??\0@\0\0 ?Hf?k \0@\0\0j	 ak?\0 \0@Y@\0\0 \0?@\"\" \0@\0@? a\0 \0@\0?ED@\0\0 \0f@??X@\0\0 PK\0	[\0 \0@\0?m??\0 \0@\0? \0@\0\0E\0	?`\r \0@\0@-$l-\"2@\0\0 \04?\0Y\Z@\0\0 \0ZHZDd\0 \0@\0h$l?\0 \0@\0??\0@\0\0 ?Hf?k \0@\0\0j	 ak?\0 \0@Y@\0\0 \0?@\"\" \0@\0@? a\0 \0@\0?ED@\0\0 \0f@??X@\0\0 PK\0	[\0 \0@\0?0?s\\?S[3`\'O_J?\0 \0\'WO\r.??{}]\'zԠjTYuW?>?w:m$!([?}$o???]y\n?GK}q;?/lw??WPSUW]cʧUgEִS.Ϟwir?\\(?nV2n/?FhJv??JgYR?\0 ?FoM^ _0V4[+o?Z_I??uBxU\\d?|:״Ty?gF^8)MO=42?zO:og(5?#ob?ؙ#9N++rz?~mݻbn??e?fŮSe?f??#m??s?qR$\\,̋?QWV3?[?Wf+ВK\\}~]u?Q?y*?ŴWA&YRuJ*kde\0 ?bq?/4kӗn$p.?[Z$SGRR!?Phs45\Z7>E}?׎}.w4S$yzz	iYY([|-)dROܾyu\n_֚Vđ({ZWA`usxFuͅ?|ZP`uits:[jg@x?5ZM?KWPE͖wC-c#?!{	?IU0?\0 ??%??cY:?#?S?^2no۠d|p\\~?D?S{[v?#,\Z#BU?\0\0 \0IDAT\\K?%?c?]߫.2!\"#>ES)?R\r_NSD&?Ҕau\'Sl%?҆[uZw݅ȗx1\nFS]锞.KR|27vzz@z]hw?ٙ\n:[eM?_W6F@\08`?R(&+nՕZYmMP}钌*l\Z)N_:~p0Cپ5r\\?ϭws*RyUcjd05AeC쥞PV;1Yte≥s앀j0ă]fBȮK?b?u-E-??Fw\'Ofq?5??%?IF?US??2A:?ѫK3ܗK?(?f?5?k%dM*yMY-փu^/Y.c8f \r@\0V}IXѡbD0қԹWQrhD+Y7QԡDK2vWR*㦎jzb\'u$P[N 2cz$¢ݎ4s?},\r0n_I݊\"=?Sڽx$Vm?gJ\\\\?Y4HoO	QTUTXY]?Ꚕrf.XX>ז.{B8mv.ao]6LNdNL6+aVI:V?kҝ)f@\0@7Fy?oG?Ӱine??w?bg?E2>C?NKU2I\'mrkƇfODL^\"??O^9	?~jF}Ə܎\nj5A=X?tX\\I\\?.L죀MN{[\"آ?ƿoo?b?QP??Ubi?az?[?|LWTKElْj9.-Kpz{Zĵ_w%HA\0\0?Џ?\rëYcXnY>ҒA0o?GrSܓwg?q[\n@>?kL85xKG߼,*?ne?pAXWں.orF+D?,#?z?Wj?cu>Ɩ!YT?<c??OL?ي#y߾qDŃjQikDЇ?]^Jj~S?&?*?nrMw\ZapU}{Yf4\0\\;zt6~??WCl~?\0@\0}_??7?/saQ?5Dn?fǶݘV?oH0?~ɨWWY_0MؐzOMUWVmR?莚\Z<??--lO_\"C.MUxFn	l?K1ِ?7?]?tWyGPu?j(κP`SoySy}ejy+ӖdP{F?S}=IT,p?\0b?V?ěEXzv3?USi7VA\0~$пF?@ZEg?2%AzyV?.TmCLuL?B?5W??WN\"6,&?Iia*\Z#MZ??~l~򡺅/N?r۬?bWTZЯ撘L_Xfo\ro}?>?NHGpkhtZS6(oj6Ы孭s?]????3s}ìI?*L1]VoivB?Ml?N.??lR4\\~VWOLͮdI35957璹??\0 f]ߐ?y\\`xd?Ss7\"Aoؙ̩\nP?̈́F7JqIolW2K?S??m??lc??֌LJ3)~]?wd#hzIt׾8u;?5\"~ٽ?N7??}鶡K|ςi!?TU?ve[b?-2UऐnKm}faYV?o+b#S:ׂ?]\"F??-?ť_?uȩK?	?q{9]q?\0 \0E?	knn׍C?w_~DOZ?_?wQ?\\?8D??M??Ӿs5\nzLMMlDL-??a{Vp_\0E|DpG?m??Ivz?3?7toS.{~aJp?WFط5xJ3]?՘]Mδ?ں$-^ePK?}}~\"Uf}nXK\\KmLi?/nIw0Ǐ.I^i\"Q^c?kܲ6bp`I@\0NG`??԰??vewC\rꗈrFo˯%Rl?m?`<9<.?u縊?v?Ƀb?Z߾$d՘sbLM??i?>ʹZ?o%T?B|?>Ç(2:??_i񕧫?	~?.?VVUr???S??rd\\?KN?.c-Zc#$9~|N^j^~?f^o\n@eX?L1Ә?i+gZ\'F.kxc\"S}ǝ-n????@\0?|IX{??\Z?i3F$]fs???bcmުve}̆U+^){קq\rlMvR! \0&%?VfU=T^?`kro4_?\0 BeT@\0\0 \0B?e% \0@\0\0\ZK\0	X` \0@\0@1$l1B\0\0 \04?\00@\0\0 \0bHb.\0 \0@\0h,$lc]a\0 \0@\0?\\X@\0\0 XH??\0@\0\0? a?\0 \0@u\rA\0\0 \0@?sa- \0@\0@c	 a??\0 \0@\0(&\\qF@\0\0 \0@`??a_|7? \0@\0\0 PN?l?@\0\0 HHF??\0@\0\0? a?\0 \0@tFA\0\0 \0?@a \0@\0@#	 a?\0 \0@\0(\'?g?@\0\0 \0F@??@\0\0 PN\0	[Ά-\0 \0@\0?m[0\n\0 \0@\0\r[ \0@\0\0\ZI\0	H` \0@\0@9$l9@\0\0 \04?\0n?@\0\0 \0rHr6l?\0 \0@\0h$$l#݂Q\0 \0@\0?l?@\0\0 HU?,⋯ʷ?Fw?\0	?6?;a		?6?X񓰊?}t,\\?޽{??>|WO>裏??xY{kÿM|wÿ{[ÿM|wÿ˛vnKwy?oZ_W_xk_w]?m>ڱn>\nş+?0|\n?dWʊ&?n?Jj\ZnjK9CVw_c?Q;gv3CX?p{db\\j3Ojk\\tNƌ?l{m]ҭF??D\r0?Z\'ՑHg/:MaW??dK.?lHu_\ZF?cWf?B?U?QW??.??m	s?vUg?կ~o~O???2@2GG\'g?m|&+gD	GkTpIΕŵܶx??eC3W]y4?۝rb;w%Q?\\ҿr\r_ܦZ@X8:o}?{T?skA?cXJ)/Io?VҦl^]ʜpA?=nXI]hR)GדdL,(?\'rv?gD]4op	OLi<ձvҼi*ÿ)xx9oiw$2^?汩?Uſ??ٿzî΅׿g?3o3_z?oP?Ӿ;zm̕ɻTSLeQ\'tbB\0塬\\QEgfǴN9?O̪㰰R}&??X\\p̛kNeKgDM?Hv_5?nLJ]]퍪dlޯp?]b??_D3?ӿ?w\0¯?\ZrO?W90*FF?IϼP?xQ?mthy[?߆]A?|Yzjtٮ9S??a2:??*?YϹ9s?ztW?JIcV:лֿ?]?%?TEX9z}\Z?Z]iČ|\\R?q?,)YQWsXUG?]zڶT?yމɉ?Uۓ??5b[JE!\Z}C.?ӃSS~?DcI?T_UO}?AoG?fՇa6NQoľ򚷺6L\"g	THt?XR?0ڿk`Εe?T@iZ7?\nZ?\r]Jʌ\nd?kmtnI]񪸝5w,jm2!mV\'WWڷe͜]\\[VV/)	?wq=;DCë?A]֣jEk\r?{f~[4?_OkM􊜔=sonZ?Vu\r?U_U*jwdNf[٢}j]v?@?연p?.W⍢?P^?dՒ>~Zqճ??Ff\\2?E?68}?ovC;?ٿ)?R1/w\r֨\Z?]_BвI?ȦCf?Ψy?WF]?St|fc^T?ɣMIEA?ZOjSl,F|->ak?9-o.jӝ?d?RH[\"?PdlP\'?*??5	?\'ëp\'+?#aq$b+Utg\n\0?ς^?%ժo-p%?֒3_?߼?Tfjfm?_E?Ma;}eT6?G??]N޲*?9K?ٱoPa_NU.t??Mwȯ\\Sߪ?TMwiyV\"؍?aGFF~+\nqʫoMSڟ?1\\\'3][_Fk܂?iAB?-?-?W??5Hɴe?:pk?:holx?Pg?\\5??ۭT??[yHB?q\\̮ܿn5U?0d?_?G?e?&?=Z\nv[??Tbu?%&OL6rv??c?~~BAϴ?-?)zC??؉I9Ϫ3?}?-?GP?r[?LmNLc5frۭVޥ_B{g??wzut~??eGI?D7d&U?̵~\ZM&F?ԵD???`Cyl9I$@L{L<Q?U֏xMCw?n?E}POqlk?.?1??Sӫ򌗿F8vKG?IK?_?j洟e(o}&jl?VPxQi_]X?Pfն?l}ޚ}ᵼek?~IO`aEX\re)PT\Z*]ɰNT64L]W>R2f2iƧft~j?Ivۻ|?__*V?|O??0?m ?=z$9fѭ|یhTۇ1cX{?}{?jVx6Z8;St?\ZkJz?Cf_P]nbmNw07Up~?kl/u_??JX1]|fwNWy75?uRMk[~o}?Q????e{?*-=?iMo5\n?_w?+?ݾ5|?P}U\\wg>sPCfE??祙Qs?ݕհEuOsE)_?\n^hkyll???o?ܿ^	Tt?_Jĭ???]B_gɌãf\"?oZzrSa|_?\Zep&[?YfA0\ZK;&Mn};K^<KCH,HdQRb\"*?f֐	:?ο?/[L?9\\r??̥i6/zQ?ǦjT-z12폰?v.[z??֔I?eX;^DPQ`?vCW]qm[:(r/R?˳)+XH&o^9v4)+?vWo?J?j޵κْ춄wr=ztll۶=L!W??yT [zWՕ}A?h[?^9VF[yWt1?dNRV(TAolҕ]62IX~B&g?<eOcam>ݛ}~??mo?Kb^M=YS\Z	\n_?MTQ??yM?kly-c~b7ǯQr^?<?^x7Wv7b@h{rs\\rKf?\n?QտյeoXm	k`?kZ~E?=;#?Ey?jQe?W?}v#oLɖwz?ۺdSLSVjF?S툞G?kD?殁N^?V^&!wZ˹?_O??;qo\Z޿iȢDW?\\G_~?TxW?Ώ\nm??q}JڶM7Ŧ/{:WP|U=?ΦyTA??i?z/\'RSսk???	?yA{??R]~SV9*uVoQTS??}t,\\C\Z\0 \0@\0?l?@\0\0 \0?@\"\" \0@\0@? a\0 \0@\0?ED@\0\0 \0f@??X@\0\0 PK\0	[\0 \0@\0?m??\0 \0@\0? \0@\0\0E\0	?`\r \0@\0@-$l-\"2@\0\0 \04?\0Y\Z@\0\0 \0ZHZDd\0 \0@\0h$l?\0 \0@\0??\0@\0\0 ?Hf?k \0@\0\0j	 ak?\0 \0@Y@\0\0 \0?@\"\" \0@\0@? a\0 \0@\0?ED@\0\0 \0f@??X@\0\0 PK\0	[\0 \0@\0?m??\0 \0@s??\0@\0\0 ~?O?G?/?¿?H؝J?\0 \0@ \"oW_z僢????nj,b?L$?@\0\0*	?~Oe?;+??n\'\0q?|?@\0\0??8P0]ޡ?Hnzy \0@\0\0\ZD])\0\0IDAT\0	?g`\n \0@\0@7P\" \0@\0@? a?L?\0 \0@\0\0?J\0 \0@\0h$l?\0 \0@\0?8(/?y \0@\0@3	3?܅i?\"_I?O?<WWOK?g5?@\0\0 PLO~ʩMr[T??~o冮E???@\0\0??~?-Ԡo$l?\0 \0@`??wwx7xk?S= \0@\0???NHM(l?}\0 \0@?k???˿?SYy˅㕟ݏr?#G*C?H=?bFn/Oj?\0 \0@\0CIz??Uy|^e???7s.,	v? \0@\0????QiU\\_?rnה\0 \0@\0?}V?W>{.?V&$/??p%ku?aw2M@\0\0 \0?O~xMϿ?Zmg?\0 \0?j@?0Pި??HQ\0 \0c?~G?XX	@\0\0\ZLLZ}J⼑_r\0 \0@\0?H?O?\0 \0@\0?@Kr\0 \0@\0{D\0	Gi\0 \0@_H~Q\0 \0tMw^x/~u???;?H؝J?\0 \0@ \"?>Hh@/>?wb/yNPN@\0\0 {\r ?_?߉]|Oz{ѱp\ri@\0\0 \04?\0	\Z?\0 \0@\0?gD@\0\0 \0F@??@\0\0 PO\0	[ψ\0 \0@\0?m?0\0 \0@\09 \0@\0\0\ZE\0	?w` \0@\0@=$l=#r@\0\0 \04?\0Q@\0\0 \0zHzF\0 \0@\0h$l?\0 \0@\0?\n$o~r\0 \0@\0?(֧~G, \0@\0\0j?W+1O/\0\0\0\0IENDB`?\0)-eGI!D7d&U\"̵~\ZM&FԵDӮ$!,`Cyl9I$@L{L<QU֏xMCw>n#E}POqlk.61&6Sӫ򌗿F8vKG;IK_j洟e(o}&jl\0\0Z{\0Z{\0_]XPfնl}ޚ}ᵼek<~IO`aEX\re)PT\Z*]ɰNT64L]W>R2f2iƧft~jIvۻ|__*V|O.&0?m =z$9fѭ|یhTۇ1cX{,}{\'jVx6Z8;St1\ZkJzЌ;Cf_P]nbmNw07Up~kl/u_5JX1]|fwNWy75uRMk[~o}Q(<e{?*-==iMo5\n?_w\"+ݾ5|7P}U\\wg>sPCfE++祙Qs+ݕհEuOsE)_1\n^hkyll\rñ4o\Zܿ^	Tt_Jĭ.40]B_gɌãf\"&oZzrSa|_:\Zep&[!YfA0\ZK;&Mn};K^<KCH,HdQRb\"*?f֐	:&ο/[L%9\\r껷>̥i6/zQ\rǦjT-z12폰(v.[z*֔I3eX;^DPQ`?vCW]qm[:(r/R˳)+XH&o^9v4)+#vWo?Jj޵κْ춄wr=ztll۶=L!WyT [zWՕ}Ah[^9VF[yWt1$dNRV(TAolҕ]62IX~B&g\"<eOcam>ݛ}~5mo/Kb^M=YS\Z	\n_;MTQ.2yMkly-c~b7ǯQr^/<^x7Wv7b@h{rs\\rKf\n/QտյeoXm	k`4kZ~E=;#	Ey<jQe3W}v#oLɖwzۺdSLSVjF̋S툞G.kD殁N^\ZV^&!wZ˹_O;qo\Z޿iȢDW\\G_~TxW5Ώ\nmЛq}JڶM7Ŧ/{:WP|U=6ΦyTA?\'i\'z/\'RSսk?	\ryA{?R]~SV9*uVoQTS\Z}t,\\C\Z\0 \0@\0\"l@\0\0 \0@\"\" \0@\0@ a\0 \0@\0%ED@\0\0 \0f@6X@\0\0 PK\0	[\0 \0@\0\"m?\0 \0@\0 \0@\0\0E\0	,`\r \0@\0@-$l-\"2@\0\0 \04\0Y\Z@\0\0 \0ZHZDd\0 \0@\0h$l5\0 \0@\0\0@\0\0 ,Hfk \0@\0\0j	 ak\0 \0@Y@\0\0 \0@\"\" \0@\0@ a\0 \0@\0%ED@\0\0 \0f@6X@\0\0 PK\0	[\0 \0@\0\"m?\0 \0@s9\0@\0\0 ~OG)/¿H؝J\0 \0@ \"oW_z僢>/nj,bL$@\0\0*	Ż~Oe(;+?n\'\0q	|	@\0\0!8P0]ޡHnzy \0@\0\0\ZD])\0\0IDAT\0	 g`\n \0@\0@7P\" \0@\0@ aL\0 \0@\0\0J\0 \0@\0h$l)\0 \0@\08(/y \0@\0@3	3?܅i.\"_IO<WWOK7g59@\0\0 PLO~ʩMr[T~o冮E61@\0\05~-Ԡo$l)\0 \0@`	wwx7xkS= \0@\0NHM(l=}\0 \0@k??˿SYy˅㕟ݏr#G*C=H=#bFn/Oj\0 \0@\0CIz;Uy|^e?57s.,	v\n \0@\0/QiU\\_rnה\0 \0@\0\"}VƩW>{.V&$/#?p%ku!aw2M@\0\0 \0O~xMϿ\rZmg\0 \0,j@0Pި\ZHQ\0 \0c\'~G9XX	@\0\0\ZLLZ}J⼑_r\0 \0@\0#H=O\0 \0@\0@Kr\0 \0@\0{D\0	Gi\0 \0@_H~Q\0 \0tMw^x/~u/8;3H؝J\0 \0@ \">Hh@/>?wb/yNPN@\0\0 {\r ?_߉]|Oz{ѱp\ri@\0\0 \04\0	\Z\0 \0@\0\'gD@\0\0 \0F@6@\0\0 PO\0	[ψ\0 \0@\0\"m;0\0 \0@\09 \0@\0\0\ZE\0	(w` \0@\0@=$l=#r@\0\0 \04\0Q@\0\0 \0zHzF\0 \0@\0h$l܁1\0 \0@\0\n$o~r\0 \0@\0(֧~G, \0@\0\0jW+1O/\0\0\0\0IENDB`','0','1','2018-12-06 16:45:03','4'),('509542e4794441fc9ccd818d84ab04gs','bluesTemplate','抑郁评估模板_2','0','business/assess/template/bluesAssessmentTemplate.jsp',NULL,'0','1','2018-12-06 16:45:03','4'),('cd62eb35eff041d5b6efc850a8a604gs','oldTemplate','老年人模板_2','0','business/assess/template/olderAssessmentTemplate.jsp','PNG\r\n\Z\n\0\0\0\rIHDR\0\0?\0\0B\0\0\0gQ\0\0 \0IDATxpeGy?Lg??xA&&?R`kݼX05zj\0?q}\ZB9	?y+71A?B<ְ!o??+b?dϘX1&ku?Ϲ?ht%nՌ_|Ϻ_\r@\0\0 \0@\0W^y%8\"	BN[+]]K?uݺuKL_!\0@\0\0 \0r?\rVf\ZϨ7^?@\0\0 \0@`?0?	@???\0 \0@\0\0 \0,?KE?\0 \0@\0\0 \0??-2?@\0\0 \0@\0R`?\\@\0\0 \0tȕ???~S啷	\r!\0@\0\0 p?ۓϜ[?\0/mQ8?{?T^|{\"\0 \0@\0\0 \0V!N?ZE\0 \0@\0\0 \0@\0K@O?\0*\"!\0@\0\0 \0@\0h%?Zi4?\0 \0@\0\0 \0? c	?\0 \0@\0\0 \0V\"F] \0@\0\0 \0@\0X??\0*\"!\0@\0\0 \0@\0h%?Zi4?\0 \0@\0\0 \0? c	?\0 \0@\0\0 \0V\"F] \0@\0\0 \0@\0X??\0*\"!\0@\0\0 \0@\0h%?Zi4?\0 \0@\0\0 \0? c	?\0 \0@\0\0 \0V\"F] \0@\0\0 \0@\0X??\0*\"!\0@\0\0 \0@\0h%?Zi4?\0 \0@\0\0 \0? c	?\0 \0@\0\0 \0V\"F] \0@\0\0 \0@\0X??\0*\"!\0@\0\0 \0@\0h%?Zi4?\0 \0D301?B5҂n0]?@\0@kv\0 \0@?mRw[#(@\0X[N][ݥ?\0 \0@e	M?UUz\\VwHo??65?u?c?A?ٗ??@\0X?XK?\0@\0XMduo?;6=\\?5m?!\0@\0+?\0?+o\0 \0IwdwM<Ņ|HF}lwg?} I? \0@`? c?<݆\0 \0@`QY?ɏ}??stA@\0hm[[C\0 \0@\0@pgmhG?_?$Ǜ?G	@\0!@?+4?\0 \0@\0UtX_U~?>CN4?۠8 \0@`	?§i@\0\0 ?\Zi Aa`?SDњӓHQGo/o<?@\0\0?c? \0@\08>?!?S\'<:{??#?f.?@\0H?@\0\0@?zěpd?C=ȉϘr?T*ӽe96 \0@DqH\"\0 \0,@š?D28e2Pmm*3>::X?U!\0@\0\'?\0o~91?@\0\0E@_?YAYWH?X?&y_KmxXL? \0@?	GKJA\0\0 ?\\?}??f?3l\02=\"?d݋_L?##?km? \0^,~YcK?\0@\0X?6t???i?,s?T{E}&ya!?qzU?qI^+A\0\0V?+g\0 \0AmGD_?$CWTr?x?kC?2^ˇ@\08?Xrґ? \0@\0M@??byC<po?[k? \0@`9rPM@\0\0 ?~3?4rц?Jq\n\0 p? \0@\0\0 \0@\0?E2 \0@\0\0 \0@\0O\0G\ZB\0\0 \0@\0\0 ???\0 \0@\0\0 \0???Fh@\0\0 \0@\0X>*C\0\0 \0@\0\0 p? \0@\0\0 \0@\0?cQ@\0\0 \0@\0@?c\0 \0@\0\0 \0,?\0E2 \0@\0\0 \0@\0O\0G\ZB\0\0 \0@\0\0 ???\0 \0@\0\0 \0???Fh@\0\0 \0@\0X>*C\0\0 \0@\0\0 N?_?é??p??UR`p]?A]DK]!hT\nC\0\0 \0!P|?{>un5MrK?\\\r??t?c۠dAPKW?hm?\0 \0@\0C`x~\\?ܛ7vFn2~埏6H\Z\\u?\"Z?R??h?0Mq5U\0 \0@uԏsֿ?O?E%?o:\r\\?\re\0U#?47Fs5)\r@\0\0Z?\0[P? \0@\0\0 \0@\0KC\0pE* \0@\0\0 \0@\0-C\0G?@\0\0 \0@\0\0 ?p,\r?ywo~< \0@\0\0 \0@\0\'@Owf?,Mwwraf:}?w]?}t׻?GZۛUv?h\\;ȩE?<?۲O_wϾ;?ӎ{nޣf??\"y\"??wg&_xp?ܩm-SA%?ʨ]\'S08\'?	HG$ꪴͦnSntv_c5R뮋oN??5`nvd@?כ|Qa?<8\\1E?[?׷?[.?XPd2[?vwJ?0?Ǘ?Z?%&u??O\"?IdJ?wiOʸTRR\'my9Nϫ?KU<w?Q77UB@r	g^D/}]?d\rՕNVN1?@\0\0 \0E%[>ֿ??Wl|r<{_=_W?]}Y%۰O̵rO?R}l?;QwppǍVi]Ôqx=5`??һw?_e\"?OOVxB??V`ߕ}[?|Z\rwzfMd\\>WhMuv\rgK?t?_@7w?DFεݦܼٮ?]>߇׿д?\Z???y??w<?ܻ`T;s]i;Y>?.i\Z/?gʛG\'jB>{?W|Q<~ߞ?^)\'sleh~G?Ob;L?zkm.m]x]wnYO\\xs?;]#asQZ[;fk!=,J?LN߽uac?tzYE^7B\0\0 \0?I`c??X?Zd??A;~M?р[V|M_%rx@ÕְTrbF?\'+}Yiˮ^g_`GP}Ƥd2H?yXK^h^`RrQ?WO?ˑPţq[}p?TzDXz?q@3lwA4q~??4әڜZQF?.]k?uTbscKU?3BZOL@Ռ?Ϯ?ᘘb?b}Uhzvgi_?Xɶ??G@V&:??VyFl_??orspKăeѧ*?fO\'>fDc:*2*`۽Y|s??7_idZ^r?|ow&_՟޷?|csUî??W\'3:4[F?X?\Z?K \0@\0%?[??¨:}ǯ???]?.G=|H۵_~Z+@DR?r?7qm?]̲eђ1YK=N}{&y\"Kf??Z	;hbϮ\\?t82[y߭9I79l,7bܷ.掭wH?U<mbH=&?k3?B?oEK?b?ӺQBJԈ<??f#ell}?fi-X@[L%?gd%?E}???e´1j\'HXf??f![2?Xj\'9k?\\?*iTpG\rJr?n?.TyΤJ*`I?[Vh	BI专ho7oOEn?g;T?l??_uOسr??&Ivg???N??I?ve:?\Z\0 \0@\0-K`!?8?qR]W&;?>3Ӈe}?KJJʕ?=N~rS V^c_љG.,ΐT?;?F`p]?@QH$#?A%?\0[T+~?zJɾ?,+}׳ɪTe=Wx=n??kw?\\\\wC\Z?;?.?T)?ݷ?^?+$I?z?.[TåԽr?\'bD7@?{?k>,޿?m؎or%Mŀ?r?E6?4?2?7z;ޚ^Д~~ϭLo?\rA	tipJ?88??ݷM12|`P}˜pPF?w?;uwhmD8dM?/J<Prřv$UB]v}$HXI|\Ze<TjHwxϹ>~͠E???|jwg???_p!h?? \0@\0X?\Zu|;?OgG?{n?qm[9oՃ\Z?oq=?%OͿc?tefMw]?OaqY_#?w?<~?`OnԠ\0yT?>|P?} ?pU~H`usT^?kEO=еMwW\\y?l9\'?#r|:?_=x?co;G???&.	0i\"ypky?q?kZYD?Ƕ/}&5Mf_?UnIIUF?>t&D[5,????[z??nd&vrTid6@jM(ҏ+.ޖS|E]}N_??t$?D7^*ޅN(o?ؿ/?Q*?X!&l7?A?\Z2BcՊ畯|]Fy{Igk?{?q\r-~	}C_n>\0 \0@\0\'@ls;u]KtߚHɖgwn;WKrm??]xߦv7?_iξr~=L{4|?M?K0?T?~ٝy?m`l-?OM]??w~[?n?#{e?ڽ?zgh?F?F慧ykOVM?#rbe~s۟EU?{D\reZ7?\0??֌Ȟ?w=&;?S?C_ojl|??Oمߺw?3?]6f!pQzx8b^?y㯳ͽk????T?c=?eJuYg??+8u??=ݸޯ)Jg|G{.)(xr*.cZxZNRU??8+!gDc%{?Ƽ?l:r?2C~f?攆NQ?xa۸7?#wn_??޷q??}׏?OCn8<1F?tih>?D?пk4nz~lŷErB????]&ݕa?Eh?@͇\\-YgTUo?ө?t?(o<{BN?;X$]smO߽Ўd)?1ﷂ?8?ո?DB\0\0 \0%??3%;En?]EZvx??O/} ]A?vlt??\"Y??|͛v4?|\\Zϲ;u\r?؈I?JjH??mu?6?o??????_0?lR{I?5g}諟M2޴MᲧ@Z?pΐ?17~fns׾??|²uhhߢ?by?[??_IX?}?wͤs*?Or\"?\0?ixҭ\\?%c?]֌4)Α?u?|F?U?ad<7Url?#Y4U>/~n??1;ںvuk4Em!f|Em??gS,ZRN*_Mu?Su{ןm>?beK,??iE-mcG}?sHOocJ\no7|}s?M??3HC\0\0 \04B`!?[}?u߇8;wt C\\^?r˥<t?{n{?\\?j?zX?yHRlho??~6u?P?U߇<}bKya7>f]~;xnG>cFѷS}5/g>ڌ[y>?\nnwN	??߻/?PHLwfcmL}T{ٙq#??xVy?!eW^uf\Z9?9|<e#soO^o^?d6?lf{??qP?R2i?S#mF1MU߻yD?]igL~Wi\\ ?|A<MX_2?Fw?kH?/_8zأϋ߾??FP=}_h~CIWzo*:P|Y%?fw?6??r?L?REʁ:v~\'Z?@\0j\'PeL??roou?ڵ?! [qx=?c_qj?}m?C3?;P?K_k{Q?kߛ-V*w?c?oYk[ˣ ?Fzk4Q&+]Ss?=?h?}\nSE?}j7ß]/CU5msyh\\xd:ACѺ??o	?ZͨA\"6s`ku[`ˈiv~vyB?炻\0\0 \0IDAT\\ÖS|?8s?hn)vpT=WgSM{5?Q-mYg??:kq=5Z<@\"?c_ΚbN=z?ᩝP_[_1;}Yw??Z^_z?_A?dE䆕xt}ۦab	T?o?D.L???{LHq*c?w722Y<\'Fo7?I????7?trNBFp?5h\0 \0,@-?Ւ??1\"9u???l?nG8n$?(Jy?Rtv?g?׾?QNC΋L1>RXGƞm焨\rĨ52߹eӟjquKsFa4??r!0WA?~(?CWm:t\\?}硇?/?eZȑ??xD?{/uC{e}y2sևvݟ?\0&oXרo??y?<SzV|RE??A8fKF\n4\\R#wIҠ4?x[,۱D={$Vũ/\n;vȺEzWG\\F0}Υ7}}r?]jҐ1F.??sU->7/M?\"#[T?QF	=sG̐J?Pra}t܄Jy3?bk\Z!8H~W?NlY?\0@\0\0,E?? 1ϭx?dny`N@Mw\\p}o\"^kf?I-8Vni+V??7?_?۶`?ݮ\n.??P}o_{_A?J?[\ZTڸڇG\n;ld^?x?w6?e?\r?w?}Ēj\'\":?)߅D,?BV~{u??4k?=7Sn??y?*7*3K}uO[Mc|5k?e?@?i9b.?eH?\ZMX?]?^yƧ\r\\??\Zwdy??zgv?l?ATzG_??S~\'?aIJ}?R??B?ᮜ?ST,\'JO??oJA$Q<iYZU=꫒7cOe#iTl俲?L?\\m?Z% \0@\0\0?W֗8zMu?w?O^:!7n_opp;FEr?|ŵzra}HV?hLG媙qN~?8YS9u?@\0\0 p?,:j??a[}Bj;O?\0UI@7өf??@\0\0 \0,/SyZ?\0 \0@\0\0 \0@\0KM\\ƥcٟ]xۛ9N%O%?Wd&I;??dj??\0@\0@?_?Wu~??-qnݫTP㧵?)`yK?CR MU? \0@\0hxl_E_??\0W]Dap???,Q?,i`Y( \0@\08IjE?h\0 \0@\0\0 \0,%?]J?\0 \0@\0\0 \0@?hA@@\0\0 \0@\0\0\0l@\0\0 \0@\0\0Z\0T\0 \0@\0\0 \0@`)	XJ?\0 \0@\0\0 \0@?hA@@\0\0 \0@\0\0\0l@\0\0 \0@\0\0Z\0T\0 \0@\0\0 \0@`)	XJ?\0 \0@\0\0 \0@?zuc\'X ?\0@\0\0 \0@\08~Ԇ\0 \0@\0\0 \0@	h?BA@\0\0 \0@\0\0G\0Q\0 \0@\0\0 \0\'!\0@\0\0 \0@\0X?Gm@\0\0 \0@\0\0Z?\0?\"?\0 \0@\0\0 \0@`qp,??\0@\0\0 \0@\0hy?Z~P\0 \0@\0\0 \0?~Ԇ\0 \0@\0\0 \0@	h?BA@\0\0 \0@\0\0G\0Q\0 \0@\0\0 \0\'!\0@\0\0 \0@\0X?Gm@\0\0 \0@\0\0Z?\0?\"?\0 \0@\0\0 \0@`qp,??\0@\0\0 \0@\0hy?Z~P\0 \0@\0\0 \08uqթ/~rЩ\'\\oc?g??#{*>???>d>ws?O{_7/@P?? \0@IM?anc@?#???s?k]!??sUAqF/?&Zcӛ*??usdoX_?{Mo\"5c2U? \0@\0(&rqH??o?9??-6 U_7Wz?\0ou?.I@ \"p¯9ҥqUO?aMp~l?o? r?? \0@\0MhwaN?I?s?sChh]R?6>?MF?II?@@?o?_?6?~̈z k$lV?@\0\0jhw9SUDyɭ}\\?? p?v?u||.~_	??K 鰷Gfqqݟcgm%!\0@\09Vlw9?2U>J#c{|?|?O?hZ?\ZIJo!?~|p*?ƲX??N@\0@>ĸ\'|_???VH?=#xЖ98?k-s/ e ?X.1?/ѥWN%QW?Νk?}?\0 \0HuOdcȂ\0Z?\0\ZW%?L??ViXe,~?E?:?C?\\ڿ^ko?ܪD?@\0@j??? RX)#uL?gľB|Q^QK]o?YV,ԐH?|NyX\Z??]?@\0\0Ge?ez3?NjC\0\'?\0˻[/ڽBw??@^x?o?Z\r?1Ww߾l*?w䢻Mq1}ׂB$!\0@\0Oe?U~vo??O#?ݬ?пad_J(?u?R$ϊ%w9?tZtEgӊȐv?u??_6o~0[$4NC\0\0\Z&rZs\'AE[?\0? @GBp?fc\Z?tr\'\n6#`<l9?-;NG.?U0\"\0 h?.God?:Ǉ8;Gk~v]ۓ?\0V?VX? \0@\0\0 \0@\0\"pʂjQ	\0 \0@\0\0 \0??VP? \0@\0\0 \0@\0#caܨ@\0\0 \0@\0!c?B\0\0 \0@\0\0 ??ƍZ\0 \0@\0\0 \0??VP? \0@\0\0 \0@\0#caܨ@\0\0 \0@\0!c?B\0\0 \0@\0\0 ??ƍZ\0 \0@\0\0 \0??VP? \0@\0\0 \0@\0#caܨ@\0\0 \0@\0!c?B\0\0 \0@\0\0 ??ƍZ\0 \0@\0\0 \0??VP? \0@\0\0 \0@\0#n~~~a5sk>|+=E& p-B	0?gEI@\0\0 ?@\0\0 \0@\0\0 ??Kc@\0\0 \0@\0\0V?l@? \0@\0\0 \0@\0Y?D8?\0 \0@\0\0 \0@`?@\0\0 \0@\0\0 ??Kc@\0\0 \0@\0\0V?l@? \0@\0\0 \0@\0Y?D8?\0 \0@\0\0 \0@`?8u@\0X)~g}^O???/\\)ʣ\' \0@\0\0V?Vx? ??~{s?aÆ_mG?yj?}\0 	Mt\rO\'}?\'g2ᮮL.?\0 p28[?ԏy\\Okyɑ1r淑4Ck?~_ttty?_׭_K/}W>?G@?~q?k\rs?OWhXjL?x\\|3߰R{xBJ?aۊTɁ?O??R?2sq|\"V?ɞ\ZIUNDLyCyIC???\ZOLD?l?ZيvI?mj:eAVټ+?&ǱlI?τ?ڑ?ҺAcq~?݂?I[Ob,?UQq?;ILpZ&pflwR*J?DԴb\r\rhb=sZ?Yn4O([,~i?..SL~r?δLT?;??T	JMM\r?{f??`?ՖƻFzۂ\n$!\0K\'|?d\\p?333R?Μ?XK?wpζ?R?g&?\\?Lwԏr.71޻;ʹl?g[Asۻ?cÝ.DLY{))wBv\nIM&r?ǻKPrG$??!^J$J퐿?Q/Ty3S1t|YۈW.wVLiTZ9?Tk{6ymo|?WEؐW^^v(my?gpr+șmRsPn,禧L[?PȎHuA;l?񸊚<P??kh Gl?Y\'\\N`Tg۬?v:rǨ5ȋ.:g/K9ĩֺ^u$??}ݡW?%U:l9{uTU]fIi֗๤??A?#RREDS?KK-^ݕ1JtZwrndg]T]\nMκjMh\Z??71???N?]W)?2?+WH?#_R???^.?z?q????\nfe֟vk)zs-ᨐDsn:\nZ?O?CL?eo3t	}t_?Tk5{Z?QpGc?)?#2bvlϓ?MO}lw?bFn??(w[rk{h?9;r?#ݤe։ourv?+.jVHT??4l?_[jT\'?˨߶~*?m}]??^Jx<K}ۥ~O?#?mȩ\ZWGc}TwLܢC_0S.??WT[>Xwy??uTr?w謄k???w:*KzM$@jO׌o??z??-A\ZK<ZT*@fHrt\n?S<?fug?\"},r?h֥ZX?[a?*]}k{?N˗wr\'KU??\"4?@/?uo|G??bZO\'dϤ?h䌡bKcG?b0?Zb}<9M4??꤉X?|ەnI-	\rSo?ϨW:`*CT?z	&,??+M6?Fň<Xι?#j@v?[?8??,U???kCފz?(~\0T???Өc?5NY7FLVTRGsevnk?[lV2O?UF+vc&%M̶A/Y?ɢCHFR??;xwZX;ĬN\ZR\'??K&\n?OdI@֐?t3U??q^:rJAONͥ|/]?Djy?6?e.O%erPv1dƞ\reŢY???YJ^x\Z٭?Y&?OBDȥ?P_TjWKBX5LHm??hiLemRZp\0?N`~~~?@{IYmriT??h9FP=8́i?tNR?X3??Ylncap31tǤ^V??&t?z^Mú;dwi[b?M??v}͆vkl]9Ɋ\"?kS_JX[ߨ}rTFg]Q|g?ܜqݐ32?8?yfm4ŴMtW\n??<d??G?X?yD?͔Ah:Xo_??st 4ȱj\\0?ב|?	\'ײ߃?L廮쵗yz1Ol]\'j?Rb\\?,?ykXIdG??g?_\Z~zw?Kq???aBT	??\"oԨg]*?L+S?՘?J|x?h(߰Ԩ)?۟秝vZn䔬?E& veI?v߂?v?<VB?dyVՕgƨ76fW??g?϶ݱg^(?EšP???\r?w1jz\"fW\n,?CIdQy:_?Q˵?Pd???m66?K:GtH Cڻ$P,Y?b䤪>HKvЬG%O`?nQk9\r?Iojҟ]d\r̹g@31?MLR?jȥ޷}?G?KmtH\Zb	MINu$WzL?grvlY/öN?m#6A?]KS??\Zu&M3?렂1撟%?r/?\Z)AP?nEI?9qRՊ.\'KԟuB?;ג?u`n?lR8~+S\'eޖ?49TU=IU7KN!p+oU/]~;SdB\0k@[w{hrlt}%?ѧb;Ƨ쟗ĉDt<@?ѡtH?44tںP=2T@W#)}?=)Ae,ڣpkfJQ?hC?wT5?˻C-\'w9f?/FKMQs	i?^z?$*(*l?T]Ԥ?{xWv&?.CckBZɣBK[?c#rx????\ZO|OmW־?N??ok?ɦCCߋ?4dUs\r^G?LYa?\ZIabr9ZtdH\0\0 \0IDATV4〬tGƮ#d?jq!nmd?T\'*[G?9Z^EsC[ltֹ*vOa?ͺzI???{kfrzwnJ\\(I;?ٮ	qUol?5aGj\r?;v,.O<K.d\r`@#$?rcZOFNSomLڼn-y?\0\0?}֤Ӛ?A?𰨘+B?lI?H-?MC`?&o?y4F??Tm:Fʅd??WXhcOFf۹p٤z|ho,KRl|ܯ?LsvA[J?.թ׍wQƼ\0?Yd?\Z?O;i?b\'h8.n?Zuu*ftU7S:!vyhLz?{&EZn7,n??&?q}?VE6;+3`znkM?tI̜l??YdR蔳8zONKPF]3Z?$?73fi\'Ga??=d\"t??!	?\'c?*_#34뵏OMfNroV?zF]?i}x?W??9?	Ȳ=??oy[dS鰬yr?/Zʹ=@ !=7??o?+AeRTS\\_X?dI?r?7x???݉I?[#v\\[u6c???|;C4/WDzㅂK?nvkc&ZIɅpx?)a?;??Ұ?sd\\?d5Sx?r}~blg̬zUɢhG\n*yD}?I?}f?Hiա2?{;.%Wdgg͠.K?L?mtQDsj$?{|*Ҵ6??ӭu??S?ҀI6I?t?Zs)6cK?\Z$ש*?A?yrjκ?Ԓ(qg@?d*֕^?{~?X<U%A\rj~?%?#?&)\'?Pbڰi?gu?W\\!/U0/tM6ٰaC{{;/X(T~`u><j;䙮]}ެb?\0qlxh?]@ ѼMt&Ex~̃XMP ?[?@:?U3g V$ؔJfQFjKY\rGF?	HY?\0Vk9?*g?#c??3JLEwfqSR?82j\r{?m4z(~Yե?Ukxfk?Mˍb|J2}?Gڎk]QS2JK}u8KTB\ZqlY?T\rDR\Z_oTQĔi~1ȅ$??]o^4~?X;v?t?Kt\\Fۖ?k]d?uj]sW?\'41?^Yi/z#\n%tYcUy{uVxIB?M~6LRc@ݮa?Pr\"Dr?5	[?ϼ?^{Mʞzꩲ셸?	?G@??;mkjcacLbO1??T?M?hK=ˍw??w/?\Zf?KǼU$J`^DGJT=x?Qd{PHZ?gz]?עЋQq{?W?C=v^qNmgBվP]3??HAB=\Z?vUۉѾ[qbX_SƟg_D?QEiō2Y\\:s\'wڹ~4swÍZ??u`dd_d\'ZrYt;?\'_:7?LrV|u/Ht,?ɍ_G??\nm\Z_ȽzU@\nX?e+?:TUٸRpKMTϻR\"ۮIqʒ`$TTsלuE$q,??]UڦqrV5?\'x?J	|#??\'/76Hi$?R?& ??{I z<?6?32ĀiR??CDX^?b?hKKmq9uItQ?=WI?Aq6Ő*XR?ww\'f;JCϐM?rB]D{iĥSK5??i7ؽdBy??TG1\rSdҀlhh2?bdY٩ϋSmU??<Q{NiX?2?l=5E\"?U?U2\ZRf\\t+7/3Xl\\?4=QA?\ZbN+?v)a?qbDj2d?O]Tuףh,]\Zlk-[{%\rΥƯ9p¹\ZM[VGB܃E?KjЪVJ	7h8A	{)?5Rzuޞ鴏>**J:s?qH}B??>,?P ?\0e!?it?0????t1y]Mr?nh6:^ncs@??jyA͖u>hвkuL-3BTS?ʬ_GKgygU3si? 7?\0(dA\0X́UI*NA\0\0 \0FH!@\0\0 \0@\0\0 \0K\0?;4?\0 \0@\0\0 \0@??\ZD!@\0\0 \0@\0\0V.?+w\0 \0@\0\0 \0h?\0@\0\0 \0@\0X?pܱCs@\0\0 \0@\0\0\Z\"!L?\0 \0@\0\0 \0@`?8u媎8|G8\0{Y( \0@\0Xv?}P\0-J+hQP% ?&BQ\0 \0l,~Y\0 \0@\0\0 \0?.\"\n@\0\0 \0@\0\0 	X\0 \0@\0\0 \0?.\"\n@\0\0 \0@\0\0 	X\0 \0@\0\0 \0?.\"\n@\0\0 \0@\0\0 	X\0 \0@\0\0 \0?.\"\n@\0\0 \0@\0\0 	G{@\0+O?ϾK҃O?Ͽ?WloP\0 \0@\0-M?\0V%Ǐ{{?l󶷽??Z]S\0 \0?G`nbk`bn{???\0G?jA\0?^{K/z^׿^߮5@\0\'ZA?ء]uR[ux?dC?5ٵ\ZSeݧ?=WrÞKቀAHn0O4LߜřIIbRNo\\;gLV{j\n??PiueEhr**?n%?p? gi~\nwTPvZ|\Z?8j1,~i?A@`?x\'_~K.W__n],~yǥ_1?@\0\'@vgA}?\rMt?٦sCC{|pijGg*?2b_m7D\r1m?SjM????DX}(ǃ]1N+Q?C?G;h&9ӓ?ulxݔ3?5iIa??[%?mc[Vg;nWzRlm??$\'S;f\"I?N@T*щ?h?D?j?s>{JeDEԌDIfm|X{Wπ	fE?M4N?:^iԗ???iX?zꩶ_#H	c-??,1LȠT_Dig??1=VR?dnv֘B&FłU;4-?yox?fk_?TϷ?ެ?Yqw?Ji)ѵK??(uu9]+}-kJXb2լ~LFR!Q*;`zΡ&#ݱZ@TJS8=\\??xt?ZܨO4L_M;_To\\fN?;伃}2guґF?{m?^?o?8W(GzI?W?[?\0?\Z?\0V\'?_|Qv9߇t__?\nrPsȚ?6?m8??~Xs@yg`i	?1y?\ZE\"V??ǈb?XSu??Y?TRq3\r$eՕmh??-kQ3CT:?(~v??WoA?]M\ZKR\"5Yr?rLiKLQ??JR?@.DF09\\?}\"9G? QX	?p\"{ݛ#ky?(7?QᬌFKH?!\"q-vyQT?pjpڈ 	8Z@!\0??L?Y?YR?ʥѮRzP;U\rV6??9`zfo \r?ӃUfFTB?1bYfQ ??J?yZ?,έy?_B\\:3{<hTu?)\'>#i\\8ױ(}e!v?_U-摤`!.xBqqx7Wf&?LA_2݄z???m?j??DJh1J\rzhJ2qS/?_&?}}X-??yOuU]GCA?#?u \0N@q?N:3rO?@\0#[?I????ZVEd]T?P]?ZC?j󪸊?j	kHL͜Ul^l\0}Y4?םXr61?\rZ\ZHQRGԲtĝL\ni╚Mr\\jZ?uOYZz&opߥ?\\d%*U?Ue?g&DYYL|Exе<\Zn|?=˲?\n}vԯqcWp\rdu)X?ZT9cR[9u`??8BD?%\n??WES^5Jqb??E2D?riGn<n(Gu	hݱA3@`U8s啷ׯ?y?\0J=49lG?[obǖ&=mI,1}PĉDԖ?<:41~vurj?hbEfE\rb᥃?g636)W\'MefpQ\0LJn񿤺?˱M!Mv?6LL?:g\"}ĉ?ڳJE}R!\ZEF,?uk?iiH4pleךr2Peu??&Eb\rSJ?#?amsdJ+R1V[Md?*EL,?8q7[???3nP\n8mY?Td]IE-Ju?hA9@`???;v,.O<y)?=?\0 ?JS6CTILWg}WEֶS16C]]9Q;MM]431L?VDu\rYI?uY?)(m?bsYgcQm-\'5HBJN٭i?F{ftF?Gy)2FT	IYGC&?#~\r???h>?9ǚD[mH?^\Zi???b3*V\Z?Lp#hGBKy|\"?j]GhD&cG?\0?F@=?33󖷼o|?\0?/sssr?/Z8]@\0\'@7&֥7l1ݾk*r~DV}og?$lQ%\'5?1\' RM+FIk	?t\r[????TET??u????}ҭff͠.oJPxo?+uu:?W?V^#?{{3hEKXv~n?/Qn{S\"??Xw4O|\Z 5ŋ&?l??*1*◜Hv???A\0GKJ@\0k+*^zI?lذ?LI!jWfA?;$pZYCLD??\0?0ڿ1~jt!\\h7ct&R??XQ?ºE?I?u齓rp?K#>*۷tPPie-N=rE??NDp?ʣ=Uz?f|tb[zTTFMPI\'V6=C6G?[B!l7f?oa\r?kJ?*?nԣ0uۂvf??_	M\\G^\"??*?n?3/첋.^Ξzꩲ셸=X^b\r%Ҷ?gȮ?Vi-e$6uvF]806,FxJx?r$?ѩo?qA	;0<]?;d_t_Lq?6?%/KRxF?jj\06uY2I\'sM&Gfd*ɚ?R?QRRz6N??l?3QL?F?D^kP=mP/YH??P=?bepi<?Vޘ? ?Jz?b?qVm_mOdXU?J\"MpCH??zh.D??\npu?UgZ$:H]ҋˤWRi}a?2__(Dz<?D????azR%ue9?\Z-U??T\n\'?Y\r$=?\Z%?NsuHR_D0ACqXO@?N娄,ޒӈ}/18v1o|j4&~1Ʈ?8pDttPH\\m:ECuu;?^d/W???	h	*u?P?KD??@`Yp-/v\Z]jL&|@`mKꕕDő4Ό?r:z6f?[?\Z?&NB`?J\\?^?L?\0@\0@1SOq\0 \0@\0\0 \0??V??@\0\0 \0@\0\0jQ?\0@\0\0 \0@\0X\rpQ?\0 \0@\0\0 \0?NA\0\0 \0@\0\0 ?X\rH \0@\0\0 \0@\0A\0G\r8\0 \0@\0\0 \0@`58u5t?@\0K@K ?XfLe\0\0 \0@\0D\02Y??uDA4G@|LQ\Z\0 \0?,~Y-#I? \0@\0\0 \0@\0( \0?\0 \0@\0\0 \0??VH?@\0\0 \0@\0\0\n(\0C6 \0@\0\0 \0@\0\0?\0 \0@\0\0 \0??\n\r@\0\0 \0@\0j!c$\0 \0@\0\0 \0@\00dC\0\0 \0@\0\0 ZZ:B? \0?O?>K/ާ~>? \0@\0\0V?+dPXE??~W_}uÆ\r_|_>rȱc~WS[EMW \0@\0Xns=C|-FzϑXm#J \0\'ck֭?ׯ_ӡL?\0\0 \0IDATYg=?_\ZB\0h}i?쬧o1]?9RƤqC_ʝ,E\Z䷑t*c˳C9^xRN*?`|s?R0;2r<dʵml??/!]Qs?\0?M-?#??@K\'?J?-3YʙIqəD\\g?=ѕ\n?ӕSrl?bRt]MB\\?)tf}Md?p,5aC\0Hx\'%K/}WR\'fff	ɜ?\0?0714dǷ{Bq3ryBK4d[T;???DFTZiW[\Z?{T(>Wm#R#π?{[G?mWjoLD*?LOw?4?sJ_Hҍ?\nG3HvJ?*ETYStV?UdXU\Z???۲R$κɖ59ؙyT???|vjJBl)Qy~rT99?U|oE|%?C^D纣k]HII???eiow3=[3V?I $@?@\0	zJq???)@\0!0=?d?59@fg(lfnbT=ucH?UxB?gS o-F1]?{?	1 &պhB?wT¢\\o?kUR}̾jǐ?{š#zɫw\r%6xPhz_??7aLfL0??OL\rA[KlrX?Gy?Wԙj{???YvtysT+g:M%?}_tᜣ?vSYrÕTVIdR2+}c#H\nD˝\r?{@j)X\n?\0 PH_]NNoHY?\0@?j{KA偞Z. QcS)nFb1,SFZ`&jm}w?\nAمIz)g&֠>Hj?Z[[?l?Cl)?F?|r?q??fԉ1q??e05P?D\\7坧K?3}z<vVtD?A(??W:?(?\0?&?1?1Y?\\Ԉno??UXj[eU򵂶(-~j/wѿPى?U?(?$II?ޑꐬG2N)2#7Zje&c??\0dV ?!\0@Qjj@d?1&{Gv.`??;???RȐz?UMR~qU}obku4N\'5bB??I|?\\H,DڅII<Y?ĹVm*GCf[?%-Z?\'?8׵}t]:Bn:_DDb?UNƝ?C\'*?\Z`z$\"Tkdfg?f?Z~&??HF?Y? )pJ}a??\"?v]uO?gIBKgRNd?ƌNlrEaoH,?n?Zg,?X??O;?Y{L@\0M@?qFUԹZs/GWb?\\|^?iR?mF?OYD?zXKĕ}ھA%V?f;nSj?\rlRiJ??4PeҎZ?}?SPƮj}ss\ZT?#.$o?W<x?D?h?)v	dúIZ$vMOT猔پDKMOr{rvJ\ZCSi8nf|mS{ɻܜ?}۷ěZεc?@?d|Y?}V?llNդg??~?_PZE?$ Hf?T?3lKc~A{vԯ=r\"b~lo?Za?XC?{N^?E& \0??9RV?R?dQ:Mythb.u*ˣF)5?q:pNh􇵶*?bI6}ZKifLcO\\?ۃ\0hyQrH\".[7dfK~Ba_k4?@Uu???AI?yn[ZÌf[OWW?M\r\nT#?x9?7p(Gul{tLR{42Ro?2s#?, j?;z&+uhd?rFkt?q)M6NCY?Ey#rl?ҕ<?:{?0~X;??u?B\0G?j@\0kرcw?߾?oK??@PŦV]ݯ`o{Dw?L??;~?oAFĆ}l~Y?U??0?v3??=W?Q:]̚y6KlES1a;4bDbH??N\\-?hS?1m?઀KSQ?\Z?xP3*6|p{:p@JIvU<Arh?~t?sU,LjkoEiss8OvT_?&1\Z?2ܻ`F{fq\\ڍq߾/lf	kӝ?]Ե??MNBkl`@???2%#?(YrWlDq9-O\0G?\nB\0,{y{_qE?ɚy9ˋŬ.?@/?8\0????|g$kO?wپL1?qB?q???76ItJ?EONVWXJ_(Cx?ɀDPd?HiQej?Mor?+@zxR?)?>IFuw%Zb)~qF?IU?:Bw=\\?	[u#:Eٮn]a3k]kgZtK?@>??)Ei&Q5\\q;8I}Ũ?g??!z?9\'BO:?\'9\rB\0kYgu?W?neK/?<dC?6ǚ\0\0N1ϲu?kܘ\"_:8\"b??QӱT2?w?o??9WA?Cv_$;d?aoHvH_?;Q\\MEAAE?VMi>qYhZ\r?JXð)X\"k?ٕ?׺?T$$:CN퓕^?C@~??;^wdlF65E8%_,ߞ???:iʖV%??iSA}o?L0q?UQ?Z?\0ԁ\0?\0u֝y晗]vE]kIO=TYB\Z|??k??oL?tM?Z~nQX?<)jTCb_u\'bSLPtۭ֥`\r}C{?M.?`̆Xbb1>Gn?},v4]???ǆDMHT@B?rU	s?K\\_^ktSjޞnϧu???_qN$>ͺT-BB?\'YC#ՠ^?̵?Uι?	M\'hv}S? s?X&?y߱g\0 \0e l}??6DbtM??$Yg7J䳭?H!?KUf4\'y -ظl>?\\Q_Mk9P$gy@X?t|פݘtbme/??}f|R&ONZ?YBY1?3$j1???ܩNF?2N˙?6nFg?#\n\ZԖn?Dbqv?ecn?亶˻kp¹?s?n`u\\Z?u?P?KD?6Ve?PHP ??,10P-O|??\0R&e?`?wY&V&__@&\'iȣ		T~Z?9ǉ?c?ێsg?? ?B5N&I?x?YeszIsW?\0gjfY\ZoHHHH,?D[?ueQNd\0	?\0	?\0	?\0	?\0	?\0	?\0	??#~?\0	?\0	?\0	?\0	?\0	?\0	?\0	?@c&?\0	?\0	?\0	?\0	?\0	?\0	?\0	???	?\0	?\0	?\0	?\0	?\0	?\0	?a2	?\0	?\0	?\0	?\0	?\0	?\0	??#~?\0	?\0	?\0	?\0	?\0	?\0	?\0	?@c&?\0	?\0	?\0	?\0	?\0	?\0	?\0	?H`?ϗ\\#?? ?@HHHH??I??~|/??h؋bN   X\'\\Nɾ\0	?\0	?\0	?\0	?\0	?\0	?\0	?QI$@$@$@$@$@$@$@D:?B$@$@$@$@$@$@$PBG	&?\0	?\0	?\0	?\0	?\0	?\0	?\0	???	?\0	?\0	?\0	?\0	?\0	?\0	@	?%PD$@$@$@$@$@$@$N(h?$@$@$@$@$@$@$@%(@a	?\0	?\0	?\0	?\0	?\0	?\0	:xNa_HH?ogϞ_{??HHHH?Fܣ?@kB???looo??_|KkIv?HH?~?ÕѸWr?%X]Xݱe$@J\02??ϟ?ߗ_~ޚL&׿k/ x?ڶA?S$do~FGÝ\"$ˠnɕˇq@h֥hKp{\"BPg۝δ?BiEfPv\n.&vеFQ{/Ɂmy?ɹ??3΅FPe	CngA2ڡMݤͨv@y?fѤua?|??}<Xm?V{|h	?>_5ڇ/?\\~C$@$?f\'nhv{hN8ōjkջ?W?7AY9<A?Z=j%Jڄ[g_.\r??ɲFyA<~ZAUW?kV?ȲCq+HK??1S|a+͠N\ZrΦl`m?R.?b*PN?բQ@I[UHri?\0/?@*igϗ]?\Zun`?T?NkMxiBf\"GhZ?59?\'a5?;]7n???n{IfD\'?QV?? D u\"7lmmo^1 Hy7?u\ZqH`e{6C?qj?sS?\"1Hs<ۼ\0]\0\'?,kܤ?r%?FŞ?Q%ՠgc\\?-zq`PBd?݅x??3Uiz?XfŞ?M?I?sо??UKgQPZ1l\0CIL?.wz?.?.ap?v???s V¸۩$	3,L9VIOq~ӊlksx?i(kHô8N:LPG?n?$L  $O?aS(h?2e?H6⪋en;y?,p?w!:u%G=:Q?8cn?<2($)qBW?.]?Ed?B+J%^?fsf3.=1v+?D/jFȁF#{4Jۄi	jFݬA?YNa?t%G<?\'c4R??I?f?r$PFjO:Yw4YpΔ?fr?\r?\0:\0??j=(D|I\',@,L???T\n<cxtIǕCQ?ZD ?=Y?{|#@c??\0	l8l8v?HI@????/1w~?KB&|?\r|WCL6UQW=՟k??Q?C??J7:w{\\??UmuGWn??\Z\\@?j??9@[tD@ӆlrW??#?I?o4xeCe`{QrR̰Iad)Fk???eU*[??x,DhM$bH\Z?AujYtN\\??\n?t?Ν\"ӣ|].x?hV0w+%\ZR?}y?xʖ@W	zTv+h?5`PXQ?$@D\0ϸ_^y?oQz$@$@7 \0gW?dIp[\ZbvRT(sز?uN	|N?q|PC|Ň?\\?DGw,?\';R6].LD[]?\nǁJ?ocG?ʁ\Z?:@z$aG\rFSeT/?A0Gd1o??\\ߋ^yvx(ewk{+vp?}W?ˁ?DF3w9]m??qTV)?ia?fteJ2kNߣWWo?etL-lkk଒骠TRhvpxZGL:S?ӬqKJ\n3i?PX?E$@kMw#o^n?&?\0	?\0	\\?Ɣzbb)7kY{2K.?84B!?f&\'|ӤU?Trj|R^\"JV\"`]|R?\0hpnIAbdr?`\Zz#wE?\rTTdӠRSH͑wT9p?????KGO\Z]1G?QI`r?H???\\?T?3V??TWk=rZ>\"?@?Y%GS:Ŧ!?yr?(?_N$@9jӧwꫯ^}U<&W$@$@7# U%޿9\Z?w?I#@Dw<V?ou53DH^hUԇ~!qdO?ޥ{?nz?iv?ŏ+ϜfK`jcNK9QiG>cP%W杋[:ǃ??u?UI??tiOROj\'ȴ?܂,܁1?Puh]rkt[Fz4;q??щˆ?E[ʜelIęo`?K]F+D?C%˲?.?\'wJǝe?@$?e/}ٗ_~9L~^{\r9e6ҧ~:o]L?\0	?\0	?+~Xv	 SdDāqAK?}?F]q?pb6 ?ę^l?KI\nUMY]&SH֢?[g?$?B$fItm=N?@VXE4IzR6?\0fGJTjNt}=b?PrzY@U?\\]fȻٙ@q?̚\\)w*S?{nĤ[? _7u\'Lv?Hd2Un	P[?H?t??X?d ەJ?q1?H?4?\nPRDpOǁ?W?Cp[]%pW?\Zrz;%ʅ hw̅xeb?ʊ<G\02e?;Yu-]?dڬs?QKp:?\ZmRW]൯Cݑԥ`oAײ^D5b&?O|e9	\"ZF1\ZCO^TzsD?;ե?\0\0 \0IDATƙ?LX\'?}oLCOeY!@nV O??=O>>|e/όWHH	ZI6IGx]?.tU\Z?eX:?aKT???:޼Qq8w?T|Q??6??ZLٔRƣ?a7|v?5*?Y?nN_&h[:<a⤤wu~~RCkdu??2fdP{o sۗ;o?v?akθRPLltU*?̦Rvںj|?W?\0U	A$i vPشAgIV?\0?506E?e\'N?W?ܓ)?roN3AGaxv߯q?h??FE?_ʖץB?q??%\Z?c-j?!`U/Gzh-M7ulثOf?fZ5?\0?b,59NV@4]/\\s?H~?xj\n???\rwtS?Fz7~Ǚţ?.N?0@I\\w?ty??t,~lT5U<f6+B~R?N\0	xVϗh?\"X!?x!Y~!]ľk¬?Hl\"\\?rSj?Fa?vl?]???KWf?[eY?C<|\n#DHBѻ&}ׄY?	?\0	?\0	?\0	?V?\ZF$@$@$@$@$@$@$@K!@c)Y		?\0	?\0	?\0	?\0	?\0	?\0	?cCHHHHHHHBR0?       %@cuǆ\0	?\0	?\0	?\0	?\0	?\0	?\0	,?\0句`d%$@$@$@$@$@$@$@K\r-#      X\nK\0	?{D?$@$@$@$(l渳$p5?_9H^}F?\0	?\0	?\0	?pP?       $@c5ǅV?\0	?\0	?\0	?\0	?\0	?\0	?\0	,?\0句dE$@$@$@$@$@$@$@Ij??      X\Z?KCɊHHHHHHHV?\0?ZE$@$@$@$@$@$@$????\0	?\0	?\0	?\0	?\0	?\0	?\0	???.HHHHHHH`i.?VD$@$p~w}?z{:0/	?\0	?\0	?\0	?\0	?()? e???۟o?_ҲZa=$@$@$|zo͟+q^?RyJ$@?kD$@?\0d~Z?z/?[o}ǿ?)?\0	?\0	X\'\\0W𼋎7c7>_9?g2e1Juh.U?+wuɨݬh?ɁO֢P7<?<iGܿ?\\Te«Iٸq)Ik	\\5I??:BRCZ0?9A>1Cm[&&ՙ}\rYRҳKe>u~|I_Et?]2i9hZP/A_Au?\0	???b?\\>%\0	?tY?5?]?.y)?kw`[n!Ǡ.W+[(?g\rvv?OG(?m?LPW`W폊dYsz??WbYN0?C9dMvΦl`?s(R3\\^mTt\ZݣYE\\˹y{y?Tif\0/?؎d~??hYf?q>Xl3퓽?]7~OJ-U	?.sz I~]?JWIKNK>%?EV{iN`rȻ:I\r?LWy\ZO]Y?͊xwxռpm\\swI>5g??\'? ?oڇ?????\0	_^[\'YqɳjYg?Z quby?RWwg\'G?.}?JIQs/Qtbg*whd#d_A5h?uαy<4OBe8JGpBaM\Z;nC+~5?$՜^ԏ;?M\Z?]cE??\\k˽|=az2yH;Y$T\'\Z xi&?x?`SߏdiU????m-eHUx.AϚ 8\\?&cd4:;Eca??/t2LA??ѩi_?]3eUc?Gjq?e]m%1]ƴㅮ[w}i(,\r%+\" EOt^^{\rȼL\'  <??|?-?ˢL#o=?q?-uԉV?u\'૥k?U:C?\rScWCπ3l?OC5HYQԮmPF$?a64OQ7kvP#?Rs(Av6佻QRjY!QVyX?PFuGH\\=&!v?	lLz?ł3Q:?zTP?bhOKf.\"j0ta?-?D#LZ\\Wf$4IsOk??D\nCO;$&G%9?y?Et^p˼`v\\hF!\\\'\'?>?CeOZ?)?ouqkI?Y?K?HH`??X	?\0	??`n˭$dwLofz?\"W?soԯ;;lz?暕Ȕs2j[yC?SoMZ~^Q\08#?\"Sqo??QbcoFH&F?!Q?T?\0FW?\\/9d[?V{?Xd?@r+wQFY[oFJetT?cFҬj?nC\r?$Q?d4yYg]FSAd=?>J ?UX?b[bFp??+Yܓ`\ZmEJ%j\\mL32??ub\\]5FG??oMgYM?L_?y2?Tegl1gT??=u?F0*?\Z,SZ?˜f?MkiY\Z?KCɊHH`x/+f??)D X{???ShzǍa?lR???Ҝ-?w:UHdd?Gz+[\ZH|,$WnYk$7X­/e???-cA0Gd|uZ?ՏgsTO?+?(\'u/Ի?qmobө_ObN,pM?U?e/zeL^wp\r\r?!Gk=TG=L۞jeZ烈cU?ǍiT\nVZ\0>:3ZľSSCIjΎ???וq{úToYF>AldTm|wKa2}_m#U?y?nO?? ?wyţ^Jn?&?\0	zowm侴R$7e6e,?OD?8җ!??L??6#Z\\Z诺[|R^*?]Afk?%nyyS#?[L|GIn?0X`^Te=?kެ?9?t1,$:-ԘGih?u2LNgز?s7&vH;iTJ?sD?ĦdObOT?\"?Kڣ?]\0?v??R	\nb51?nx^˾m?琏?	P&0f\' n?}ZxW_裏n?K?\0	? .UE?w?I#@?܂Z{wX3ִhK,2cTwWR}pA?>\n@e?]Z\'UflGx,݃}<bXXD?si5]<??n]`?0NY?S\05?qh$\n+\'!TcG??!Sh6n)e?L?-??!??{HЬjڰ?@pNJ$-\'%?;?n7z&۴?k?LELY??S>G6kηL\Zlyy~?nEIH??۷~{yf駟[sX?H֝uG^ǀ??<??UXIw?I>8[9ݚ<q[,oj0IEl6)(N_<5ga3?Z۸?5H??@Cmv?R?r\ntKܐb{YDq\r@?WҬz6W^au?Ģ8<n?1FѴ???K*{ј?竄Zt4?!S$.??~Y??L#?Dp@?Ҩۛ#n<jx?,?,ElL?=?y\n???Kp\"UDG)\rHzo\rso]G#_96ޖ\0?dy ??|x?V?{?ű!vRׅ$@K\0ބk?\0?D\rYa}O]P?K>ʃRWT?픴^?\\$kbA1Rt@f??\0:G޸PTf	oh3??{???qe՟.?f\'ǐ\\	I0?q?~?4?\n@p??V*6Ak??f1^ѨZ?9j?/?,^}rhv$O?ģvueG??@\"E:4{?ׂ?W՗^_|Zg?@?Y?HK??=O>?>|e/?I?X~MR!c)C?@|?Th???\0!-Cf7[ѵN$?InqnW}e?VE\"NǱy\\Y?f\'Qrܒ=&?m*\\uIIۆKjs!2????@??eysc.\\hkpGd5{+?Ыܴp:Wq?7L`ɇA\\Rbhv8?A^oޒ=;Ubu[zpp?\r?\Z9Om??g~Uw~ڋo.Js?qct,H$@?\0zǭ?	?ADRʸM@?:G?Q\\pwJugU*d}tY???]2X_x?nYQ_ΙsNq\n?q@xQDؠ[C{i?l??igqwɲ???ottKs/D\'8B4?uӝ#?gXސ԰CfJ\n1򈞨PJ?FOC$?Da+q5?h]ݗj\nqO??*{De}Fa?݈iB\"ȃgRJ֦g3.Qʼfwv?CP#G??Ȩn?IWw<x*˲sDt/BVE$BBѻ&}ׄY?	?P?S?V?<vp?ڏ$@Zp[x7MV?҉ۥ^lϣ*Cqu?Οf)\"??7B$?oh8?tm   Ȳ??HHHHHHH֛\0?_HHHHHHH??$@$@$@$@$@$@$@N??	?\0	?\0	?\0	?\0	?\0	?\0	l<??HHHHHH֝\0uaHHHHHH6?\0反@$@$@$@$@$@$@Nϗ?ƪHHHHHHHH޾\\\r??ΥH?5\Z|%N?1	?\0	?\0	?\0	?.~YבeHHHHHHH,??$@$@$@$@$@$@$@kN?0G$@$@$@$@$@$@$@sHHHHHHH`?PX?fHHHHHHH(p?\0	?\0	?\0	?\0	?\0	?\0	?\0	??k>	?\0	?\0	?\0	?\0	?\0	?\0	?\0??       ?\'p?\0	?ogϞ_{WXE$@$@$@$@\0?~H?????]?O~?ĸ??HHHH`?PXYqVwtieΖ?Տ?A0fp9?U.O?6_|?~_~?ɿ?\0}$ u# Wt?nrYd/rp=????B\\?ddt3?GeU?q?1=ُ?a:cId??U$W?⼺?i]Dgbؙy1ngSNu?e|!M????\\z~]:??\0MópFAy*Zh;W?]sV?	ה~]\\$@_?b=>#D?`BBȊHHH~?~!]?S+ǣQV,h|ܭì?xfᨽwՂ3w#,\\?3!vow흲ѝ(r5Н_???~۟n4Z3\\?SS\'b?LfZ㬕?ڍ~k??b??^It_-;Zfg٥eF~i??Ëw\n5:W?G*Y6حȎM|neT*?n?o~7z?Ov?H`?E?VZ/OàkX??;pOyv2qOni=?o?(\rm~W6LBIh`z?me{fٲ~??5??q\"U?so?\\?F?kI??x6l0gjr72?ɨQ?VAmk?s,tq*/?:I9,]?\\?	H=iMZs}8t!Z!]?I|#@Ñ???B=?d%?;9a_@=Ņz`G]mJ?M{o$~~\'r\n?]+_?kH6@񧍸j6B~8UߦE@6?ktN:Q{X)u1sHP?ϥ{obmv7??QX#\'1k?k5?;u?01?Jč	TP96EN??jIs:F:Rky⥯EygT:??CB&J?>	U\\RY:AP?H1[T\Z??YMSq??P?i\"y	\0B?,W?ߊ???_a6WmJ6D6?\0N$@@{(?EܝkLYB?Nݻ@4fo#Doh\0?~^YP|ŃQw篫rC?FI?y|e?<XGiN?zYIZ[N?)?\0\0 \0IDAT,BwLFoIB?+͢hJ?E5tN6@ZRqu߯SzΝ|ͶDV6s{?*A\"v-?eЄ(vfh?d?{ܑ8ǛJǦ|YE?5\Z~H?Wv%p?\\mYVOkT????$_~W^)?.?H$@$tE?H\0p|Ps?E%H5:0V̊ĆL֖]?)?HV?T?<hou?,??\0p??#$wKw?[\\tնF\'?a.o_©Gfux<ޱj?x)~Kb6Rc?(X,n?v?yJwe	?tt]?UZI&?I79D8$SG&aIM??GdW׶dCOye	PQ	?DAʀac?svrcum\\.\'nwg`?6;??/?}KL$ ??IhHE\r\r?G8rį6;\rlم?wWl{V7\\ϡLr[DJt_߷O嘿\'b\"A?fS$_w?y#lqh6\n[Q\\L*p0tiI-;v?=gAry~E??\0GŸ?d%(Dxh	?DPhlb,??7:?y?Q??!O?IJAp~`T&2RKCf0_$??ڄ|?{o۫;:0qهkRIh?Vb&*VO?-}W_}ꫯ0h7m\" \06rݏpZ~j\\Մ?:@&??쵻??\'Gv?Y*?[ \rEw<مA?*u`հnGvVrVMu9?4\nj4aOWE-5ٗc?l+!2c%zq4.igښ4MAԣv?k?k	b?oN??ܚdINheIFG)OzdT_)I$??^w?o7&pV4w?֙LE\0^>?r2ۯ\Z5/?yb?{C$@F\0ޫyRZĳ4qzkɃ΋:x~!R/?r~{0<N+jt\0P0?JEn~???׳C.\Z??Q*?-P9~??$s*b\'[:m4vusjEAXdQߥ?_58#w?.uc$XZG,O2$?ܘJ?3ѓЖ?QeC-Ҽ0f{?9L?;$?&,?\0)mg$?I9/%\\ƿ-?͵(²;ŒrH`M	鶏??n?ٳg?6ޮT*cMǜ?X{?DNςDҐB{E5.I9nm\\z5s?f?P\nC?FGv?D{U{??mE;SnчBF!xhq0	u???l%\r=Zb܀ѮVSG&?8d$7L??ߪF?o؂u҆ie<ļ\\mޅ?,Qx?$)g? ??gOI`a?FŌ? ???ߢ%__?|EE??=O>}!0c;K$V&?Ϧ7|`֖?R9]pqUH?p?﬿L?Y??k4?)?O-d???vE_]|Kɢ?טeWxS:??νzKwP?g4R?Ď^5cc]u?Y,Q?:hVѬ??A+?\Z?nf;;FCLqA3G,=Ek&C\"?qct~{Mp};^⿴d.Ye=`SSbIQ^?/?AcmF?!pf`{ĳ>gPi?\\kټT?(mxEudG[]Z?/8|R?͵ӑǲHT !?? ʡ6?~y\\׽X?5y(v?kaq?m~?XFi$Dh?i?DG?=8^?N\0c_??#s?mG???XU?H+dWn??????1Y?\0?Z?ڵRH\re4\\:}YWw+?Kay?Z~:W]Ao<?ϟ?_\"sDt/BVE$BBѻ&}ׄY?	?\0	?\0	?\0	?V?\ZF$@$@$@$@$@$@$@K!@c)Y		?\0	?\0	?\0	?\0	?\0	?\0	?cCHHHHHHHBR0?       %@cuǆ\0	?\0	?\0	?\0	?\0	?\0	?\0	,?\0句`d%$@$@$@$@$@$@$@K\r-#      X\n?KJHHHHHHHV5?\0	P?}6NwBNR   Xy?V~h 	???~A-Y??8\n.?   &/?>HHHHHHH(?!+       Xm?V{|h	?\0	?\0	?\0	?\0	?\0	?\0	?P5BV@$@$@$@$@$@$@$(:       [qkHHHHHHH`?PXu$@$@$@$@$@$@$@?@?Y	?\0	?\0	?\0	?\0	?\0	?\0	jx: X[~w}?_?;F$@$@$@$@/?\0\0	l$?_?}矿6rZ$@$@$@$@wI??? ?_|oVV=z_~?c\"EJ0?HH`?{?_q~?,\\GCe?+^A\'C?{EI7?ʪ:]ݹĎ2^֬oBЎ??JEuJiZ]sZ瑰}\\yDLoSŸqOy\\?%6V5}ҋQ7?!IDmFl؀$@/_X?rL&`BBrWyJ$@$B\ZÝ-kavCࡵ?WxTa?vq?WRyqp;ޙ3<\\?*A]ݯF=\r?9<ۉ2?5FT?9]?LkggOD	DLY:,?$$qw?qJ,?=̥?FO??H\nZY+h??!ngv%?)QqM3}YdrZ3Au(\0{$@Fo*j7x{PXQ?$@$PJ oY6f?Nްu?ٟ>?hiRTO?qā1?_|AihB6L-o?AA3]???q2\n??(A9Hh?$vHi?ƿ52J?\\pIl^XöF\r^j?EAX\ZN?=\Z?sj?|Ex_yփ?^sy?`CF???ILD7C஄?B?omD?}j?N%(h?$@O?]N?kAw$@$@F證eC(DhWϥl\0Y??tiN8S\rC?,p.	t%lDJKMǾ^.lf0oAɦ8OH|\Zz~@X<vx?3??l?F^G^?SlJNmǳ|Rd&XdIs:F^AP휣yA60xg(?q͢?)S昼d~d[5Ku???\0?H`?<|E$@$@?FyJ>}meD$D??Wڟ?NT\"@4ID??\Z?\0ద(z\">?uYi?2VC߰??ui?[@:?0qN?ѕJf??lRSg;Xe@heKYv=\nͺ#?fIfs?@7hB\"?K?W?󔱍ge\'xR#\rmc]dܑGj.cOY?=گ?}T\r$?I9O?nE^q?\0	?x/+KXRz$@$@+D@?/rΜڧaln?Լ?\05(\n?E\"?)N?̪QVժFeDlRGܾ=Pw)OnO?۟fu?k \ZH/?ch1\ZVaG?RǪ?	fNgYmntk*b}	f?Ux2z4jg\n]!??X&ʤCdnv2?YXp(s?$TU-\nH*O.ds?*)S+:5{lz,H?H?b3̓~<>;?REy(l࠳$@/;?Q/Fn?&?\0	?\0	?fLTί[aqROmwl?2h\"pB/8r!\ZV2D?H?N?\"y{8?DFHdUPvE7??Zt(4-T]m?4?r1?{?v?=gA*G?ɣb?OzI=3Wb?@8BLlb??MXkLoȬu{?/dۣ?Y2翬a-*VbV?f{z4U?\\?c͞?\0	?<ӧwꫯ^}?h%?$@$@s`#|fw:POnK???\0t9BW^ﵻ??(GvYJEɚm[(f`??Ýݠu;zU	^dAuϪ?{8	?G?K:g[fc8uee]R}9Af?W1֚t5Rxbå=?>L[)z*u??`M;?G?Ya7~[?dD?a+52?y]Ah\'^׉KyhRѼBk	C?I???7_M\'@!{@$p?`g}_?o6?X?pO?.^ƒ\0	:j⡱VՅD?O;]xa]6yl?SArλܽ?OJZܗyv?]$C}a_B?q8E?m֥~?Eu0Q\0[k!?F??xA/?h ?2?`\\?\rHe\Zj1hG[??]$\Zl)pz	OXP?Qanx\"?_f!?2m?5?/	)-#R?C?5;J$?|Ǐ?X?؅\rA??7XQ?$@$0@x?װi¯ӧ+igac\rK\n?Y6.=L썪ϷɚY?+a^I?o?5?x՞t\'E V?F7\n???-&Tj?R~WIK;FӬY8m?^tTqG>`J!Ort?A`Ů⽭ZalՑd?%<?ˁED?]kܣJBG?wUD$DH5yw#qO&E??HiWʜkC?%;B$po<xѣG||?b??P M&]4U(NO	t?Qr?n?dFD?DD?M?Y??k4WMl?lpdyqYHWT?L4?3Y!	\n0oA1AgھPwֿl)?A?y??v<-\0llbܴG֠vy?(h??f=\0?mL?M)%	ReȾDJ?<.fq2EhtE|ݬVZ?e$? F\0b?hHM;-+<ȳTvߺƵ?JA4u=<V`?뽽N?PI,???%,?A5\"\rVg7FSDQ{J/jR\n?ZX?_DFIRMc߈wI;X4Ykj\"gjw?ۉ\"PzT?9p?ny?wQa-MG???XU??\nYk?uv<\\[t]KeRi(J?߂	ԏA7\ZGU*T%?nKo[GT?QI?~?pb_EIHHH`m	?cHHHHHHHH@	PD       Xs?|?       ??$@$@$@$@$@$@$@kN?0G$@$@$@$@$@$@$@sHHHHHHH`?PX?fHHHHHHH(p?\0	?\0	?\0	?\0	?\0	?\0	?\0	?k?v?HoZH`u	pb2   K?.?L|N%}pbpa	?\0	?\0	?\0	l\0.~ـAfIHHHHHH`?PgIHHHHHH`P؀AfIHHHHHH`?PgIHHHHHH`P؀AfIHHHHHH`?PgIHHHHHH`P؀AfIHHHHHH`?PgIHHHHHH`<܀>$@$ٳg0_U4??\0	?\0	?\0	?\0	?@!{@$p???~??ӧ?K/1.??   XyCDI֎?_|o/?j?Ͽ.;D$@q~7.Z3;ٯh?>_՗e?rdrȑr=ftYYU>S\\;?U˚M?ڑzBNɛ;Mѳrq.P??x*ƨʈiRI?Rn|?dL$	mϥie9BEr^??WMds?Mbb?wͥt?0c??\0	?\Z?}????_?#?	Yo?	?\0	?FpgV\rd?;?B??z?}|ܭjZC^ol4ᠽw?H?\'!vowQOūvvL`ttIM?f\'G0qNף\n;Ѱ?Ӽw|?Kq	I]5G\\?\'dL64(Mf<*gɛfkbJ$*ҏdTi٨y?!ŶzLI[?yI?ԤnL~?WB/˻??Q/AQ*?d!2UݓFE???\ZH`|7[[[W=ba ??Lv?H?	Ďw[?J?T?\'ޥpwqv2qo7c+?\0\0 \0IDAT?ˬ?+߸mP\Zچ?S#_?1?F._^?A?7	56:?İЎsJҪOmdq?{Y6Gaa[?Oj??,oT;h`D̩U%Ci?yzX?̡̲n?.ދ±g?X.\r?!3 `?Y?OKz[FLN?B??\\,c?ָg\nb> ڇ0C\09bSߏDAjdvRBF$2{?TZMԢL<|?(Pl?H`?O?^׿?6?{L$@K&`V̹?ʡ]\'\\V?\nUyA?:MڡJwo?qLJ]A0e\\IqPw?\\Q5fͷra6y+c8OH|\09U?ENObcq I?FyFHKl\n*u؆p<N?[F`Ru{\'(xKIM9Zgg<??b)E,A)7B??2\\r?J2J=> qǸ/kY i\\r1<BG?+?^?\"P_$@5D,Y\'\"Hi*%@cEf?\0	l,llq X\n???u\'7ǟH\'??A4Iԁ?Y@K??$gӣ?=Qͥ.aX?|mb]ΐǷ3?Y??>?|R?yR?i}vhˀ??,˖i2.GYw[aemRٜQ:gb_-0H?gd7Ţ)??\'e?:[/G?$Bi7EXn?MO?.Jߙ??LVQT?#*ZM#5IYp_?ƈ!?xeyv	PFI?<_~yWJKoF?&?\0	?\0	\\M@H\\8&Ο?zH6Ԡ( -LY?ʪ??^S$dh?[[e𰆢a_pN?F-۹\"8˗x??F?a%,???w+u}\0ҦYV۲h	\\m1޾S\r?p\\GCf}7.\\?X,?eQL7u_p(s?i-?O?=񃐻Zr?џ?l(+=nhX?9J?#?}%?T4ɞ{]UDlih⃤?GEIف\".?ASR\'+J??XW?[ov|wK/1?HH`q?Vx*jxfd?SX?M?v;?vRp\rjuP&Q>vM?r?\'?\07r6EB8?_Lb?ZТ좾v?l??\\L*p?pyRˎQv?=g[_|]?	فQ1?`|l܍?sTmַp_O13?\"?avb?x\"?+U`5K1?y$\ZAd?Ζ\"OB??eМfGt\\-W??Tsu-![VS?-X/s?$;~<OW?vy˿g?W???l?H,<ӧwꫯ^}U<HHn@@D[ιs_QGnK??e-#\r?{hh\r?A6D݁SrfJMF\Z??\\y?X}vDlWJ?tիSrES?Tq?\0%8	?\"nh6Þ>oM{w?bjG\\?δ5i\Z?D@ug}̷]R\"2?b??_g0.\\Rur;pq?Y?Sd|?w3ԟ{PdȢ?xfi,?5?b?*烏Lȉ?UU0eEPX?$@B\0^>?r2ۯ\Zz?/?yb6I$@7%}j|ze?}wiCx4?\rp~\Z|CA\0{Y?TJ??wP0I9?z(?ꒆ?Gug\"\Z`vUEuiC??\\?uýZ)O	17nn,p8?@ֲ+z4/a?\"??\0V?Pv-?ˤo?%8Wp?R$ˇ<_\\TZ;l۳?C.W%칢W?`W˻?ĭ?>+?3O޵j5?P87Z{,?a\Z6(T[???.VًT*aPFEQޞ??z?\Ze?ӢR<|?(!?$@G\0O}1pU0Ϟ=C?vR7a o[u5 i};?+O5!~?!^??pM3vpjs?zQ??ё2???4#gX??#?ЍBL	w?˧Gh¸qE???n$\r=Zb3?;g??Z??r??{di?y\\~tJV?\'(UXaqQ1ͫ#QC~i!T\"ǥai_Ңw(\rs??o?\r@}DE>?}??D\'SDHô̲?þj??q}LjY)Ne?N\Z@$q<xѣO>?>??b??6n*$@K$ %^\0??kKv?ʇ??v?|(oNgkhHK֩l?\\??C}R,\0Q{7L~ɢ?oA1AaFwD`?qgjF?;?ܗ??SX???K`ކt4?;?,\'ewƩ?#뢷Q\"i?l;7?}J\\OsD?E?\0/Y]T\Z??[j\0?n|VU\nXS)GFؗN98?e?Q?fC7!&;;L\\>\'^?/?? ?A?HE@vȣ5ų>gg7u4mZ6?U>\"C?P/ԑ?L	]Z\'AR\'??X??$A??[#`{d?H?Gc\nE7\\J!Cc?R!\Z4\ZB?Wmν??8X!?Ykj\"g?H\rzQ]?9p?VdZʬ??X$`G-d	??,nlѹo\0lZk_Np??ND|~\r?sYL?H?.yxtbK梆|!{H??)h?!?\\?%cN_Z[{\"ך]OhY2O&Kl?KU?\0	???l	pb?aO$@$@K#\0?}ei5M\'M??	?\0	?\0	?\0	?\0	?\0	?qVF\Zt?t̥$@$@$@$@$@$@$@$p]?KIHHHHHH??lh.	?\0	?\0	?\0	?\0	?\0	?\0	u	P.1?      g(ܳ$@$@$@$@$@$@$@?@ĘHHHHHHHq??\0	?\0	?\0	?\0	?\0	?\0	?\0	\\`~ ?!p~~?=e77?\0\'F\r7;K$@$@$@?\0?$@	?\'?!O\0?\'FHHHnB_nBeHHHHHHH??hh*	?\0	?\0	?\0	?\0	?\0	?\0	MP	5?      G(ܣ?@$@$@$@$@$@$@7!@&X?HHHHHHH?q??\0	?\0	?\0	?\0	?\0	?\0	?\0	܄\0叛Pc       {D=\Z,J$@$@$@$@$@$@$poReHHnMo={^{߿uHHHHH\0(L\" ?%?~?矿O~?ĸ;IHHH6?\0do⨳$@/_|oUG?/yz???d?k[\' Sz??{\\荣LȒK|s?~l?NڏӮ֋k͢?2RwyMHôC4?3?T@|?`Y_죩H?WF??zFB5X?Y⪓k<!?`\r	?\0	ܜ_X?rL&`BBrWyJ$@$?vv\\??<VwRGg.-}w+??吷9=JGP?iml<4rqvr4hi\\].M©?\nU?A?ri?\"*@?J{qh8j?f???l69kc\\?|YZ	Sijg?	?zWMmàmVdeP^YN?ӧvЯԻ\'W?X?\0?1	?\0	,7|U?Lo??ڬ?HV@T2C+)h?}?qgg\'bƽLď,FbRDuZSaBR?\\NRY/9?ɗ?v՝nw:ϹmQxUX!Ձ\n??C15VmT????K?eGV?]\rSL??\0@R?h?{)P%4c&i\rj1Jθg2NFiݞĢ\rsG???_?pY?	??$@$駟&_{??2?HH?b?H@ą4CA?Fic?8I?0P)?:h*\0@C?$?9eF\n\\Vi\0?{WJ\\BX%ŕD?DfЋ?C(4߷v?V),?U/I?@!w?Ή\'?/GBW\"p)(1v{*b:MQq?&?a!=oɟ?A;	Z3GH{tgCZk?P??\0	?ϟIHH`?jO:G- OFɖhp}Gh?\\tf@4^mb4\ZYkF=\\#+E^߰P+0Jb2BpPWNe?P<??%Ld*όlHF?*SHEޒi*Rj?h?jىqlH]??Q/nfz=LIt*HlTtmY.Yd_X.?HH?x/+%?)D  ?!QeO]?!|!DxHxìZqQ??޸X+{E?5\Z~Ė?\r??ӭr?kb?՘?=گCe?o82NJ?B??)$k7zׂoJЌW-a+[m)?D@*ݨ#q\\A??sꜹ?eq?I)hhԩ+t?`j\'$D??U?\0	?y~?z)?H$@$?V C<H?v_o*~i`.{?K.[?p] ܖc9?dœU?T	0s&{hёBJ^S`#\Z~PY?\0?e????t:hqMbRwGfOY?fJO?E>\0&?UX1;bv$qDpO?j&͸MadLw7??Lh@M?2]ԼUV?S:H??.k$@$txӧOKW_}?e?@$@H`:e5N5xa@?~3?c??nyBI؟?!xd?!?\0E??f\'?KS繥j	\Z1K=}qK$Qj?6e\nJqo$Uk׏Nt#Zl}CujXb \\\\??C44Rގ*\Zvj128\"cS?\"??B|}0??Zh6nG|(PF?ƕ;	ܜ\0叛cI ?,{ϾK<^k^f?.}ܠ-! XM?!tׯyIC,?i6ބ;(E4{jo?iR?k:º?[?isJ k_? >\0\"wwD?2E˜3\\Br{Ni:ݓj5\'QwaJ9p|)=cwJTXV3D?\ZD]ZH4y?H?\0bxr&FV}?&V?ex<i߄kITb?(\\HHN???n?ٳghlooW*nq\'Y)	?\0	?#~j5/R`Re?\"xP?3?\0S?o?:\ZheOfQ	7?Q0S?p<iaCvJ?>u<?cZ,E^nJzPӥ]JctFt]Ĺ<ɺ?M3\"z&V2?nzHѦM#!QE4op:EAJK_1/mlD3á>{dT?q<f[?Ⱥ#?\0	??<zO>?~wC,{a-\" e?k\'tlR1JQE\\igt?5We 5k{_[#Li骈Ҷnh?/A!O`g?y~]UPcHe:Eq+A\"?#\"?LDN\\0n?\\{?oFj???)OQfq1IH	t\"}MU$7GULbE\"???R?$d?MNCwv?=B&?(\\HHN@q\'dY)	?\0	?y*K?Ao\\??𦱛?(Ӎ)?\r\r*z;#q,*J?NQT\'k7o߁dJ_z̻O31zN\"\\5ۘ\"?_P`dە%4zE?)\'5&?#\\??tC?-nl?^2|?\"4b?mH]abs?)??\'b2j7˸8p#j?lGEj\r?W??hZ?>?M?D\\??M mbsԔ??VlE%:;̚2KWxs-?ggF ?%ͺNci  ??\04m??I`?0c??\0	?\0	?\0	?\0	?\0	!??H^}HHHHHHHV?\0UF$@$@$@$@$@$@{ȱ?wyۀon6\r?<?? 8?LM4H@?8LBЄ?pvmCM]F[F?Zq?IݪHρ?+LZI7@H$@$@$@$@$@$@$@LenF$@$@$@$@$@$@$p??A$@$@$@$@$@$@$X֡n$@$@$@$@$@$@$@7@H$@$@$@$@$@$@$@L2+GH^ Y4	?v[K?@$@$@$X?z$<@X\0\0 \0IDATx͂Iv};h)?HHH\0?{Q?       k\0HHHHHHH`?-DHHHHHHHIkdv       e\'@ǲ?      ???IHHHHHH\0?BԏHHHHHHH?@f\'      Xv]AG$@kJ?y?|ueHHHHH???\0,?H?x?㏛_oo?×_~;U&  ?gg?I`u?mEMIօ\0??|[o_po_Z?$@$@A\0q=>y?p?zI6{j?BS˻,EPW,G?q?H̚/IUV<R?e?ΌkYG3??GUh̺\'BTfBf3X!\\BEUIց?|/|ǿgݻ?b?$裏֡	?\0	*9\Z?EaNٿ;Aw>>ܮLxq?.n,h8j?d?6?jti?ktG;k?2\\hHzUx?\':\"?<x?a3FSd*R2u?im?V~?}eD?˔?(?R?3OH`=?Z?\0	?ovcc?^i ?iN*J$@k@ gj?t??{\\ݍvl9pkuk}?\0???N?.?;>F^7eKh`\'??~$W?gBL\\i??Y?liD??-M\r)|2?;P<uG?Eg???G5CeTL[h\n+]Kw?\0?wYU e ?cS?L_W$X=?	?\0	]!}?ba?tM?-;?{@AΚzbI!X[=MRJo? =ǒU5?!D~o$?8&M0}CdW}DҚQ8vNp?CVIN\"95v??MFDH?n?\\??q:ģ^NC?\nuhF]\ZJ\\ɔcӴ? @j???Oԗ5% x?ܢO\Z0H?dڴieJsԺ?clW???9S,	?\0WEr?zbwC?M0fb.%vtΟ\\֪KT2Y?2pyڝNcԍ\\iG?QNTv(?M??fh4;GGYd2fYc0{f8e?n\Z=J?cuێ\0	?|_}WJG?oQ\Z@  ??>?F}Y_w?UZJՀ\\kE-?\"?ŏ?=eX[hp*&?7S: b6b?n\"ްZi?ouxB]E=@?9eM?$;;VMhrם?q~\Z?buNۅ??hcwW\\*pII?+??L_eh(^豗YHY?#?%@??XU?>yoVয়~zJ?H$@$@G@6aQ3MAl¬o:{y\";&<d`zP?.jSf@&d)0??l\"-?Vc4yYq??Q3~FFV?J\r,sIK?)WՅ?kXgY82\\5\r\\=Y]?_X#tQc?$@@\0}q]W_}YzPG  u$`&=f:KS+??\r~4w[ZdRYd	DI\"Rsȴl3PL+ANGarqJBA#pU8{tIӸC?fȜdC_\\F<\ZI?JwxDU?A2UZ?z?kNO\\U`{VO?X]tnQs $e/?W_}5Ly^{\rD}gUbVT?HH`E~n_?Dl]0?kuobK?\\Z7qC!aU??tZ£$?`qB{~q֛_?9?0\n??q~Hm1D??zqsX\"????k??(*R\"|*F?#gPG?Wy?R#om???7^F9	?V\\O$@G\0_}??8_|ի5& XuM楋9Ul#^Vn`7Scw@??zYTހ*y.Uventw?DV@G?wiTw?d?Y%780m|hkt?rੰǠcf??ڲ!]?7b?|.G?\0/?V**ndnKzi9F\"s^Y_f$?G?^{L$pW	ܻw7O???߿e/qW{M$@/}39d~YL0S%@\rgjZ^?$R&?,^|b`?Q9hZKjW5?,2ht\0^P>?(Qa27cޒL??J??hv\Z%?u.dJ	??-5擵/??a#q?FCAj?@??`ЖP$jX?$@B\0??֥1Y XaPπx-_é?`xfPj9ˤxa	C\"$d)E[?0{XB\\^QA?c\"^leYJ?&|)%Z.%X?E=RV]7?_?^q\ZX.Be?d:H7[?򥛓?h?rFI+??ʲaYr)HE*7Kv^J<!?%pٳg7Ç1R	!{`gM	S>	?\0	?p?ZzӨf/VgNύ\0??5\"U\"@+qZ.L{aTLH$@$@$@F[[>$@$@$@$@$@$@$@9tHHHHHHH`?n-?\0	?\0	?\0	?\0	?\0	?\0	?\0	??K       u#@Ǻ(C$@$@$@$@$@$@$?@G/IHHHHHH֍\0?֢	?\0	?\0	?\0	?\0	?\0	?\0	@gϞ傮sdg^       qo\\n\\&?\0	<gpe^~Ys ? ?   XN\\BHHHHHHHn?\0?7HHHHHHH\0?.ԊHHHHHHHqc()?HHHHHHH`9	BHHHHHHHn?\0?7HHHHHHH\0?.ԊHHHHHHHqc()?HHHHHHH`9	_N	?\0	?	j?|?$    ?B\0	iO?}?G/?<~?x?˻݃?   ?d??\'W?8_?kĔqj?z^?)W(Er\"[t+1?E$??#_?[[[o__~O?[d?CuIH`A?HAe#q?!.1Pna0RV;T+a.enhO?\Zs?\"Jk?#??oIJ? (R8<?iV<J?L%F?JJ\nsU?.<H5)py\"Jdi?S?ꡢL?(?\Z)*:qQZgRdpB͝Zi* Q#s[?L3?A?7?|O8cީWlѸ&7RǇx??2??Zg]?#}Z^m|X(..b4 Jo0?Ύ~?Wo	̔\\,/IH`?(Vw?Y?]|?L;U?4?q#øD8-F\\Qj?cp?h?\n?;z?tn԰H0VQ4ոvQI]QP^|]2Vn\\i߁\n?\nޗv?ܛGRR!{(^LH?h(?y?)bCbĨN??}،[{b+D&yխ%?wkŊ?\0s5R??jK7\"#ٞ8`w@<Q}4I*kqhi?\0d[F*>A·՟ԫn?xH>Ȓj?C?ƭ6xyb??Ƚhv6?c\rh?dX`\'???c??`/CCo(?L\rx??B\'5%H	??5J,j$B7DVXBぼ}LBZ{&DH8`/%?Y?Ӛxo׫ޚYk5lq?<Zbi?z勎Y-}ok!\\۹єTU\'R좴G]>G:u?7Q-Na֣pԺjas0v/c%IZz{_qF?ϗcyN??>\rHh?;8Kb\r\Zqۧ?ٷv???%EEH|TM8@?H\'ԬDMp?\0KWHZ=(A=1?~X?sFknsw~dX?3玁̑=N_lE?%p?X)??v9R^??$@$Rnb??MF??31<xDS\n\"{U?Z??F_px%y#>S??[?<f~?uG;p>gu(l\\ؽdǠ????v:vKŉ#άRρF\rǌo$in_K?SR&?kaA{K4g(n?t?,|N-(xt?^ދ[x}@<I\"?ck?mmM?:^QB??(anSAީh͕\r`\'ݩB°YOUu\"v?y?S\r0|9=5X0Pw	׎sq֕?\0gVRu}Z7wLV\Z?cn$pOy{?zD	pjm???\'zv)xL܈? ??{bH?`x`?Y~Ak?]ygƈpR?dֻ]8?Į??Whnh4n\ni?\nKt6?ZnjGYk2SbgCDst??!?#OFMxjGGGbKV-Qb??2$ӠY?ja6&JeBn0Y:zDd%?(ĭ1??b0AGne#?	ߋ鴱?GKF~V51~zY\'˚OG?:?֕b_O?Wj\\ĎI`?\\??ybIb\Z_eo??e[iJ(F8dMWWt`GML?QTG\"D?Y|o	wNT\\\ZEb׳uu??J=ݸ\Z?ɇ2itASV?\0q믿?\"\n_J?H$@+@ \Z(ER3?\0kMmڗ:H^\ZyJu?G^?:??\0?\"y)es?r?B?;ZV?M?Ú\Z$eߚ?V/N?Ob9K???i?pì^dƼw??dkJh*_վ?ZqHT+DoA?A??P$j׈{D(ykq?{e[GZOB:nG|oo8?I?7VB{=ERdrE\\wRCK:;{ϗ?#k4ln??:\'?\0?+?\\?{)wsy?y\Z+Wb?xEh>~,{.J)yjJ{??I`E	?#>R?O?{F1?HVmi(EeM???f?Tb2?6%1UK2j?><+?FQQ?˴fTn?ZP?q?ƁR?V?XE]34o̧35ͻ\0UDn?`Ffs?̞o4뵗|梾n`<2?g\'K?	Tw(0C?WPsr4y[ey?tZ??Sl}?k%.|B7m?g[O,I?q?&j?\r?Ӧz4?I?:0NZ?X^[>_a_Twss?E?dG?yT*RcyU2n?~\\yW_׷	]#p?XNbbPBN?`)??#N?}k[9\'6fT\ro??ြ,t?P\rx)p҉g??JrUlHRk?kw}βYRl?gqɓPsx?Fq?\ZvƷXu{zUp#Zvh(rl;1rqƶe<?UUfeg:ˢ3i\r;4Ԍ}&cYWvn{\Z:wZg]H1id¶O?}Ƨ!@z?<frd~͒{?CPARmN)cfr?\nrs|*??ny?u\nQ}YպU?u$ ?RXiwdy7k?S?m!CuCy_Ř1?_?@35\no:1ǒ&?0?}Y?y?oJm_JH~@:lD?R)С?3+??0K,?	V`?3[?]Hw?A??X?G5?U/Ϝ#$?;/~h7QWk?u??9I\0dy?|Di?gW:Xa?TMKׯ_UPH??ܻgx????	?q=h{2QH,x1?\\d27Gi.LFKL୷z>pU0O??dssVq%n7F$?\0	eٮMT1]>Ƃbi?Ey\r/s~U?lL??^?ߴdb;q?j&|?O[qrS#??|«M?&?tF5a?x??_`hΤAP???l#朘_f{g,{Ѵ7?FK afHT:?\\\0z{V6}wl?\r?\rll|pf@\\??3}j{?yB??;`/f?宍G?vϧ?ĔѺ[ݨ\';em5e?0*beçt`?vη+܈p1zR&~Ƕn?OαL}?	?\0{曟~?~?Bc?}@QE n|b\r?\0\0 \0IDAT@?ZXa?D^y1l`tL?3Џ?K퐵?g׳?	|T	?lXee??ed^?扏FN?\'?$FbDOZlp4$.?k_a>V\rWQH4IBdi$zuv\Zv?$V!RYEf~ּ??h\ZQP?n+gRr~oVm?dTXu\"k@MHRa5x??si\n}CK\\Ytf?Sr?DP;E}YX?H?@%\\q??WdKtZk?~t857S}g|?9EI\"@??ħ?N 7x2\'uyų\\1\\N I`Y	Aǲ6???41?{{KR??fB|\\վ	Ų?vŻz3??R\n[lB?`kƥQɕǋ?PLB\r?L+y?M??*ʭi?u?z$r	}?L[??vsgڥF$?^qv{o\Z\"BkeiD·H;6z?1fZpOɣ?.,~qśVrW?m7lp?Jna?m??\nVFgkm?_g?EUBVmZ:CB4)T4m\"?W0ߗh37-d??$?i$Qx0xa#N\\Ǔ޳gn?1Rԭ?#	\\Y??D/MȘ????bحLS_xaK?{M5J?n>*\rt\\m{kƎ}\'  ^gIHHHHHH֟\0?Ƭ!	?\0	?\0	?\0	?\0	?\0	?\0	qt?\0	?\0	?\0	?\0	?\0	?\0	?c?$      ?N;?X}      Xt?$@$@$@$@$@$@$p?q?\0O$@$@$@$@$@$@OW?$?^)3R`^r$@$@$@$pk??L+N?+^Oy}cHHH?.~?Z?\0	?\0	?\0	?\0	?\0	?\0	&@n|V?HHHHHH??F;$@$@$@$@$@$@$p?q?U\'      Aά%	?\0	?\0	?\0	?\0	?\0	?\0	atgIHHHHHHnn?kI$@$@$@$@$@$@w?\0?wYu      ?ߍj$@$t?_?Ӓ\n?\0	?\0	?\0	?\0	Zc-?X)O?}?GA_~?~x?_|KRIeIHHHV?\0?JԑH`?|???{={?_~~{2??kC/y~?80*\\?MFiQF\'eiOOn??ʲ^QLrdæ)GO2J;Z#v5XeZ8DV$Q??|???H?Y7bR̪`I\\fK@\0U?˪o^BΨ+?HA~ؕV$t%̲\\M$?M??,@>Ԓ\nn?Et\n!(?Eh0wI?Bfcՙ?j.misLZPԎTTSDGW?nOOBH?ѳ?i2ea?֩\"?/T?*zoe?I?Q\\\r?zMqjxI9n\ZTRπ?tuى?ta	?\0	?os=>c0?_? rk*P0	?t̓gZn?k?|a.?7?`jFA\\^??V?ɐxh??ߺ=J`?iB??\"VR?{1\ZG]6!+?&T?Zu?:Y7RA?Ƶl?NM\"}q?oL\"$,K_.,RZXս./!?Smt?z^OW??ځ?=?s\'\nB]#?Xt;ww???-$7{b??-ۭ폽qw;Sb?4?+kHRv?8\'.uٞ|~?S!f??Q3P{V?J\'qƸ{xF>B?ۇA\"i#sY|ҡvdi.?Ě.^?c?i\r}Mҟ[Z?\\h?G??.e~\'X?CV}	RJ!8ݥ\\pPK$@υ~?x?z{\\7(xV?/?d??`2p?Kr\rCWc?gz<x???Мəe\Zhw:ȕټ1?v&ZޱTf.&ˤ)bI?*F/?~~hqSx!7Kl%]y\\B?ΎIu^}	?#??\"MAs?W}SFU0\0mB7흈&y9?%?x=p?γ,M\rkn`	?,?oƙtbD?d퇞(jݮ|e玖\ZMٛQ?7??-Aٗv??}IMȵ:D?QYߴ/@H]D`hBT*xz5mB\\3ت?;d?XQq?ItT[BG\0	?矱)<^׿?	n`\n%?A`ԫw??8\0Gn<hR@S?>\Z[j|Cƺul?\\*:u^H?\Z!N3VWW#ض?X?{X2w?DX?RDEĨ?Im@ޭC\ZJfE YЙ?2?ؑvN	?j֙-yfD_:MRqwH@ݜ$uM??{UH?Þk#bt>`R#Z??C=?]iC%]4?\ZqJRGH\\?y)+PcT?G}\n qڥJD!\\T/\0p7*PX?f\'??Cu?g&s?\\z<{Gxx?ǋL[L?/?Fs7ʔ_j?X^?XFїK&@rۧ}h?OIH`	(BH`	4[Dy?a0?GVMN?\03?[Sf0u?@ch[b$ygfةco$?L?C/9$H?ȦQ?8Ē?qF( YuAڪR\\=<j?vHFjF0[]az&k$.?DiUv^m?Bbe+V\0]???}ia?gۗ\r(ξ?\"PU\\?_\\!_`jEQu?tټp{Zb^XS=:Y}XJf??:	ɲgԂD??Ws\\ǳCq???F[H?+zKA\nC?dٌC?#FPnK`J?~\'{l^=cuԝ??*]=,Bza3x\'Yn3nF??}N?m>?*GAg!yIP<1͕}T\'	{	?\0	?|_}WJA?oQ\Z@ ruc\'(\\Ӵ[\\3Ocr?X1C&	y ܲWH??Ӭtfrfg?R?b??;???p?gN\'?\"QfN?;ZV?M?o?&DվǇ	?ݼjǉI,coڈm??ܗzϾ;E+?ndYIy@??JĊkUîv?\\@??u:fF	h[ʸoRKFa!Ϛ&P^e$HOtԛgWlg;;?nC??<\n+SiGzF}5\'mHh2Ik\Zvy\Z?g?^?l?m(!鎨^??OX?2?6?uIwG?-?,i~hn?mL?=K?Y\n!dL?LKoR^tH i??駟{??\0	?pC:J<d[Nf<?Pތa?y(ؽ???nϏF9??g?5?WZԑM(b(w3|F{\0?+O0:q!h/~ܩf~Dft?\0x?7H?6Қ-9g?Ga?,~=WNg:_ޒŎ*vhWj?QtBDrrr]/ T+??@?G2?21?Bi)%{>\"8?f{{J3on(H\\]iz}ˮshjlIC8?kXE&G?~?|ύZ\Ze?vW??BXe?.\ZNiC<ֵ?o3G+{Oo{?2&???Yo?f??p?JØe/?møst?lkR&? ?[[[??._ꫯ0P,E?\0?W^rA?ECLBVHmd??ΧCr??|$N?_?uaiƹ?[\rD!I?yEmQWndu@ 5grT?҈jo?̴lR??w? R Q~??4	\ZV=	X[2]lv	TɸBxT\\k?lsЯL??eWN\rɦ޲|?P\\q?.\'KBmwzGmfKs*&Q?1?G?7떗I\n?TlJl~Gt?u?i???gDEWH2Ilf???3ӆ?<8\'?FNs?[2E?\rd?R4??#?L4b?\'䩓xY_?W(?IH	`W_M&wy^CXrqq?j]̭k?H`}Q2??7/~?U6j4yn71ᵽ@]?YQQ??a ^˫?ֈ+̷.M\\K?ֿ?֕C?`P?QnP@?BM?}]ýطξs?QfIuU1Fㅻ+^ҙ\'HL?H?u(Nsrm/f?v?9#?n?3!7Ez0c\"ωqҹ^f?$???\r{d?Q\'H?>eNԉDK>[);,B?-?%6?c.K?<J]Q??+ۢ?h5_&?\'?j?P}t{wH?\r5?YV?ٞ`[*/?yiB??`K?I\ZQ\'\\(EUmoh\0	?>x?\0*?O`lYոk6}7?jŁvǼl?uݒ-?uc;\Z\'5Fڎb1\Z@#G]?Е.Q_3E?MtbWЬ?zI5dAen?o?G?\Z??YumsQEG??DsZDG\\T??z/?H?At]?Ep8,/Z?VBq??wWp%ɉ?Ƚ?ƞش%Wnl?FbO$^X?hVp?Wg{cCv?8?W*W#!s?1\'@eP񓡯fIH}?ȡ>t;>P?a>qI/9nq|j|bj7Jf?ك~?~?z?n#7???wwAi_B$@M޽{o槟~?(XyMד`puP\r?|ba+od0?S2~TD??Q\'zl^myC?E~5f{g?eI)??W̢Y{C|E0)??CZ\\TjZiT?$ޏdS##a?0so?*?O5rB69+	J\\_e\n)aUOF?>ԛʦF?A??`:Ee?RN\"?0??znO?£ ?Q?MOuC?;?TI0A?\'i7!g3z?^c?vGZn1?kcQ??Nn7\'/&G2?ug\"k6և?%ㅇ~샊2uQ?%qE{٧AyRE:i?V?ڎa<%֥.?\\P8Rva[^^sύ???䌳?R? G\0???n?T8?1Uo?|jL?P?\0fQkvW&,?xwᣩvjJ???MmySfl?NÒ_3??h0y5??b>);KyχW!jQVT0?J!@_<ᤓd?iܒ2?1̮?MR??Oc#PșҽȨZm%?lOn\\k\"L????\'(Q?Z-t!7&C9??,UrL[/gT?Q:>N`?\\>Pnq\\|?ڮ? <fSV֩5jt7ؾt޳?pqcՒsӯS?b;ZKU!Kyz@6?BI:?h?o0wtHo?nPgA?>~?A!?򾏸ëR}EBl|eGd?.x_Ҝ9P^\Z?{Ϟ=+F^9Ç}H$?x//ICP%}?)m?`{,dYk?]6d^[?nbLy??EŖf?_ֆۉX:	,)ZK?TzرǏIHHH`?ºSu       X\0?@b       U&@*?u\'      X\0?@b       U&@*?u\'      X\0?@b       U&@*?u\'      X?		]$ûXmy?c{~$@$@$@$PNr.%x!?{ڔ!   ?	p˂HHHHHHH`U	-GIHHHHHH$@ǂHHHHHHH`U	-GIHHHHHH$@ǂHHHHHHH`U	-GIHHHHHH$@ǂHHHHHHH`U	-GIHHHHHH$ptLF$@$p???\Z?\0\0SIDAT믿|?Ai$@$@$@$@$@?\0??$@$	<}ÇG}?~_|K/q^nG$@$@$@$X?fI_~?nmm={޽{o[_???t\ZS!X{hg5l?bNotBj[?n?DJ???nK?۬?]&@T\"$	R$(\\($Dͳ<(K0\Z.*c<I6ê$UUv?J(\\M?rk\'\\_?8?=R9ʺ:i?p\\\Z\'Nw?itrb4B+~Y/BbnZ&?\n!?MN\"[nNR?rμN*??yMT>=-KH???(TFzYP(dp_NHI6IRl{]XT|Z-X#$;???r-0gKG?@$p??O~\\a???!X^?\0	\\YnNѸ?q8Ƹ<=0\"DGU??h3J:L2?VWjOͤԍN?Y&?q+N!b4|	7tR\n?bEJTVN*Ce_?N?Ď\"EvƵlϹNM?|ivI7	\0)Ov?nQ^Ew%?o	7R쎻n?_wL<_=]??.^E6VN8@ɳ=y_IpO|ǀ+8GI?JrdV]o?;tj?˰r\\%x?4N)6-\"$9{?@pzdW]9H?B?O۞819ۇA\"ʒ+,Ó/dµ?r<6輇\'?׊^\'	y\\A5L?F\rJ???HH?ww??LoƷ~Kshq	??\0|x8??`a?Ag:?A?`ܫF?Jaf+D&RM`W0dę_Af^ċ;~~h|&ڴi7b8ԠGnv[U???گbabi>eEz4?y݊,?MōYUx\ZmvZeh6?xTnsԐo[S?o7?j?i\"q?x-O\\Y<?a;J9ާ?yR?LcooX{EKNó6	.Z\r??77[yr0[K2or]ǜtܗ}2}1Yߴᎄr]?R^gejw?q?ICD?@ ?YU_{?GbN$psFz7f:q\\͕sxG%^ǿ?V\'$+=S+\r飣KDdyL凇?2F?ZB:lW^X)!76f;? N׆[??D?im?c(YЙ[Sn??AVYYT0?o|.\Z#}SĀ\\uBrD؂=d;?	A?i=k3CY>pϢF9TW$ό,Y<\rG?+1:glDZcJ&?VJ=>B?f:}\n?0G?ĳ??sǐy?jfAn??tJ\\lM2kT-(#7hNPԇ`xƜ(؁ĵ{?t\rY}??F?T\"y Uj?%?|?eB\\\\Z7wse<?O$@$@$@$@$@$@$@+L?Xƣ$@$@$@$@$@$@$@?cJLC$@$@$@$@$@$@$Xƣ$@$@$@$@$@$@$@?cJLC$@$@$@$@$@$@$Xƣ$@$@$@$@$@$@$@?cJLC$@$@$@$@$@$@$Xƣ$@$@$@$@$@$@$@?cJLC$@$@$@$@$@$@$Xƣ$@$@$@$@$@$@$@?cJLC$@$@$@$@$@$@$Xƣ$@$@$@$@$@$@$@?cJLC$@$@$@$@$@$@$^mէ$@$@$@$@$@$@$@$0?|3ɞ=$@	?>gr????e-IHHHև7|??c}5yN?}Jb1$L^z?\'=?	?\0	?\0	?\0	?L8?`?$?o\\;g@W^?dIHHH։{˿p\Z????c͒\0{??u!   XR1	@\ZeTF$@$@$@$@$@KG뷗I?	?\0	?\0	?\0	?\0	?\0	?\0	?fyR\Z	?\0	?\0	?\0	?\0	?\0	?\0	?c??\0	?\0	?\0	?\0	?\0	?\0	?\0	??n?\0	?\0	?\0	?\0	?\0	?\0	?\0	,?I?	?\0	?\0	?\0	?\0	?\0	?\0	?fyR\Z	?\0	?\0	?\0	?\0	?\0	?\0	?c??\0	?\0	?\0	?\0	?\0	?\0	?\0	??n?\0	?\0	?\0	?\0	?\0	?\0	?\0	,?I?	?\0	?\0	?\0	?\0	?\0	?\0	??דƬ\0\0\0\0IENDB`?\06\04\06\02\02\0C\0A\00\04\00\05\07\03\0D\03\0F\0B\0D\0B\0B\0C\0F\05\0C\03\0F\0B\04\0A\0B\07\05\02\06\07\0B\0F\0F\09\04\0C\0C\06\0D\09\08\04\0E\02\00\04\09\02\08\04\08\04\0F\03\08\0D\09\0C\0B\0A\09\09\0D\06\0D\01\07\03\02\0B\0D\0B\07\06\0E\06\06\0E\0A\0F\02\0E\09\0C\09\0F\09\07\01\03\09\03\0g{\0g{\03\0F\04\0C\07\0D\0E\00\04\06\09\03\07\05\02\0A\0D\0B\06\01\06\07\0F\07\0E\0B\04\0E\06\0B\02\0B\03\0F\06\0B\06\0A\0D\02\0F\0A\07\0A\04\07\0E\00\0F\02\03\0F\0E\0B\0D\09\0B\0B\08\0F\07\09\09\06\07\09\0A\07\09\02\07\0C\08\0E\0F\08\01\0C\05\05\06\0A\0D\0F\07\0D\0C\0E\0A\0C\0C\0B\0D\05\05\01\0E\09\0B\0E\07\0C\03\0F\00\00\01\0F\00\02\0A\0D\04\05\02\0F\01\0F\0C\07\0A\05\05\0A\05\02\0A\0C\0D\04\08\01\0B\0A\03\01\02\01\03\0B\0E\07\0A\02\09\0D\06\0F\0F\0C\0C\0E\03\0F\0D\05\0B\0A\0E\0C\0D\05\06\0A\03\0F\09\0D\0F\0B\03\06\03\0F\0E\0C\0E\03\03\05\09\0A\04\0C\03\0F\04\0C\09\0B\0C\09\03\0F\0F\09\07\0B\03\02\0F\09\0B\07\0B\04\09\02\01\0C\04\00\0D\05\0E\05\0B\0D\0D\0C\00\01\03\01\0A\0A\07\0C\04\07\03\0D\03\0B\0D\06\06\01\03\0F\05\01\09\0C\09\07\06\04\04\02\0C\0F\05\0D\0F\04\0A\03\03\02\03\0D\03\07\02\05\02\0B\04\0F\09\08\05\0A\08\07\0F\02\09\07\0D\01\0F\04\0F\05\01\03\03\00\0B\0D\0B\05\06\0E\06\06\0A\0D\09\03\0A\0C\0C\08\0D\0C\04\05\0C\07\0C\09\0A\00\05\04\01\0F\03\08\07\05\03\03\04\0A\07\0E\01\0B\0E\08\0A\0F\07\07\05\05\02\08\06\00\0F\09\07\0D\0E\0B\0D\09\0B\05\08\0F\03\0F\03\03\03\0F\03\0E\04\07\05\09\0D\0D\09\0A\0B\09\0E\0E\01\0B\0D\06\04\0B\03\0F\0F\0B\0F\01\07\03\01\06\0B\02\05\0C\03\0F\03\09\0C\03\07\0E\0C\05\07\03\06\08\00\03\09\09\09\0E\07\00\05\00\05\05\03\0F\05\05\05\0F\0E\01\06\0D\05\04\06\0B\0C\0D\0E\0A\0B\0A\0A\04\03\0F\0A\04\06\0F\03\0F\05\05\04\03\02\06\0E\06\0D\02\0E\0F\0F\0E\09\05\0C\0C\0D\0F\04\0F\05\0D\03\0F\01\0C\0D\04\04\0B\03\0F\03\00\02\09\05\03\03\03\0A\0A\0C\05\06\00\03\05\03\09\06\0C\04\0E\0C\08\05\0C\0F\0A\07\0A\05\01\03\06\09\06\09\03\06\0F\03\0F\05\03\07\02\0B\06\0C\0A\07\0A\08\0A\0B\0E\00\0E\07\07\03\0F\06\0D\0F\0D\05\00\07\0F\0A\0A\0B\0E\06\01\03\0F\06\04\0C\0A\05\04\04\0E\07\0A\0D\07\07\02\07\02\08\02\05\08\09\0D\0D\0B\07\09\04\0F\09\0D\06\04\04\0E\0A\0E\0C\08\0D\04\0C\05\04\0B\07\02\02\0E\02\0D\05\0C\0F\05\05\01\05\0B\03\04\05\07\03\0F\0F\0D\0A\0E\0E\0D\0E\0B\0B\06\0D\0D\06\02\0D\04\0C\0D\09\06\08\0D\03\05\06\0D\01\0B\0E\08\0A\0F\03\0B\02\0B\01\04\0B\0E\0F\0C\0C\0E\0F\05\06\0C\0D\0B\07\06\0E\01\0C\0B\0C\0C\0E\07\08\08\0C\0F\05\01\05\06\0B\07\0D\01\0E\09\07\03\07\02\06\09\03\0A\07\00\07\01\00\0D\0F\06\0E\03\03\0F\0D\04\0E\00\07\0F\0C\0E\0B\00\05\0F\0D\01\04\02\0E\0B\09\01\0E\0F\07\0A\0D\00\09\05\03\0F\04\0A\07\0A\0E\03\0C\00\0B\0C\06\04\03\0F\06\09\09\0F\0A\0D\06\0C\09\08\06\0A\08\01\05\01\0F\0D\0E\0B\0B\06\06\0F\0F\04\04\08\00\0E\07\0A\05\09\06\0B\03\0F\05\0D\03\0F\07\0C\03\0F\03\0F\09\0D\07\0A\01\04\04\0C\0A\01\04\0B\07\02\0E\09\06\05\0D\03\0D\0C\0F\0C\0A\03\03\0A\0E\0B\0B\0B\05\0B\02\0E\03\0F\03\0F\02\0B\03\0B\08\0F\0A\0C\04\09\08\0E\08\05\0B\02\0B\02\03\0F\08\0D\0A\00\06\0B\0A\03\05\0A\0F\09\04\05\0E\0B\09\09\05\0F\06\07\00\01\02\06\04\0F\0C\0D\0C\09\0C\06\07\0C\0E\0E\0B\01\03\0F\0E\09\0A\05\0C\0E\09\0D\0D\06\0A\0F\03\0F\04\07\0A\0B\08\07\06\09\03\0F\04\09\05\0D\0E\07\06\0D\02\0D\04\06\0E\09\04\0D\01\0A\0F\09\09\0B\02\0A\09\02\07\05\0D\03\07\01\05\03\08\07\06\0A\0C\01\09\03\03\0F\06\08\0F\0D\07\05\06\0E\03\06\0C\09\08\00\0F\0C\06\05\04\0F\0F\0D\07\05\08\07\0D\00\0E\05\07\07\0A\0D\06\07\0D\07\0B\06\07\03\02\0D\0B\03\08\0E\03\0F\09\0F\0A\03\02\0A\0E\0C\0C\07\0C\0F\09\09\07\07\0B\09\07\02\00\06\0F\09\07\03\08\06\07\0D\08\0D\04\00\0E\0B\05\01\03\0F\00\07\0C\01\0E\03\0B\06\06\0E\0C\0E\0D\08\06\08\05\0F\02\06\09\0A\09\07\07\0C\0F\0F\0A\08\0C\0E\06\01\0C\07\0D\03\00\0E\0F\0F\0D\09\08\01\05\06\01\0B\09\06\07\06\0B\08\0C\0F\06\0E\0E\0E\09\08\09\04\05\03\07\03\00\0D\05\09\03\02\03\0F\06\03\05\04\0A\06\0C\0F\03\0F\06\01\0A\05\0A\0D\00\04\00\01\0E\01\0A\02\03\0F\07\00\0F\0E\0E\04\03\0F\0A\0F\05\0D\0E\0B\04\07\09\0D\07\09\05\07\07\07\0F\0A\0F\09\0A\09\06\0F\0F\0E\0C\09\04\0B\0F\07\09\0D\0C\0A\0D\06\03\0F\0F\05\0D\04\00\0F\03\0F\0E\05\04\0C\0C\0B\0B\09\0B\04\0B\0F\09\08\06\09\0F\0D\09\0A\0C\07\09\0F\09\0B\0C\0B\0F\05\07\00\04\0C\01\0F\0E\09\0B\03\07\03\01\09\06\0F\07\01\0E\02\0B\0C\0F\0B\0B\01\05\02\0F\0A\0F\04\0A\0E\0B\0A\06\09\0D\06\09\0E\05\00\02\07\0F\00\0D\05\09\0D\0B\0A\03\0F\02\09\04\0E\09\0E\06\0D\0D\0D\0E\04\09\01\0B\0D\07\0F\07\02\05\0D\06\06\07\07\0D\0D\0A\09\09\0D\0E\0F\04\07\0D\09\0F\09\07\0A\06\07\0D\0B\0B\04\03\0F\03\0F\04\0F\07\0F\03\0F\05\0D\07\0E\0E\07\07\0A\0B\06\06\0F\03\0B\03\0F\00\0B\09\0F\0A\03\01\04\09\0F\0A\03\0A\08\0C\0F\09\01\04\09\07\0E\09\0D\0E\0E\0C\07\0C\0F\09\09\06\0F\0B\09\0F\0A\03\0F\0D\03\0F\07\07\09\0D\0F\06\0B\0E\0C\04\0F\04\03\05\0B\08\09\07\0E\05\07\02\02\09\04\0A\0A\0E\0A\0F\05\0E\0B\0D\07\0E\05\0C\08\03\0F\0F\0D\0A\0E\08\0A\0F\01\03\0F\00\0C\02\0E\07\05\00\09\07\01\05\0E\03\0F\03\0F\01\0E\01\00\03\0D\0A\09\09\0B\06\0A\08\01\05\09\09\0C\09\00\08\0B\0D\09\04\09\04\0A\07\0F\0D\0D\05\0C\09\06\08\05\0E\04\0C\04\07\0B\07\06\00\00\03\0F\00\06\0C\07\0B\0E\0F\0F\01\0C\0F\09\0F\00\03\09\0A\0B\0B\0D\0C\0D\0C\0D\04\0D\01\09\01\09\01\09\09\01\04\03\03\0F\0C\09\0F\00\0F\00\0B\00\00\0C\00\0D\00\0D\0F\05\0B\0B\04\0A\00\08\04\04\00\0B\06\0D\04\01\09\05\07\07\03\0B\04\00\05\07\03\0F\07\01\0C\07\04\0B\0F\0E\05\02\05\01\0B\07\0F\04\0A\02\06\0E\0E\09\0D\0D\0D\03\0B\03\03\0F\01\07\0E\0D\07\05\07\03\07\05\05\0D\02\06\04\02\05\0A\0F\04\0B\00\0A\0F\0E\0D\0F\07\0C\0F\03\0F\03\0F\03\0F\00\08\0B\04\0D\08\02\07\03\0F\03\0F\0B\0F\05\04\0D\04\04\0D\05\0D\0A\0E\05\0B\07\03\05\09\01\06\03\07\07\02\08\0F\0C\0B\0D\01\05\0F\03\0F\00\03\06\07\00\0D\03\0F\00\05\07\04\0F\0B\0F\08\07\03\0E\04\0C\03\03\0F\03\0F\03\0F\00\00\00\00\00\00\00\08\05\0D\00\0E\0E\0A\08\0C\01\06\05\0A\00\00\00\00\00\00\03\0F\03\0F\00\00\00\00\00\00\0B\05\04\06\03\0F\00\00\00\00\04\00\03\0F\06\08\00\01\00\00\00\00\05\00\06\0B\00\04\05\0A\00\00\00\00\00\00\03\0F\03\0F\00\00\00\00\00\00\0B\05\04\06\03\0F\00\00\00\00\04\00\03\0F\06\08\00\01\00\00\00\00\05\00\06\0B\00\04\05\0A\00\00\00\00\00\00\03\0F\03\0F\00\00\00\00\00\00\0B\05\04\06\0A\00\08\0D\0B\00\0B\08\0B\08\0D\08\09\03\06\09\03\0F\09\09\05\07\06\0C\07\0D\0F\04\0F\01\07\0D\0A\0F\0F\0B\0A\09\05\0B\07\05\03\01\03\0F\04\08\03\0F\00\00\0C\00\07\0E\03\07\0D\0C\0E\0F\00\0A\0E\0C\06\05\02\0A\0F\04\0C\0C\0C\0E\0C\0E\07\0A\03\0F\03\0F\03\0F\09\0D\0F\0E\0B\0E\06\0F\03\0F\0F\03\0C\0C\03\0F\02\0B\03\0F\06\0A\0C\03\0E\06\07\03\04\0D\0B\0E\07\05\03\0F\0B\09\0E\07\0D\08\07\0B\0E\04\0C\01\09\08\04\0A\03\04\09\0F\09\05\02\07\02\0F\03\0F\0C\07\06\06\0A\07\0E\05\06\08\0C\0C\07\04\00\06\0A\01\0E\0B\05\0B\05\0F\09\0E\0F\0C\07\04\0D\09\0B\00\06\02\03\0F\07\02\01\0D\0A\04\0C\0B\07\0E\04\05\06\0E\0B\06\05\0F\08\0E\09\0D\09\08\09\05\0E\09\0E\0D\09\05\0D\00\09\04\06\07\09\0F\0B\0C\02\00\05\07\0D\02\08\01\06\03\07\02\0A\02\06\03\0F\0D\05\08\08\06\05\0D\05\0D\09\06\0C\05\06\07\06\0E\0E\0C\09\0A\0C\0D\0E\01\03\0F\09\05\0C\07\01\0E\01\0E\03\05\05\05\0A\00\09\0A\07\02\05\0C\0C\0B\0A\01\00\0D\04\0B\00\0A\09\01\04\07\01\0F\07\0B\05\08\04\0C\03\0F\00\00\0C\00\08\04\04\00\03\0F\03\0F\03\0F\03\0E\03\0F\0F\02\0D\03\09\08\04\02\05\00\06\08\04\00\03\0F\02\0B\03\0D\0E\0C\0B\0A\0A\06\0D\07\0C\03\09\09\06\0F\09\09\0B\02\0D\07\0B\06\0F\09\07\05\0D\0B\0D\05\05\05\01\05\07\06\0C\06\09\0C\0E\03\0E\04\04\03\0B\07\0A\0F\06\0E\03\01\05\0F\03\02\04\0C\0E\05\0D\0A\0F\0E\0A\0E\0D\0E\05\05\05\09\04\0E\08\02\0D\0E\03\0D\04\09\0F\08\07\0B\04\0C\08\05\0B\0F\03\04\04\04\03\0E\02\09\0C\0F\0D\0E\0F\0F\09\08\0A\08\0C\0C\07\08\07\05\03\09\00\09\09\0A\0F\07\09\0C\09\00\0D\09\06\04\0E\00\0D\05\0E\05\04\05\07\09\06\06\0F\09\0A\0A\01\0C\06\0D\0A\07\04\04\0E\0B\0B\00\0A\03\0D\03\03\02\03\0F\05\06\09\00\09\06\02\09\07\02\03\0F\06\06\03\0F\0C\07\0B\0D\01\0C\0B\02\0F\09\0A\02\0D\0C\01\0C\04\0B\03\0F\05\0D\0F\06\0E\0B\00\0A\00\00\06\00\03\0F\03\0F\09\08\0C\02\06\0A\04\0C\03\0F\0F\01\0B\05\01\00\03\0F\02\04\03\0D\07\08\09\09\08\06\09\09\08\02\0A\0E\06\09\01\0E\0B\06\05\06\0C\07\0D\00\0F\09\07\05\02\0D\03\0F\0E\01\0E\07\09\09\05\07\00\0E\0C\0B\06\01\03\0F\0F\09\0E\05\00\09\00\0D\0B\05\0A\01\06\0C\06\01\03\0E\0F\0B\06\0F\05\07\08\03\0F\0D\0D\05\07\05\0B\09\0A\01\05\0A\02\0B\0B\03\09\0C\07\07\03\0F\00\0F\05\0D\03\0F\02\0F\06\0E\02\06\07\0F\08\0F\05\0E\09\05\0F\05\01\0B\08\07\0E\05\0A\01\0F\06\0C\00\0A\03\08\0D\08\07\0E\04\0F\02\08\05\0F\05\02\04\03\0A\01\0E\04\0D\0F\0E\0E\07\0','0','1','2018-12-06 16:45:03','4'),('fea576b0d79d42b6a6f1939c6e9e04gs','defaultTemplate','默认模版_2','1','business/assess/template/defaultTemplate.jsp',NULL,'0','1','2018-12-06 16:45:03','4');

/*Data for the table `t_kb_subject_assess_standard` */

insert  into `t_kb_subject_assess_standard`(`sa_standard_id`,`aq_subject_id`,`sas_highest_score`,`sas_lowest_score`,`sas_grade`,`sas_grade_desc`,`is_valid`,`operate_person`,`operate_time`,`orgid`) values ('6c264e919c3b449090e96fd6e48d04gs','baaac0762f464964a89a3ea943a304gs','12.00','1.00','1','11','0','1','2018-12-06 16:45:03','4'),('c4c9667ddba54248ae362db70d0404gs','1d43ee1a11f845e8a680be4bc52e04gs','12.00','1.00','2','2','0','1','2018-12-06 16:45:03','4'),('fa3bbdb4f5b243f490f19318796604gs','9db5bb979bb449229de6d7100eda04gs','100.00','5.10','1','ces','0','1','2018-12-06 16:45:03','4');

/*Data for the table `t_kb_subject_result` */

/*Data for the table `t_kb_subject_rule` */

/*!40101 SET SQL_MODE=@OLD_SQL_MODE */;
/*!40014 SET UNIQUE_CHECKS=@OLD_UNIQUE_CHECKS */;
/*!40111 SET SQL_NOTES=@OLD_SQL_NOTES */;
SET FOREIGN_KEY_CHECKS = 1;