/*
Navicat MySQL Data Transfer

Source Server         : 智慧养老V4.2.0初始化数据
Source Server Version : 50623
Source Host           : 192.168.7.252:3606
Source Database       : ec_business_v3_test
Target Server Type    : MYSQL
Target Server Version : 50623
File Encoding         : 65001

Date: 2018-11-07 19:54:25
*/
-- ----------------------------

SET FOREIGN_KEY_CHECKS=0;

-- 内置服务类别
-- ----------------------------
INSERT INTO `tb_service_category` (`service_category_code`, `service_category_name`, `business_type`, `maintenance_type`, `valid_flag`, `institution_id`) VALUES ('1', '医疗护理', '0', '0', '0', '0');
INSERT INTO `tb_service_category` (`service_category_code`, `service_category_name`, `business_type`, `maintenance_type`, `valid_flag`, `institution_id`) VALUES ('23', '其他上门服务', '1', '0', '0', '0');
INSERT INTO `tb_service_category` (`service_category_code`, `service_category_name`, `business_type`, `maintenance_type`, `valid_flag`, `institution_id`) VALUES ('22', '其他护理服务', '0', '0', '0', '0');
INSERT INTO `tb_service_category` (`service_category_code`, `service_category_name`, `business_type`, `maintenance_type`, `valid_flag`, `institution_id`) VALUES ('21', '送餐', '2', '0', '0', '0');
INSERT INTO `tb_service_category` (`service_category_code`, `service_category_name`, `business_type`, `maintenance_type`, `valid_flag`, `institution_id`) VALUES ('14', '功能维护', '1', '0', '0', '0');
INSERT INTO `tb_service_category` (`service_category_code`, `service_category_name`, `business_type`, `maintenance_type`, `valid_flag`, `institution_id`) VALUES ('13', '风险防范', '1', '0', '0', '0');
INSERT INTO `tb_service_category` (`service_category_code`, `service_category_name`, `business_type`, `maintenance_type`, `valid_flag`, `institution_id`) VALUES ('12', '非治疗性照护', '1', '0', '0', '0');
INSERT INTO `tb_service_category` (`service_category_code`, `service_category_name`, `business_type`, `maintenance_type`, `valid_flag`, `institution_id`) VALUES ('11', '生活照料', '1', '0', '0', '0');
INSERT INTO `tb_service_category` (`service_category_code`, `service_category_name`, `business_type`, `maintenance_type`, `valid_flag`, `institution_id`) VALUES ('2', '个人卫生', '0', '0', '0', '0');
INSERT INTO `tb_service_category` (`service_category_code`, `service_category_name`, `business_type`, `maintenance_type`, `valid_flag`, `institution_id`) VALUES ('3', '常规照顾', '0', '0', '0', '0');
INSERT INTO `tb_service_category` (`service_category_code`, `service_category_name`, `business_type`, `maintenance_type`, `valid_flag`, `institution_id`) VALUES ('4', '康复护理', '0', '0', '0', '0');
INSERT INTO `tb_service_category` (`service_category_code`, `service_category_name`, `business_type`, `maintenance_type`, `valid_flag`, `institution_id`) VALUES ('5', '日常清洁', '0', '0', '0', '0');
INSERT INTO `tb_service_category` (`service_category_code`, `service_category_name`, `business_type`, `maintenance_type`, `valid_flag`, `institution_id`) VALUES ('6', '生活状况', '0', '0', '0', '0');
-- ----------------------------
-- 内置服务项目
-- ----------------------------
INSERT INTO `tb_service_item` (`service_item_id`, `business_type`, `serviceitem_category_code`, `service_item_name`, `service_item_code`, `working_hours`, `service_price`, `monthly_price`, `subsidy_type`, `maintenance_type`, `service_content`, `status`, `service_standards`, `valid_flag`, `create_time`, `update_time`, `operate_man`, `operate_reason`, `institution_id`, `slv`, `spbm`) VALUES ('f941684b888c4cac8788b54727e91c38', '0', '2', '清洗假牙', 'qxjy', '0.45', '10.00', '50.00', '0', '0', '清洗假牙', '1', '', '0', '2017-12-26 18:56:07', '2018-01-31 18:08:23', 'xzhyl_admin', 'update', '4', NULL, NULL);
INSERT INTO `tb_service_item` (`service_item_id`, `business_type`, `serviceitem_category_code`, `service_item_name`, `service_item_code`, `working_hours`, `service_price`, `monthly_price`, `subsidy_type`, `maintenance_type`, `service_content`, `status`, `service_standards`, `valid_flag`, `create_time`, `update_time`, `operate_man`, `operate_reason`, `institution_id`, `slv`, `spbm`) VALUES ('347cbd8968fb4a428ea623a9580c22c4', '0', '1', '血压脉搏', 'xymb_ns', '0.50', '10.00', '100.00', '0', '0', '测量血压', '1', NULL, '0', '2017-12-25 18:14:45', '2017-12-27 14:19:02', 'zhyl_admin', 'update', '2', NULL, NULL);
INSERT INTO `tb_service_item` (`service_item_id`, `business_type`, `serviceitem_category_code`, `service_item_name`, `service_item_code`, `working_hours`, `service_price`, `monthly_price`, `subsidy_type`, `maintenance_type`, `service_content`, `status`, `service_standards`, `valid_flag`, `create_time`, `update_time`, `operate_man`, `operate_reason`, `institution_id`, `slv`, `spbm`) VALUES ('cdf34fcaeaef11e7a0f90242ac110004', '0', '1', '心跳量度', 'xtld_ns', '0.45', '10.00', '50.00', '0', '0', '心跳量度', '1', NULL, '0', '2017-12-26 18:56:07', '2017-12-27 14:18:56', 'zhyl_admin', 'update', '2', NULL, NULL);
INSERT INTO `tb_service_item` (`service_item_id`, `business_type`, `serviceitem_category_code`, `service_item_name`, `service_item_code`, `working_hours`, `service_price`, `monthly_price`, `subsidy_type`, `maintenance_type`, `service_content`, `status`, `service_standards`, `valid_flag`, `create_time`, `update_time`, `operate_man`, `operate_reason`, `institution_id`, `slv`, `spbm`) VALUES ('cdf4080aeaef11e7a0f90242ac110004', '0', '1', '餐后血糖', 'chxt_ns', '0.45', '10.00', '50.00', '0', '0', '餐后血糖', '1', NULL, '0', '2017-12-26 18:56:07', '2017-12-27 14:18:56', 'zhyl_admin', 'update', '2', NULL, NULL);
INSERT INTO `tb_service_item` (`service_item_id`, `business_type`, `serviceitem_category_code`, `service_item_name`, `service_item_code`, `working_hours`, `service_price`, `monthly_price`, `subsidy_type`, `maintenance_type`, `service_content`, `status`, `service_standards`, `valid_flag`, `create_time`, `update_time`, `operate_man`, `operate_reason`, `institution_id`, `slv`, `spbm`) VALUES ('cdf653cbeaef11e7a0f90242ac110004', '0', '1', '更换尿袋', 'ghnd_ns', '0.45', '10.00', '50.00', '0', '0', '更换尿袋', '1', NULL, '0', '2017-12-26 18:56:07', '2017-12-27 14:18:56', 'zhyl_admin', 'update', '2', NULL, NULL);
INSERT INTO `tb_service_item` (`service_item_id`, `business_type`, `serviceitem_category_code`, `service_item_name`, `service_item_code`, `working_hours`, `service_price`, `monthly_price`, `subsidy_type`, `maintenance_type`, `service_content`, `status`, `service_standards`, `valid_flag`, `create_time`, `update_time`, `operate_man`, `operate_reason`, `institution_id`, `slv`, `spbm`) VALUES ('cdf6d5cdeaef11e7a0f90242ac110004', '0', '1', '更换尿管', 'ghng_ns', '0.45', '10.00', '50.00', '0', '0', '更换尿管', '1', NULL, '0', '2017-12-26 18:56:07', '2017-12-27 14:18:56', 'zhyl_admin', 'update', '2', NULL, NULL);
INSERT INTO `tb_service_item` (`service_item_id`, `business_type`, `serviceitem_category_code`, `service_item_name`, `service_item_code`, `working_hours`, `service_price`, `monthly_price`, `subsidy_type`, `maintenance_type`, `service_content`, `status`, `service_standards`, `valid_flag`, `create_time`, `update_time`, `operate_man`, `operate_reason`, `institution_id`, `slv`, `spbm`) VALUES ('cdf75d33eaef11e7a0f90242ac110004', '0', '1', '更换胃管', 'ghwg_ns', '0.45', '10.00', '50.00', '0', '0', '更换胃管', '1', NULL, '0', '2017-12-26 18:56:07', '2017-12-27 14:18:56', 'zhyl_admin', 'update', '2', NULL, NULL);
INSERT INTO `tb_service_item` (`service_item_id`, `business_type`, `serviceitem_category_code`, `service_item_name`, `service_item_code`, `working_hours`, `service_price`, `monthly_price`, `subsidy_type`, `maintenance_type`, `service_content`, `status`, `service_standards`, `valid_flag`, `create_time`, `update_time`, `operate_man`, `operate_reason`, `institution_id`, `slv`, `spbm`) VALUES ('cdf87405eaef11e7a0f90242ac110004', '0', '1', '呼吸量度', 'hxld_ns', '0.45', '10.00', '50.00', '0', '0', '呼吸量度', '1', NULL, '0', '2017-12-26 18:56:07', '2017-12-27 14:18:56', 'zhyl_admin', 'update', '2', NULL, NULL);
INSERT INTO `tb_service_item` (`service_item_id`, `business_type`, `serviceitem_category_code`, `service_item_name`, `service_item_code`, `working_hours`, `service_price`, `monthly_price`, `subsidy_type`, `maintenance_type`, `service_content`, `status`, `service_standards`, `valid_flag`, `create_time`, `update_time`, `operate_man`, `operate_reason`, `institution_id`, `slv`, `spbm`) VALUES ('cdf8ec5beaef11e7a0f90242ac110004', '0', '1', '空腹血糖', 'kfxt_ns', '0.45', '10.00', '50.00', '0', '0', '空腹血糖', '1', NULL, '0', '2017-12-26 18:56:07', '2017-12-27 14:18:56', 'zhyl_admin', 'update', '2', NULL, NULL);
INSERT INTO `tb_service_item` (`service_item_id`, `business_type`, `serviceitem_category_code`, `service_item_name`, `service_item_code`, `working_hours`, `service_price`, `monthly_price`, `subsidy_type`, `maintenance_type`, `service_content`, `status`, `service_standards`, `valid_flag`, `create_time`, `update_time`, `operate_man`, `operate_reason`, `institution_id`, `slv`, `spbm`) VALUES ('cdf975e5eaef11e7a0f90242ac110004', '0', '1', '体温量度', 'twld_ns', '0.45', '10.00', '50.00', '0', '0', '体温量度', '1', NULL, '0', '2017-12-26 18:56:07', '2017-12-27 14:18:56', 'zhyl_admin', 'update', '2', NULL, NULL);
INSERT INTO `tb_service_item` (`service_item_id`, `business_type`, `serviceitem_category_code`, `service_item_name`, `service_item_code`, `working_hours`, `service_price`, `monthly_price`, `subsidy_type`, `maintenance_type`, `service_content`, `status`, `service_standards`, `valid_flag`, `create_time`, `update_time`, `operate_man`, `operate_reason`, `institution_id`, `slv`, `spbm`) VALUES ('cdf9e5cdeaef11e7a0f90242ac110004', '0', '1', '血氧测量', 'xycl_ns', '0.45', '10.00', '50.00', '0', '0', '血氧测量', '1', NULL, '0', '2017-12-26 18:56:07', '2017-12-27 14:18:56', 'zhyl_admin', 'update', '2', NULL, NULL);
INSERT INTO `tb_service_item` (`service_item_id`, `business_type`, `serviceitem_category_code`, `service_item_name`, `service_item_code`, `working_hours`, `service_price`, `monthly_price`, `subsidy_type`, `maintenance_type`, `service_content`, `status`, `service_standards`, `valid_flag`, `create_time`, `update_time`, `operate_man`, `operate_reason`, `institution_id`, `slv`, `spbm`) VALUES ('cdfa7befeaef11e7a0f90242ac110004', '0', '2', '穿衣服务', 'cyfw', '0.45', '10.00', '50.00', '0', '0', '穿衣服务', '1', NULL, '0', '2017-12-26 18:56:07', '2017-12-27 14:18:56', 'zhyl_admin', 'update', '2', NULL, NULL);
INSERT INTO `tb_service_item` (`service_item_id`, `business_type`, `serviceitem_category_code`, `service_item_name`, `service_item_code`, `working_hours`, `service_price`, `monthly_price`, `subsidy_type`, `maintenance_type`, `service_content`, `status`, `service_standards`, `valid_flag`, `create_time`, `update_time`, `operate_man`, `operate_reason`, `institution_id`, `slv`, `spbm`) VALUES ('cdfbecfeeaef11e7a0f90242ac110004', '0', '2', '剪指趾甲', 'jzzj', '0.45', '10.00', '50.00', '0', '0', '剪指趾甲', '1', NULL, '0', '2017-12-26 18:56:07', '2017-12-27 14:18:56', 'zhyl_admin', 'update', '2', NULL, NULL);
INSERT INTO `tb_service_item` (`service_item_id`, `business_type`, `serviceitem_category_code`, `service_item_name`, `service_item_code`, `working_hours`, `service_price`, `monthly_price`, `subsidy_type`, `maintenance_type`, `service_content`, `status`, `service_standards`, `valid_flag`, `create_time`, `update_time`, `operate_man`, `operate_reason`, `institution_id`, `slv`, `spbm`) VALUES ('cdfc8f1aeaef11e7a0f90242ac110004', '0', '2', '口腔清洁', 'kqqj', '0.45', '10.00', '50.00', '0', '0', '口腔清洁', '1', NULL, '0', '2017-12-26 18:56:07', '2017-12-27 14:18:56', 'zhyl_admin', 'update', '2', NULL, NULL);
INSERT INTO `tb_service_item` (`service_item_id`, `business_type`, `serviceitem_category_code`, `service_item_name`, `service_item_code`, `working_hours`, `service_price`, `monthly_price`, `subsidy_type`, `maintenance_type`, `service_content`, `status`, `service_standards`, `valid_flag`, `create_time`, `update_time`, `operate_man`, `operate_reason`, `institution_id`, `slv`, `spbm`) VALUES ('cdfd0ea0eaef11e7a0f90242ac110004', '0', '2', '理发', 'lf', '0.45', '10.00', '50.00', '0', '0', '理发', '1', NULL, '0', '2017-12-26 18:56:07', '2017-12-27 14:18:56', 'zhyl_admin', 'update', '2', NULL, NULL);
INSERT INTO `tb_service_item` (`service_item_id`, `business_type`, `serviceitem_category_code`, `service_item_name`, `service_item_code`, `working_hours`, `service_price`, `monthly_price`, `subsidy_type`, `maintenance_type`, `service_content`, `status`, `service_standards`, `valid_flag`, `create_time`, `update_time`, `operate_man`, `operate_reason`, `institution_id`, `slv`, `spbm`) VALUES ('cdfd8103eaef11e7a0f90242ac110004', '0', '2', '沐浴照顾', 'myzg', '0.45', '10.00', '50.00', '0', '0', '沐浴照顾', '1', NULL, '0', '2017-12-26 18:56:07', '2017-12-27 14:18:56', 'zhyl_admin', 'update', '2', NULL, NULL);
INSERT INTO `tb_service_item` (`service_item_id`, `business_type`, `serviceitem_category_code`, `service_item_name`, `service_item_code`, `working_hours`, `service_price`, `monthly_price`, `subsidy_type`, `maintenance_type`, `service_content`, `status`, `service_standards`, `valid_flag`, `create_time`, `update_time`, `operate_man`, `operate_reason`, `institution_id`, `slv`, `spbm`) VALUES ('cdfdf21feaef11e7a0f90242ac110004', '0', '2', '起床梳洗', 'qcsx', '0.45', '10.00', '50.00', '0', '0', '起床梳洗', '1', NULL, '0', '2017-12-26 18:56:07', '2017-12-27 14:18:56', 'zhyl_admin', 'update', '2', NULL, NULL);
INSERT INTO `tb_service_item` (`service_item_id`, `business_type`, `serviceitem_category_code`, `service_item_name`, `service_item_code`, `working_hours`, `service_price`, `monthly_price`, `subsidy_type`, `maintenance_type`, `service_content`, `status`, `service_standards`, `valid_flag`, `create_time`, `update_time`, `operate_man`, `operate_reason`, `institution_id`, `slv`, `spbm`) VALUES ('a8ab815feaec11e7a0f90242ac110004', '0', '3', '测量体温', 'cltw', '0.45', '10.00', '50.00', '0', '0', '测量体温', '1', NULL, '0', '2017-12-26 18:56:07', '2017-12-27 14:18:56', 'zhyl_admin', 'update', '2', NULL, NULL);
INSERT INTO `tb_service_item` (`service_item_id`, `business_type`, `serviceitem_category_code`, `service_item_name`, `service_item_code`, `working_hours`, `service_price`, `monthly_price`, `subsidy_type`, `maintenance_type`, `service_content`, `status`, `service_standards`, `valid_flag`, `create_time`, `update_time`, `operate_man`, `operate_reason`, `institution_id`, `slv`, `spbm`) VALUES ('a8ab85a0eaec11e7a0f90242ac110004', '0', '3', '测量体重', 'cltz', '0.45', '10.00', '50.00', '0', '0', '测量体重', '1', NULL, '0', '2017-12-26 18:56:07', '2017-12-27 14:18:56', 'zhyl_admin', 'update', '2', NULL, NULL);
INSERT INTO `tb_service_item` (`service_item_id`, `business_type`, `serviceitem_category_code`, `service_item_name`, `service_item_code`, `working_hours`, `service_price`, `monthly_price`, `subsidy_type`, `maintenance_type`, `service_content`, `status`, `service_standards`, `valid_flag`, `create_time`, `update_time`, `operate_man`, `operate_reason`, `institution_id`, `slv`, `spbm`) VALUES ('a8ab86aaeaec11e7a0f90242ac110004', '0', '3', '更换尿片', 'ghnp', '0.45', '10.00', '50.00', '0', '0', '更换尿片', '1', NULL, '0', '2017-12-26 18:56:07', '2017-12-27 14:18:56', 'zhyl_admin', 'update', '2', NULL, NULL);
INSERT INTO `tb_service_item` (`service_item_id`, `business_type`, `serviceitem_category_code`, `service_item_name`, `service_item_code`, `working_hours`, `service_price`, `monthly_price`, `subsidy_type`, `maintenance_type`, `service_content`, `status`, `service_standards`, `valid_flag`, `create_time`, `update_time`, `operate_man`, `operate_reason`, `institution_id`, `slv`, `spbm`) VALUES ('a8ab8782eaec11e7a0f90242ac110004', '0', '3', '鼻饲', 'gsyy', '0.45', '10.00', '50.00', '0', '0', '鼻饲老人', '1', NULL, '0', '2017-12-26 18:56:07', '2017-12-27 14:18:56', 'zhyl_admin', 'update', '2', NULL, NULL);
INSERT INTO `tb_service_item` (`service_item_id`, `business_type`, `serviceitem_category_code`, `service_item_name`, `service_item_code`, `working_hours`, `service_price`, `monthly_price`, `subsidy_type`, `maintenance_type`, `service_content`, `status`, `service_standards`, `valid_flag`, `create_time`, `update_time`, `operate_man`, `operate_reason`, `institution_id`, `slv`, `spbm`) VALUES ('a8ab8946eaec11e7a0f90242ac110004', '0', '3', '尿液检测', 'nyjc', '0.45', '10.00', '50.00', '0', '0', '尿液检测', '1', NULL, '0', '2017-12-26 18:56:07', '2017-12-27 14:18:56', 'zhyl_admin', 'update', '2', NULL, NULL);
INSERT INTO `tb_service_item` (`service_item_id`, `business_type`, `serviceitem_category_code`, `service_item_name`, `service_item_code`, `working_hours`, `service_price`, `monthly_price`, `subsidy_type`, `maintenance_type`, `service_content`, `status`, `service_standards`, `valid_flag`, `create_time`, `update_time`, `operate_man`, `operate_reason`, `institution_id`, `slv`, `spbm`) VALUES ('a8ab8a48eaec11e7a0f90242ac110004', '0', '3', '协助就餐', 'ptyy', '0.45', '10.00', '50.00', '0', '0', '护理老人', '1', NULL, '0', '2017-12-26 18:56:07', '2017-12-27 14:18:56', 'zhyl_admin', 'update', '2', NULL, NULL);
INSERT INTO `tb_service_item` (`service_item_id`, `business_type`, `serviceitem_category_code`, `service_item_name`, `service_item_code`, `working_hours`, `service_price`, `monthly_price`, `subsidy_type`, `maintenance_type`, `service_content`, `status`, `service_standards`, `valid_flag`, `create_time`, `update_time`, `operate_man`, `operate_reason`, `institution_id`, `slv`, `spbm`) VALUES ('a8ab8b11eaec11e7a0f90242ac110004', '0', '3', '如厕', 'rc', '0.45', '10.00', '50.00', '0', '0', '如厕', '1', NULL, '0', '2017-12-26 18:56:07', '2017-12-27 14:18:56', 'zhyl_admin', 'update', '2', NULL, NULL);
INSERT INTO `tb_service_item` (`service_item_id`, `business_type`, `serviceitem_category_code`, `service_item_name`, `service_item_code`, `working_hours`, `service_price`, `monthly_price`, `subsidy_type`, `maintenance_type`, `service_content`, `status`, `service_standards`, `valid_flag`, `create_time`, `update_time`, `operate_man`, `operate_reason`, `institution_id`, `slv`, `spbm`) VALUES ('a8ab8c96eaec11e7a0f90242ac110004', '0', '3', '卧床转身', 'wczs', '0.45', '10.00', '50.00', '0', '0', '卧床转身', '1', NULL, '0', '2017-12-26 18:56:07', '2017-12-27 14:18:56', 'zhyl_admin', 'update', '2', NULL, NULL);
INSERT INTO `tb_service_item` (`service_item_id`, `business_type`, `serviceitem_category_code`, `service_item_name`, `service_item_code`, `working_hours`, `service_price`, `monthly_price`, `subsidy_type`, `maintenance_type`, `service_content`, `status`, `service_standards`, `valid_flag`, `create_time`, `update_time`, `operate_man`, `operate_reason`, `institution_id`, `slv`, `spbm`) VALUES ('7d4ed491eaee11e7a0f90242ac110004', '0', '5', '日常清洁', 'wcjjs', '0.45', '10.00', '50.00', '0', '0', '五常家居', '1', NULL, '0', '2017-12-26 18:56:07', '2017-12-27 14:18:56', 'zhyl_admin', 'update', '2', NULL, NULL);
INSERT INTO `tb_service_item` (`service_item_id`, `business_type`, `serviceitem_category_code`, `service_item_name`, `service_item_code`, `working_hours`, `service_price`, `monthly_price`, `subsidy_type`, `maintenance_type`, `service_content`, `status`, `service_standards`, `valid_flag`, `create_time`, `update_time`, `operate_man`, `operate_reason`, `institution_id`, `slv`, `spbm`) VALUES ('46db6433eb3f4ef69955e195098f1bd8', '0', '1', '体温度量', NULL, '0.10', '11.00', '11.00', '0', '0', '体温度量', NULL, NULL, '1', '2018-01-11 09:50:11', '2018-01-11 09:51:39', 'zhyl_admin', 'update', '2', NULL, NULL);
INSERT INTO `tb_service_item` (`service_item_id`, `business_type`, `serviceitem_category_code`, `service_item_name`, `service_item_code`, `working_hours`, `service_price`, `monthly_price`, `subsidy_type`, `maintenance_type`, `service_content`, `status`, `service_standards`, `valid_flag`, `create_time`, `update_time`, `operate_man`, `operate_reason`, `institution_id`, `slv`, `spbm`) VALUES ('f260561ab2584cbf92deba2131fffcee', '0', '6', '生活状况', 'shjl', '1.00', '1.00', '1.00', '0', '0', '生活状况', '1', NULL, '0', '2018-04-04 14:34:27', '2018-09-10 15:46:08', 'xzhyl_admin', 'update', '4', '15', '11111111111');
INSERT INTO `tb_service_item` (`service_item_id`, `business_type`, `serviceitem_category_code`, `service_item_name`, `service_item_code`, `working_hours`, `service_price`, `monthly_price`, `subsidy_type`, `maintenance_type`, `service_content`, `status`, `service_standards`, `valid_flag`, `create_time`, `update_time`, `operate_man`, `operate_reason`, `institution_id`, `slv`, `spbm`) VALUES ('544fa99c67c6430eac86ec1ccd712add', '2', '21', '送餐', NULL, '0.50', '0.00', '0.00', '0', '0', '送餐', '1', NULL, '0', '2018-05-04 11:17:48', '2018-05-04 11:17:48', 'xzhyl_admin', 'insert', '4', NULL, NULL);
INSERT INTO `tb_service_item` (`service_item_id`, `business_type`, `serviceitem_category_code`, `service_item_name`, `service_item_code`, `working_hours`, `service_price`, `monthly_price`, `subsidy_type`, `maintenance_type`, `service_content`, `status`, `service_standards`, `valid_flag`, `create_time`, `update_time`, `operate_man`, `operate_reason`, `institution_id`, `slv`, `spbm`) VALUES ('cdf34fcaeaef11e7a0f90242ac111114', '0', '1', '伤口换药', 'skhy_ns', '0.45', '10.00', '50.00', '0', '0', '伤口换药', '1', NULL, '0', '2017-12-26 18:56:07', '2017-12-27 14:18:56', 'zhyl_admin', 'update', '2', NULL, NULL);
INSERT INTO `tb_service_item` (`service_item_id`, `business_type`, `serviceitem_category_code`, `service_item_name`, `service_item_code`, `working_hours`, `service_price`, `monthly_price`, `subsidy_type`, `maintenance_type`, `service_content`, `status`, `service_standards`, `valid_flag`, `create_time`, `update_time`, `operate_man`, `operate_reason`, `institution_id`, `slv`, `spbm`) VALUES ('cdf34fcaeaef11e7a0f90242ac112224', '0', '1', '用药记录', 'lryyjl_ns', '0.45', '10.00', '50.00', '0', '0', '用药记录', '1', NULL, '0', '2017-12-26 18:56:07', '2017-12-27 14:18:56', 'zhyl_admin', 'update', '2', NULL, NULL);
INSERT INTO `tb_service_item` (`service_item_id`, `business_type`, `serviceitem_category_code`, `service_item_name`, `service_item_code`, `working_hours`, `service_price`, `monthly_price`, `subsidy_type`, `maintenance_type`, `service_content`, `status`, `service_standards`, `valid_flag`, `create_time`, `update_time`, `operate_man`, `operate_reason`, `institution_id`, `slv`, `spbm`) VALUES ('cdf34fcaeaef11e7a0f90242ac113334', '0', '3', '约束观察', 'ysgc', '0.45', '10.00', '50.00', '0', '0', '约束观察', '1', NULL, '0', '2017-12-26 18:56:07', '2017-12-27 14:18:56', 'zhyl_admin', 'update', '2', NULL, NULL);
INSERT INTO `tb_service_item` (`service_item_id`, `business_type`, `serviceitem_category_code`, `service_item_name`, `service_item_code`, `working_hours`, `service_price`, `monthly_price`, `subsidy_type`, `maintenance_type`, `service_content`, `status`, `service_standards`, `valid_flag`, `create_time`, `update_time`, `operate_man`, `operate_reason`, `institution_id`, `slv`, `spbm`) VALUES ('hlrwqtfw', '0', '22', '其他服务', 'qtfw', '0.00', '0.00', '0.00', '0', '0', '其他服务', '1', NULL, '0', '2017-12-26 18:56:07', '2018-01-31 18:08:23', 'xzhyl_admin', 'update', '4', NULL, NULL);
INSERT INTO `tb_service_item` (`service_item_id`, `business_type`, `serviceitem_category_code`, `service_item_name`, `service_item_code`, `working_hours`, `service_price`, `monthly_price`, `subsidy_type`, `maintenance_type`, `service_content`, `status`, `service_standards`, `valid_flag`, `create_time`, `update_time`, `operate_man`, `operate_reason`, `institution_id`, `slv`, `spbm`) VALUES ('smrwqtfw', '1', '23', '其他服务', 'qtfw', '0.00', '0.00', '0.00', '0', '0', '其他服务', '1', NULL, '0', '2017-12-26 18:56:07', '2018-01-31 18:08:23', 'xzhyl_admin', 'update', '4', NULL, NULL);
-- ----------------------------
-- 内置服务
-- ----------------------------
INSERT INTO `tb_sys_module` (`module_code`, `module_name`, `corr_EVENT_ID`, `corr_menu_id`, `left_column`, `right_column`, `history_column`, `entity_list`, `saveInface`, `title_name_type`, `rowHight`, `abs_type`, `abs_type_history`, `save_url_str`, `entity_list_str`, `howtocheck`, `recorder`, `update_time`, `valid_flag`, `operate_man`, `operate_reason`, `institution_id`) VALUES ('1', '吃饭', 'cf', 'cf', NULL, NULL, NULL, NULL, NULL, NULL, NULL, NULL, NULL, NULL, NULL, '1', NULL, '2015-08-20 12:51:29', NULL, NULL, NULL, NULL);
INSERT INTO `tb_sys_module` (`module_code`, `module_name`, `corr_EVENT_ID`, `corr_menu_id`, `left_column`, `right_column`, `history_column`, `entity_list`, `saveInface`, `title_name_type`, `rowHight`, `abs_type`, `abs_type_history`, `save_url_str`, `entity_list_str`, `howtocheck`, `recorder`, `update_time`, `valid_flag`, `operate_man`, `operate_reason`, `institution_id`) VALUES ('10', '测量体重', 'cltz', 'cltz', NULL, NULL, NULL, NULL, NULL, NULL, NULL, NULL, NULL, NULL, NULL, '1', NULL, NULL, '0', NULL, NULL, NULL);
INSERT INTO `tb_sys_module` (`module_code`, `module_name`, `corr_EVENT_ID`, `corr_menu_id`, `left_column`, `right_column`, `history_column`, `entity_list`, `saveInface`, `title_name_type`, `rowHight`, `abs_type`, `abs_type_history`, `save_url_str`, `entity_list_str`, `howtocheck`, `recorder`, `update_time`, `valid_flag`, `operate_man`, `operate_reason`, `institution_id`) VALUES ('11', '尿液检测', 'nyjc', 'nyjc', NULL, NULL, NULL, NULL, NULL, NULL, NULL, NULL, NULL, NULL, NULL, '1', NULL, NULL, '0', NULL, NULL, NULL);
INSERT INTO `tb_sys_module` (`module_code`, `module_name`, `corr_EVENT_ID`, `corr_menu_id`, `left_column`, `right_column`, `history_column`, `entity_list`, `saveInface`, `title_name_type`, `rowHight`, `abs_type`, `abs_type_history`, `save_url_str`, `entity_list_str`, `howtocheck`, `recorder`, `update_time`, `valid_flag`, `operate_man`, `operate_reason`, `institution_id`) VALUES ('12', '护理老人', 'ptyy', 'ptyy', NULL, NULL, NULL, NULL, NULL, NULL, NULL, NULL, NULL, NULL, NULL, '1', NULL, NULL, '0', NULL, NULL, NULL);
INSERT INTO `tb_sys_module` (`module_code`, `module_name`, `corr_EVENT_ID`, `corr_menu_id`, `left_column`, `right_column`, `history_column`, `entity_list`, `saveInface`, `title_name_type`, `rowHight`, `abs_type`, `abs_type_history`, `save_url_str`, `entity_list_str`, `howtocheck`, `recorder`, `update_time`, `valid_flag`, `operate_man`, `operate_reason`, `institution_id`) VALUES ('13', '鼻饲老人', 'gsyy', 'gsyy', NULL, NULL, NULL, NULL, NULL, NULL, NULL, NULL, NULL, NULL, NULL, '1', NULL, NULL, '0', NULL, NULL, NULL);
INSERT INTO `tb_sys_module` (`module_code`, `module_name`, `corr_EVENT_ID`, `corr_menu_id`, `left_column`, `right_column`, `history_column`, `entity_list`, `saveInface`, `title_name_type`, `rowHight`, `abs_type`, `abs_type_history`, `save_url_str`, `entity_list_str`, `howtocheck`, `recorder`, `update_time`, `valid_flag`, `operate_man`, `operate_reason`, `institution_id`) VALUES ('14', '鼻饲老人', 'gsyy_t', 'gsyy_t', NULL, NULL, NULL, NULL, NULL, NULL, NULL, NULL, NULL, NULL, NULL, '1', NULL, NULL, '0', NULL, NULL, NULL);
INSERT INTO `tb_sys_module` (`module_code`, `module_name`, `corr_EVENT_ID`, `corr_menu_id`, `left_column`, `right_column`, `history_column`, `entity_list`, `saveInface`, `title_name_type`, `rowHight`, `abs_type`, `abs_type_history`, `save_url_str`, `entity_list_str`, `howtocheck`, `recorder`, `update_time`, `valid_flag`, `operate_man`, `operate_reason`, `institution_id`) VALUES ('15', '体温量度', 'twld_ns', 'twld_ns', NULL, NULL, NULL, NULL, NULL, NULL, NULL, NULL, NULL, NULL, NULL, '1', NULL, NULL, '0', NULL, NULL, NULL);
INSERT INTO `tb_sys_module` (`module_code`, `module_name`, `corr_EVENT_ID`, `corr_menu_id`, `left_column`, `right_column`, `history_column`, `entity_list`, `saveInface`, `title_name_type`, `rowHight`, `abs_type`, `abs_type_history`, `save_url_str`, `entity_list_str`, `howtocheck`, `recorder`, `update_time`, `valid_flag`, `operate_man`, `operate_reason`, `institution_id`) VALUES ('16', '血压脉搏', 'xymb_ns', 'xymb_ns', NULL, NULL, NULL, NULL, NULL, NULL, NULL, NULL, NULL, NULL, NULL, '1', NULL, NULL, '0', NULL, NULL, NULL);
INSERT INTO `tb_sys_module` (`module_code`, `module_name`, `corr_EVENT_ID`, `corr_menu_id`, `left_column`, `right_column`, `history_column`, `entity_list`, `saveInface`, `title_name_type`, `rowHight`, `abs_type`, `abs_type_history`, `save_url_str`, `entity_list_str`, `howtocheck`, `recorder`, `update_time`, `valid_flag`, `operate_man`, `operate_reason`, `institution_id`) VALUES ('17', '心跳量度', 'xtld_ns', 'xtld_ns', NULL, NULL, NULL, NULL, NULL, NULL, NULL, NULL, NULL, NULL, NULL, '1', NULL, NULL, '0', NULL, NULL, NULL);
INSERT INTO `tb_sys_module` (`module_code`, `module_name`, `corr_EVENT_ID`, `corr_menu_id`, `left_column`, `right_column`, `history_column`, `entity_list`, `saveInface`, `title_name_type`, `rowHight`, `abs_type`, `abs_type_history`, `save_url_str`, `entity_list_str`, `howtocheck`, `recorder`, `update_time`, `valid_flag`, `operate_man`, `operate_reason`, `institution_id`) VALUES ('18', '呼吸量度', 'hxld_ns', 'hxld_ns', NULL, NULL, NULL, NULL, NULL, NULL, NULL, NULL, NULL, NULL, NULL, '1', NULL, NULL, '0', NULL, NULL, NULL);
INSERT INTO `tb_sys_module` (`module_code`, `module_name`, `corr_EVENT_ID`, `corr_menu_id`, `left_column`, `right_column`, `history_column`, `entity_list`, `saveInface`, `title_name_type`, `rowHight`, `abs_type`, `abs_type_history`, `save_url_str`, `entity_list_str`, `howtocheck`, `recorder`, `update_time`, `valid_flag`, `operate_man`, `operate_reason`, `institution_id`) VALUES ('19', '血氧测量', 'xycl_ns', 'xycl_ns', NULL, NULL, NULL, NULL, NULL, NULL, NULL, NULL, NULL, NULL, NULL, '1', NULL, NULL, '0', NULL, NULL, NULL);
INSERT INTO `tb_sys_module` (`module_code`, `module_name`, `corr_EVENT_ID`, `corr_menu_id`, `left_column`, `right_column`, `history_column`, `entity_list`, `saveInface`, `title_name_type`, `rowHight`, `abs_type`, `abs_type_history`, `save_url_str`, `entity_list_str`, `howtocheck`, `recorder`, `update_time`, `valid_flag`, `operate_man`, `operate_reason`, `institution_id`) VALUES ('2', '如厕', 'rc', 'rc', NULL, NULL, NULL, NULL, NULL, NULL, NULL, NULL, NULL, NULL, NULL, '1', NULL, NULL, '0', NULL, NULL, NULL);
INSERT INTO `tb_sys_module` (`module_code`, `module_name`, `corr_EVENT_ID`, `corr_menu_id`, `left_column`, `right_column`, `history_column`, `entity_list`, `saveInface`, `title_name_type`, `rowHight`, `abs_type`, `abs_type_history`, `save_url_str`, `entity_list_str`, `howtocheck`, `recorder`, `update_time`, `valid_flag`, `operate_man`, `operate_reason`, `institution_id`) VALUES ('20', '空腹血糖', 'kfxt_ns', 'kfxt_ns', NULL, NULL, NULL, NULL, NULL, NULL, NULL, NULL, NULL, NULL, NULL, '1', NULL, NULL, '0', NULL, NULL, NULL);
INSERT INTO `tb_sys_module` (`module_code`, `module_name`, `corr_EVENT_ID`, `corr_menu_id`, `left_column`, `right_column`, `history_column`, `entity_list`, `saveInface`, `title_name_type`, `rowHight`, `abs_type`, `abs_type_history`, `save_url_str`, `entity_list_str`, `howtocheck`, `recorder`, `update_time`, `valid_flag`, `operate_man`, `operate_reason`, `institution_id`) VALUES ('21', '餐后血糖', 'chxt_ns', 'chxt_ns', NULL, NULL, NULL, NULL, NULL, NULL, NULL, NULL, NULL, NULL, NULL, '1', NULL, NULL, '0', NULL, NULL, NULL);
INSERT INTO `tb_sys_module` (`module_code`, `module_name`, `corr_EVENT_ID`, `corr_menu_id`, `left_column`, `right_column`, `history_column`, `entity_list`, `saveInface`, `title_name_type`, `rowHight`, `abs_type`, `abs_type_history`, `save_url_str`, `entity_list_str`, `howtocheck`, `recorder`, `update_time`, `valid_flag`, `operate_man`, `operate_reason`, `institution_id`) VALUES ('22', '更换尿袋', 'ghnd_ns', 'ghnd_ns', NULL, NULL, NULL, NULL, NULL, NULL, NULL, NULL, NULL, NULL, NULL, '1', NULL, NULL, '0', NULL, NULL, NULL);
INSERT INTO `tb_sys_module` (`module_code`, `module_name`, `corr_EVENT_ID`, `corr_menu_id`, `left_column`, `right_column`, `history_column`, `entity_list`, `saveInface`, `title_name_type`, `rowHight`, `abs_type`, `abs_type_history`, `save_url_str`, `entity_list_str`, `howtocheck`, `recorder`, `update_time`, `valid_flag`, `operate_man`, `operate_reason`, `institution_id`) VALUES ('23', '更换尿管', 'ghng_ns', 'ghng_ns', NULL, NULL, NULL, NULL, NULL, NULL, NULL, NULL, NULL, NULL, NULL, '1', NULL, NULL, '0', NULL, NULL, NULL);
INSERT INTO `tb_sys_module` (`module_code`, `module_name`, `corr_EVENT_ID`, `corr_menu_id`, `left_column`, `right_column`, `history_column`, `entity_list`, `saveInface`, `title_name_type`, `rowHight`, `abs_type`, `abs_type_history`, `save_url_str`, `entity_list_str`, `howtocheck`, `recorder`, `update_time`, `valid_flag`, `operate_man`, `operate_reason`, `institution_id`) VALUES ('24', '更换胃管', 'ghwg_ns', 'ghwg_ns', NULL, NULL, NULL, NULL, NULL, NULL, NULL, NULL, NULL, NULL, NULL, '1', NULL, NULL, '0', NULL, NULL, NULL);
INSERT INTO `tb_sys_module` (`module_code`, `module_name`, `corr_EVENT_ID`, `corr_menu_id`, `left_column`, `right_column`, `history_column`, `entity_list`, `saveInface`, `title_name_type`, `rowHight`, `abs_type`, `abs_type_history`, `save_url_str`, `entity_list_str`, `howtocheck`, `recorder`, `update_time`, `valid_flag`, `operate_man`, `operate_reason`, `institution_id`) VALUES ('25', '发现异常', 'fxyc_ns', 'fxyc_ns', NULL, NULL, NULL, NULL, NULL, NULL, NULL, NULL, NULL, NULL, NULL, '1', NULL, NULL, '0', NULL, NULL, NULL);
INSERT INTO `tb_sys_module` (`module_code`, `module_name`, `corr_EVENT_ID`, `corr_menu_id`, `left_column`, `right_column`, `history_column`, `entity_list`, `saveInface`, `title_name_type`, `rowHight`, `abs_type`, `abs_type_history`, `save_url_str`, `entity_list_str`, `howtocheck`, `recorder`, `update_time`, `valid_flag`, `operate_man`, `operate_reason`, `institution_id`) VALUES ('26', '约束观察', 'ysgc', 'ysgc', NULL, NULL, NULL, NULL, NULL, NULL, NULL, NULL, NULL, NULL, NULL, '1', NULL, NULL, '0', NULL, NULL, NULL);
INSERT INTO `tb_sys_module` (`module_code`, `module_name`, `corr_EVENT_ID`, `corr_menu_id`, `left_column`, `right_column`, `history_column`, `entity_list`, `saveInface`, `title_name_type`, `rowHight`, `abs_type`, `abs_type_history`, `save_url_str`, `entity_list_str`, `howtocheck`, `recorder`, `update_time`, `valid_flag`, `operate_man`, `operate_reason`, `institution_id`) VALUES ('3', '体测', 'tc', 'tc', NULL, NULL, NULL, NULL, NULL, NULL, NULL, NULL, NULL, NULL, NULL, '1', NULL, NULL, '0', NULL, NULL, NULL);
INSERT INTO `tb_sys_module` (`module_code`, `module_name`, `corr_EVENT_ID`, `corr_menu_id`, `left_column`, `right_column`, `history_column`, `entity_list`, `saveInface`, `title_name_type`, `rowHight`, `abs_type`, `abs_type_history`, `save_url_str`, `entity_list_str`, `howtocheck`, `recorder`, `update_time`, `valid_flag`, `operate_man`, `operate_reason`, `institution_id`) VALUES ('4', '卧床转身', 'wczs', 'wczs', NULL, NULL, NULL, NULL, NULL, NULL, NULL, NULL, NULL, NULL, NULL, '1', NULL, NULL, '0', NULL, NULL, NULL);
INSERT INTO `tb_sys_module` (`module_code`, `module_name`, `corr_EVENT_ID`, `corr_menu_id`, `left_column`, `right_column`, `history_column`, `entity_list`, `saveInface`, `title_name_type`, `rowHight`, `abs_type`, `abs_type_history`, `save_url_str`, `entity_list_str`, `howtocheck`, `recorder`, `update_time`, `valid_flag`, `operate_man`, `operate_reason`, `institution_id`) VALUES ('5', '更换尿片', 'ghnp', 'ghnp', NULL, NULL, NULL, NULL, NULL, NULL, NULL, NULL, NULL, NULL, NULL, '1', NULL, NULL, '0', NULL, NULL, NULL);
INSERT INTO `tb_sys_module` (`module_code`, `module_name`, `corr_EVENT_ID`, `corr_menu_id`, `left_column`, `right_column`, `history_column`, `entity_list`, `saveInface`, `title_name_type`, `rowHight`, `abs_type`, `abs_type_history`, `save_url_str`, `entity_list_str`, `howtocheck`, `recorder`, `update_time`, `valid_flag`, `operate_man`, `operate_reason`, `institution_id`) VALUES ('6', '发现异常', 'fxyc', 'fxyc', NULL, NULL, NULL, NULL, NULL, NULL, NULL, NULL, NULL, NULL, NULL, '1', NULL, NULL, '0', NULL, NULL, NULL);
INSERT INTO `tb_sys_module` (`module_code`, `module_name`, `corr_EVENT_ID`, `corr_menu_id`, `left_column`, `right_column`, `history_column`, `entity_list`, `saveInface`, `title_name_type`, `rowHight`, `abs_type`, `abs_type_history`, `save_url_str`, `entity_list_str`, `howtocheck`, `recorder`, `update_time`, `valid_flag`, `operate_man`, `operate_reason`, `institution_id`) VALUES ('7', '生活记录', 'shjl', 'shjl', NULL, NULL, NULL, NULL, NULL, NULL, NULL, NULL, NULL, NULL, NULL, '1', NULL, NULL, '0', NULL, NULL, NULL);
INSERT INTO `tb_sys_module` (`module_code`, `module_name`, `corr_EVENT_ID`, `corr_menu_id`, `left_column`, `right_column`, `history_column`, `entity_list`, `saveInface`, `title_name_type`, `rowHight`, `abs_type`, `abs_type_history`, `save_url_str`, `entity_list_str`, `howtocheck`, `recorder`, `update_time`, `valid_flag`, `operate_man`, `operate_reason`, `institution_id`) VALUES ('8', '接送活动', 'jshds', 'jshds', NULL, NULL, NULL, NULL, NULL, NULL, NULL, NULL, NULL, NULL, NULL, '1', NULL, NULL, '0', NULL, NULL, NULL);
INSERT INTO `tb_sys_module` (`module_code`, `module_name`, `corr_EVENT_ID`, `corr_menu_id`, `left_column`, `right_column`, `history_column`, `entity_list`, `saveInface`, `title_name_type`, `rowHight`, `abs_type`, `abs_type_history`, `save_url_str`, `entity_list_str`, `howtocheck`, `recorder`, `update_time`, `valid_flag`, `operate_man`, `operate_reason`, `institution_id`) VALUES ('9', '测量体温', 'cltw', 'cltw', NULL, NULL, NULL, NULL, NULL, NULL, NULL, NULL, NULL, NULL, NULL, '1', NULL, NULL, '0', NULL, NULL, NULL);
-- ----------------------------
-- 首页广告
-- ----------------------------
INSERT INTO `tb_advertisement` (`advertisement_id`, `advertisement_img`, `advertisement_desc`, `advertisement_url`, `institution_id`, `update_time`, `valid_flag`, `operate_man`, `operate_reason`) VALUES ('3774280cbe6611e591fc00155d3c6d00', 'http://gsyl.hscpro.com/file/silders/home_image_ad.png', '', 'http://gsyl.hscpro.com/hecsp/', NULL, '2015-12-16 16:19:08', '0', NULL, NULL);
INSERT INTO `tb_slides` (`slide_id`, `slide_img`, `slide_url`, `institution_id`, `update_time`, `valid_flag`, `operate_man`, `operate_reason`) VALUES ('3780b678be6611e591fc00155d3c6d00', 'http://gsyl.hscpro.com/file/silders/home_banner_image2@2x.png', 'http://gsyl.hscpro.com/hecsp/', NULL, NULL, '0', NULL, NULL);
INSERT INTO `tb_slides` (`slide_id`, `slide_img`, `slide_url`, `institution_id`, `update_time`, `valid_flag`, `operate_man`, `operate_reason`) VALUES ('3a8de189d61911e591fc00155d3c6d00', 'http://gsyl.hscpro.com/file/silders/home_banner_image10@2x.png', 'http://gsyl.hscpro.com/hecsp/', NULL, '2015-12-16 16:32:34', '0', NULL, NULL);
INSERT INTO `tb_slides` (`slide_id`, `slide_img`, `slide_url`, `institution_id`, `update_time`, `valid_flag`, `operate_man`, `operate_reason`) VALUES ('3a8de189d61911e591fc00155d3c6d11', 'http://gsyl.hscpro.com/file/silders/home_banner_image12@2x.png', 'http://gsyl.hscpro.com/hecsp/', '', '2015-12-16 16:32:34', '0', '', '');
-- ----------------------------
-- 生命体征阈值
-- ----------------------------
INSERT INTO `tb_vital_sign_threshold_config` (`sign_threshold_id`, `vital_sign_itme`, `sign_low_value`, `sign_up_value`, `sign_level`, `up_level_ID`, `sign_area_name`, `sign_area_color`, `memo`) VALUES ('01f885366ac511e8a0f90242ac110004', 'up_blood', '60', '110', '1', 'vital_sign', '最低', '#ff4500', NULL);
INSERT INTO `tb_vital_sign_threshold_config` (`sign_threshold_id`, `vital_sign_itme`, `sign_low_value`, `sign_up_value`, `sign_level`, `up_level_ID`, `sign_area_name`, `sign_area_color`, `memo`) VALUES ('020983666ac511e8a0f90242ac110004', 'up_blood', '110', '140', '5', 'vital_sign', '正常', '#008000', NULL);
INSERT INTO `tb_vital_sign_threshold_config` (`sign_threshold_id`, `vital_sign_itme`, `sign_low_value`, `sign_up_value`, `sign_level`, `up_level_ID`, `sign_area_name`, `sign_area_color`, `memo`) VALUES ('021bc0d16ac511e8a0f90242ac110004', 'up_blood', '140', '300', '6', 'vital_sign', '偏高', '#ff4500', NULL);
INSERT INTO `tb_vital_sign_threshold_config` (`sign_threshold_id`, `vital_sign_itme`, `sign_low_value`, `sign_up_value`, `sign_level`, `up_level_ID`, `sign_area_name`, `sign_area_color`, `memo`) VALUES ('023b0bc06ac511e8a0f90242ac110004', 'down_blood', '30', '70', '1', 'vital_sign', '最低', '#ff4500', NULL);
INSERT INTO `tb_vital_sign_threshold_config` (`sign_threshold_id`, `vital_sign_itme`, `sign_low_value`, `sign_up_value`, `sign_level`, `up_level_ID`, `sign_area_name`, `sign_area_color`, `memo`) VALUES ('025b4c126ac511e8a0f90242ac110004', 'down_blood', '70', '90', '5', 'vital_sign', '正常', '#008000', NULL);
INSERT INTO `tb_vital_sign_threshold_config` (`sign_threshold_id`, `vital_sign_itme`, `sign_low_value`, `sign_up_value`, `sign_level`, `up_level_ID`, `sign_area_name`, `sign_area_color`, `memo`) VALUES ('026d3d5e6ac511e8a0f90242ac110004', 'down_blood', '90', '160', '6', 'vital_sign', '偏高', '#ff4500', NULL);
INSERT INTO `tb_vital_sign_threshold_config` (`sign_threshold_id`, `vital_sign_itme`, `sign_low_value`, `sign_up_value`, `sign_level`, `up_level_ID`, `sign_area_name`, `sign_area_color`, `memo`) VALUES ('0280340a6ac511e8a0f90242ac110004', 'kfxt_ns', '1.1', '2.9', '1', 'vital_sign', '最低', '#ff4500', NULL);
INSERT INTO `tb_vital_sign_threshold_config` (`sign_threshold_id`, `vital_sign_itme`, `sign_low_value`, `sign_up_value`, `sign_level`, `up_level_ID`, `sign_area_name`, `sign_area_color`, `memo`) VALUES ('02919a166ac511e8a0f90242ac110004', 'kfxt_ns', '2.9', '3.9', '1', 'vital_sign', '最低', '#ff4500', NULL);
INSERT INTO `tb_vital_sign_threshold_config` (`sign_threshold_id`, `vital_sign_itme`, `sign_low_value`, `sign_up_value`, `sign_level`, `up_level_ID`, `sign_area_name`, `sign_area_color`, `memo`) VALUES ('02a376e76ac511e8a0f90242ac110004', 'kfxt_ns', '3.9', '6.1', '5', 'vital_sign', '正常', '#008000', NULL);
INSERT INTO `tb_vital_sign_threshold_config` (`sign_threshold_id`, `vital_sign_itme`, `sign_low_value`, `sign_up_value`, `sign_level`, `up_level_ID`, `sign_area_name`, `sign_area_color`, `memo`) VALUES ('02b63f516ac511e8a0f90242ac110004', 'kfxt_ns', '6.1', '11', '6', 'vital_sign', '偏高', '#ff4500', NULL);
INSERT INTO `tb_vital_sign_threshold_config` (`sign_threshold_id`, `vital_sign_itme`, `sign_low_value`, `sign_up_value`, `sign_level`, `up_level_ID`, `sign_area_name`, `sign_area_color`, `memo`) VALUES ('02c80fd36ac511e8a0f90242ac110004', 'kfxt_ns', '11', '35', '7', 'vital_sign', '最高', '#ff4500', NULL);
INSERT INTO `tb_vital_sign_threshold_config` (`sign_threshold_id`, `vital_sign_itme`, `sign_low_value`, `sign_up_value`, `sign_level`, `up_level_ID`, `sign_area_name`, `sign_area_color`, `memo`) VALUES ('02db50446ac511e8a0f90242ac110004', 'chxt_ns', '3.9', '6.7', '1', 'vital_sign', '最低', '#ff4500', NULL);
INSERT INTO `tb_vital_sign_threshold_config` (`sign_threshold_id`, `vital_sign_itme`, `sign_low_value`, `sign_up_value`, `sign_level`, `up_level_ID`, `sign_area_name`, `sign_area_color`, `memo`) VALUES ('02ee57566ac511e8a0f90242ac110004', 'chxt_ns', '6.7', '9.4', '5', 'vital_sign', '正常', '#008000', NULL);
INSERT INTO `tb_vital_sign_threshold_config` (`sign_threshold_id`, `vital_sign_itme`, `sign_low_value`, `sign_up_value`, `sign_level`, `up_level_ID`, `sign_area_name`, `sign_area_color`, `memo`) VALUES ('0305456a6ac511e8a0f90242ac110004', 'chxt_ns', '9.4', '11', '6', 'vital_sign', '偏高', '#ff4500', NULL);
INSERT INTO `tb_vital_sign_threshold_config` (`sign_threshold_id`, `vital_sign_itme`, `sign_low_value`, `sign_up_value`, `sign_level`, `up_level_ID`, `sign_area_name`, `sign_area_color`, `memo`) VALUES ('0316f3986ac511e8a0f90242ac110004', 'chxt_ns', '11', '55', '7', 'vital_sign', '最高', '#ff4500', NULL);
INSERT INTO `tb_vital_sign_threshold_config` (`sign_threshold_id`, `vital_sign_itme`, `sign_low_value`, `sign_up_value`, `sign_level`, `up_level_ID`, `sign_area_name`, `sign_area_color`, `memo`) VALUES ('0328cce96ac511e8a0f90242ac110004', 'xycl_ns', '90', '95', '1', 'vital_sign', '最低', '#ff4500', NULL);
INSERT INTO `tb_vital_sign_threshold_config` (`sign_threshold_id`, `vital_sign_itme`, `sign_low_value`, `sign_up_value`, `sign_level`, `up_level_ID`, `sign_area_name`, `sign_area_color`, `memo`) VALUES ('033aa7456ac511e8a0f90242ac110004', 'xycl_ns', '95', '97', '5', 'vital_sign', '正常', '#008000', NULL);
INSERT INTO `tb_vital_sign_threshold_config` (`sign_threshold_id`, `vital_sign_itme`, `sign_low_value`, `sign_up_value`, `sign_level`, `up_level_ID`, `sign_area_name`, `sign_area_color`, `memo`) VALUES ('033aa7456ac511e8a0f90242ac110011', 'pulse', '60', '100', '5', 'vital_sign', '正常', '#008000', NULL);
INSERT INTO `tb_vital_sign_threshold_config` (`sign_threshold_id`, `vital_sign_itme`, `sign_low_value`, `sign_up_value`, `sign_level`, `up_level_ID`, `sign_area_name`, `sign_area_color`, `memo`) VALUES ('033aa7456ac511e8a0f90242ac110022', 'hxld_ns', '16', '20', '5', 'vital_sign', '正常', '#008000', NULL);
INSERT INTO `tb_vital_sign_threshold_config` (`sign_threshold_id`, `vital_sign_itme`, `sign_low_value`, `sign_up_value`, `sign_level`, `up_level_ID`, `sign_area_name`, `sign_area_color`, `memo`) VALUES ('034dbaa86ac511e8a0f90242ac110004', 'xycl_ns', '97', '100', '6', 'vital_sign', '偏高', '#ff4500', NULL);
INSERT INTO `tb_vital_sign_threshold_config` (`sign_threshold_id`, `vital_sign_itme`, `sign_low_value`, `sign_up_value`, `sign_level`, `up_level_ID`, `sign_area_name`, `sign_area_color`, `memo`) VALUES ('0360f5276ac511e8a0f90242ac110004', 'xtld_ns', '20', '50', '1', 'vital_sign', '最低', '#ff4500', NULL);
INSERT INTO `tb_vital_sign_threshold_config` (`sign_threshold_id`, `vital_sign_itme`, `sign_low_value`, `sign_up_value`, `sign_level`, `up_level_ID`, `sign_area_name`, `sign_area_color`, `memo`) VALUES ('03729fd96ac511e8a0f90242ac110004', 'xtld_ns', '50', '60', '1', 'vital_sign', '最低', '#ff4500', NULL);
INSERT INTO `tb_vital_sign_threshold_config` (`sign_threshold_id`, `vital_sign_itme`, `sign_low_value`, `sign_up_value`, `sign_level`, `up_level_ID`, `sign_area_name`, `sign_area_color`, `memo`) VALUES ('038964056ac511e8a0f90242ac110004', 'xtld_ns', '60', '100', '5', 'vital_sign', '正常', '#008000', NULL);
INSERT INTO `tb_vital_sign_threshold_config` (`sign_threshold_id`, `vital_sign_itme`, `sign_low_value`, `sign_up_value`, `sign_level`, `up_level_ID`, `sign_area_name`, `sign_area_color`, `memo`) VALUES ('039b4d436ac511e8a0f90242ac110004', 'xtld_ns', '100', '110', '6', 'vital_sign', '偏高', '#ff4500', NULL);
INSERT INTO `tb_vital_sign_threshold_config` (`sign_threshold_id`, `vital_sign_itme`, `sign_low_value`, `sign_up_value`, `sign_level`, `up_level_ID`, `sign_area_name`, `sign_area_color`, `memo`) VALUES ('03ae74646ac511e8a0f90242ac110004', 'xtld_ns', '110', '270', '7', 'vital_sign', '最高', '#ff4500', NULL);
INSERT INTO `tb_vital_sign_threshold_config` (`sign_threshold_id`, `vital_sign_itme`, `sign_low_value`, `sign_up_value`, `sign_level`, `up_level_ID`, `sign_area_name`, `sign_area_color`, `memo`) VALUES ('03cacce96ac511e8a0f90242ac110004', 'hcr_khgl_tzgl_zf', '4', '15', '1', 'vital_sign', '最低', '#ff4500', NULL);
INSERT INTO `tb_vital_sign_threshold_config` (`sign_threshold_id`, `vital_sign_itme`, `sign_low_value`, `sign_up_value`, `sign_level`, `up_level_ID`, `sign_area_name`, `sign_area_color`, `memo`) VALUES ('03e078b86ac511e8a0f90242ac110004', 'hcr_khgl_tzgl_zf', '15', '25', '5', 'vital_sign', '正常', '#008000', NULL);
INSERT INTO `tb_vital_sign_threshold_config` (`sign_threshold_id`, `vital_sign_itme`, `sign_low_value`, `sign_up_value`, `sign_level`, `up_level_ID`, `sign_area_name`, `sign_area_color`, `memo`) VALUES ('03f372136ac511e8a0f90242ac110004', 'hcr_khgl_tzgl_zf', '25', '80', '6', 'vital_sign', '偏高', '#ff4500', NULL);
INSERT INTO `tb_vital_sign_threshold_config` (`sign_threshold_id`, `vital_sign_itme`, `sign_low_value`, `sign_up_value`, `sign_level`, `up_level_ID`, `sign_area_name`, `sign_area_color`, `memo`) VALUES ('0408cfb96ac511e8a0f90242ac110004', 'cltw', '35', '36', '1', 'vital_sign', '最低', '#ff4500', NULL);
INSERT INTO `tb_vital_sign_threshold_config` (`sign_threshold_id`, `vital_sign_itme`, `sign_low_value`, `sign_up_value`, `sign_level`, `up_level_ID`, `sign_area_name`, `sign_area_color`, `memo`) VALUES ('041bd5a26ac511e8a0f90242ac110004', 'cltw', '36', '37', '5', 'vital_sign', '正常', '#008000', NULL);
INSERT INTO `tb_vital_sign_threshold_config` (`sign_threshold_id`, `vital_sign_itme`, `sign_low_value`, `sign_up_value`, `sign_level`, `up_level_ID`, `sign_area_name`, `sign_area_color`, `memo`) VALUES ('042ed0256ac511e8a0f90242ac110004', 'cltw', '37', '38', '6', 'vital_sign', '偏高', '#ff4500', NULL);
INSERT INTO `tb_vital_sign_threshold_config` (`sign_threshold_id`, `vital_sign_itme`, `sign_low_value`, `sign_up_value`, `sign_level`, `up_level_ID`, `sign_area_name`, `sign_area_color`, `memo`) VALUES ('0441d8b66ac511e8a0f90242ac110004', 'cltw', '38', '42', '7', 'vital_sign', '最高', '#ff4500', NULL);
INSERT INTO `tb_vital_sign_threshold_config` (`sign_threshold_id`, `vital_sign_itme`, `sign_low_value`, `sign_up_value`, `sign_level`, `up_level_ID`, `sign_area_name`, `sign_area_color`, `memo`) VALUES ('0453c4916ac511e8a0f90242ac110004', 'cltz', '10', '18.5', '1', 'vital_sign', '最低', '#ff4500', NULL);
INSERT INTO `tb_vital_sign_threshold_config` (`sign_threshold_id`, `vital_sign_itme`, `sign_low_value`, `sign_up_value`, `sign_level`, `up_level_ID`, `sign_area_name`, `sign_area_color`, `memo`) VALUES ('04739afc6ac511e8a0f90242ac110004', 'cltz', '18.5', '23', '5', 'vital_sign', '正常', '#008000', NULL);
INSERT INTO `tb_vital_sign_threshold_config` (`sign_threshold_id`, `vital_sign_itme`, `sign_low_value`, `sign_up_value`, `sign_level`, `up_level_ID`, `sign_area_name`, `sign_area_color`, `memo`) VALUES ('0487d3a66ac511e8a0f90242ac110004', 'cltz', '23', '25', '6', 'vital_sign', '偏高', '#ff4500', NULL);
INSERT INTO `tb_vital_sign_threshold_config` (`sign_threshold_id`, `vital_sign_itme`, `sign_low_value`, `sign_up_value`, `sign_level`, `up_level_ID`, `sign_area_name`, `sign_area_color`, `memo`) VALUES ('049afa996ac511e8a0f90242ac110004', 'cltz', '25', '28', '7', 'vital_sign', '最高', '#ff4500', NULL);
INSERT INTO `tb_vital_sign_threshold_config` (`sign_threshold_id`, `vital_sign_itme`, `sign_low_value`, `sign_up_value`, `sign_level`, `up_level_ID`, `sign_area_name`, `sign_area_color`, `memo`) VALUES ('fecc92be6add11e8a0f90242ac110004', '1', '35', '37', '5', 'twld_measure_way', '额探', '#008000', NULL);
INSERT INTO `tb_vital_sign_threshold_config` (`sign_threshold_id`, `vital_sign_itme`, `sign_low_value`, `sign_up_value`, `sign_level`, `up_level_ID`, `sign_area_name`, `sign_area_color`, `memo`) VALUES ('fedf5ed16add11e8a0f90242ac110004', '2', '35.5', '37.4', '5', 'twld_measure_way', '口探', '#008000', NULL);
INSERT INTO `tb_vital_sign_threshold_config` (`sign_threshold_id`, `vital_sign_itme`, `sign_low_value`, `sign_up_value`, `sign_level`, `up_level_ID`, `sign_area_name`, `sign_area_color`, `memo`) VALUES ('fef1a5d56add11e8a0f90242ac110004', '3', '35.7', '37.9', '5', 'twld_measure_way', '耳探', '#008000', NULL);
INSERT INTO `tb_vital_sign_threshold_config` (`sign_threshold_id`, `vital_sign_itme`, `sign_low_value`, `sign_up_value`, `sign_level`, `up_level_ID`, `sign_area_name`, `sign_area_color`, `memo`) VALUES ('ff0397df6add11e8a0f90242ac110004', '4', '35', '37', '5', 'twld_measure_way', '腋探', '#008000', NULL);
INSERT INTO `tb_vital_sign_threshold_config` (`sign_threshold_id`, `vital_sign_itme`, `sign_low_value`, `sign_up_value`, `sign_level`, `up_level_ID`, `sign_area_name`, `sign_area_color`, `memo`) VALUES ('ff1a86de6add11e8a0f90242ac110004', '5', '36.2', '37.9', '5', 'twld_measure_way', '肛探', '#008000', NULL);
-- ----------------------------
-- 流程节点
-- ----------------------------
SET FOREIGN_KEY_CHECKS = 0;
INSERT INTO `tb_process_model` (`process_model_id`, `process_name`, `process_type`, `status`, `memo`, `valid_flag`, `create_time`, `update_time`, `operate_man`, `operate_reason`, `institution_id`) VALUES ('738f5186ae704145a3e8a29c63aa7e33', '退住流程', '2', '0', '退住流程图', '0', '2018-08-13 11:26:54', '2018-08-13 11:26:56', 'admin', 'insert', '4');
INSERT INTO `tb_process_model` (`process_model_id`, `process_name`, `process_type`, `status`, `memo`, `valid_flag`, `create_time`, `update_time`, `operate_man`, `operate_reason`, `institution_id`) VALUES ('738f5186ae704145a3e8a29c63aa7e83', '入住流程', '1', '0', '入住流程图', '0', '2018-08-13 11:25:57', '2018-08-13 11:26:00', 'admin', 'insert', '4');
INSERT INTO `tb_process_model_node` (`process_model_node_id`, `process_model_id`, `process_node_code`, `process_node_name`, `process_node_uri`, `process_node_img_uri`, `next_process_node_code`, `prev_process_node_code`, `process_node_type`, `process_node_no`, `memo`, `valid_flag`, `create_time`, `update_time`, `operate_man`, `operate_reason`, `institution_id`) VALUES ('24b072da9ec211e8a0f90242ac110004', '738f5186ae704145a3e8a29c63aa7e83', 'lrdj', '客户登记', 'crm/customerManage/jsp/customerAdd.jsp', 'crm/customerManage/jsp/customerDetail.jsp,crm/customerManage/jsp/customerDetail.jsp', 'cbpg', NULL, '0', '1', NULL, '0', NULL, NULL, NULL, NULL, NULL);
INSERT INTO `tb_process_model_node` (`process_model_node_id`, `process_model_id`, `process_node_code`, `process_node_name`, `process_node_uri`, `process_node_img_uri`, `next_process_node_code`, `prev_process_node_code`, `process_node_type`, `process_node_no`, `memo`, `valid_flag`, `create_time`, `update_time`, `operate_man`, `operate_reason`, `institution_id`) VALUES ('24cb40a19ec211e8a0f90242ac110004', '738f5186ae704145a3e8a29c63aa7e83', 'cbpg', '初步评估', 'cs/abilityassess/jsp/EvaluationInitMan.jsp', 'cs/abilityassess/jsp/EvaluationInitAdd.jsp,cs/abilityassess/jsp/EvaluationInitDetail.jsp', 'ydgl', 'lrdj', '1', '2', NULL, '0', NULL, NULL, NULL, NULL, NULL);
INSERT INTO `tb_process_model_node` (`process_model_node_id`, `process_model_id`, `process_node_code`, `process_node_name`, `process_node_uri`, `process_node_img_uri`, `next_process_node_code`, `prev_process_node_code`, `process_node_type`, `process_node_no`, `memo`, `valid_flag`, `create_time`, `update_time`, `operate_man`, `operate_reason`, `institution_id`) VALUES ('24fcc5909ec211e8a0f90242ac110004', '738f5186ae704145a3e8a29c63aa7e83', 'ydgl', '预订房间', 'crm/saleManage/jsp/applicantinfoMan.jsp', 'crm/saleManage/jsp/applicantinfoAdd.jsp,crm/saleManage/jsp/applicantinfoDetail.jsp,crm/saleManage/jsp/applicantinfoDetail.jsp', 'tjgl', 'cbpg', '1', '3', NULL, '0', NULL, NULL, NULL, NULL, NULL);
INSERT INTO `tb_process_model_node` (`process_model_node_id`, `process_model_id`, `process_node_code`, `process_node_name`, `process_node_uri`, `process_node_img_uri`, `next_process_node_code`, `prev_process_node_code`, `process_node_type`, `process_node_no`, `memo`, `valid_flag`, `create_time`, `update_time`, `operate_man`, `operate_reason`, `institution_id`) VALUES ('252a85bd9ec211e8a0f90242ac110004', '738f5186ae704145a3e8a29c63aa7e83', 'tjgl', '体检报告', 'crm/customerCenter/jsp/customerMedicalManageMan.jsp', 'crm/customerCenter/jsp/customerMedicalAdd.jsp,hcr/elder/jsp/medicalDetail.jsp,hcr/elder/jsp/medicalDetail.jsp', 'pgpq', 'ydgl', '1', '4', NULL, '0', NULL, NULL, NULL, NULL, NULL);
INSERT INTO `tb_process_model_node` (`process_model_node_id`, `process_model_id`, `process_node_code`, `process_node_name`, `process_node_uri`, `process_node_img_uri`, `next_process_node_code`, `prev_process_node_code`, `process_node_type`, `process_node_no`, `memo`, `valid_flag`, `create_time`, `update_time`, `operate_man`, `operate_reason`, `institution_id`) VALUES ('253afeab9ec211e8a0f90242ac110004', '738f5186ae704145a3e8a29c63aa7e83', 'pgpq', '入住评估', 'cs/abilityassess/jsp/EvaluationSchedulingMan.jsp', 'cs/abilityassess/jsp/evataskAdd.jsp,cs/abilityassess/jsp/evataskReportDetail.jsp,cs/abilityassess/jsp/evataskDetail.jsp', 'jkda', 'tjgl', '1', '5', NULL, '0', NULL, NULL, NULL, NULL, NULL);
INSERT INTO `tb_process_model_node` (`process_model_node_id`, `process_model_id`, `process_node_code`, `process_node_name`, `process_node_uri`, `process_node_img_uri`, `next_process_node_code`, `prev_process_node_code`, `process_node_type`, `process_node_no`, `memo`, `valid_flag`, `create_time`, `update_time`, `operate_man`, `operate_reason`, `institution_id`) VALUES ('255201bf9ec211e8a0f90242ac110004', '738f5186ae704145a3e8a29c63aa7e83', 'jkda', '健康评估', 'hcr/elder/jsp/HealthArchivesMan.jsp', 'hcr/elder/jsp/HealthArchivesAdd.jsp,hcr/elder/jsp/HealthArchivesAdd.jsp', 'zhfwjh', 'pgpq', '1', '6', NULL, '0', NULL, NULL, NULL, NULL, NULL);
INSERT INTO `tb_process_model_node` (`process_model_node_id`, `process_model_id`, `process_node_code`, `process_node_name`, `process_node_uri`, `process_node_img_uri`, `next_process_node_code`, `prev_process_node_code`, `process_node_type`, `process_node_no`, `memo`, `valid_flag`, `create_time`, `update_time`, `operate_man`, `operate_reason`, `institution_id`) VALUES ('256506ea9ec211e8a0f90242ac110004', '738f5186ae704145a3e8a29c63aa7e83', 'zhfwjh', '护理评估', 'cs/servicemanage/jsp/serviceplanMan.jsp', 'crm/customerManage/jsp/customerConsumeServiceDetail.jsp,crm/customerManage/jsp/customerConsumeServiceDetail.jsp', 'msjl', 'jkda', '1', '7', NULL, '0', NULL, NULL, NULL, NULL, NULL);
INSERT INTO `tb_process_model_node` (`process_model_node_id`, `process_model_id`, `process_node_code`, `process_node_name`, `process_node_uri`, `process_node_img_uri`, `next_process_node_code`, `prev_process_node_code`, `process_node_type`, `process_node_no`, `memo`, `valid_flag`, `create_time`, `update_time`, `operate_man`, `operate_reason`, `institution_id`) VALUES ('257ba2269ec211e8a0f90242ac110004', '738f5186ae704145a3e8a29c63aa7e83', 'msjl', '面试记录', 'crm/customerCenter/jsp/elderInterviewRecordsMan.jsp', 'crm/customerCenter/jsp/elderInterviewRecordsAdd.jsp,crm/customerCenter/jsp/elderInterviewRecordsDetail.jsp', 'yjgl', 'zhfwjh', '1', '8', NULL, '0', NULL, NULL, NULL, NULL, NULL);
INSERT INTO `tb_process_model_node` (`process_model_node_id`, `process_model_id`, `process_node_code`, `process_node_name`, `process_node_uri`, `process_node_img_uri`, `next_process_node_code`, `prev_process_node_code`, `process_node_type`, `process_node_no`, `memo`, `valid_flag`, `create_time`, `update_time`, `operate_man`, `operate_reason`, `institution_id`) VALUES ('258d7d489ec211e8a0f90242ac110004', '738f5186ae704145a3e8a29c63aa7e83', 'yjgl', '押金收取', 'fm/finance/jsp/accountYJMan.jsp', 'fm/finance/jsp/accountYJAdd.jsp,fm/finance/jsp/accountYJDetail.jsp', 'rzgl', 'msjl', '1', '9', NULL, '0', NULL, NULL, NULL, NULL, NULL);
INSERT INTO `tb_process_model_node` (`process_model_node_id`, `process_model_id`, `process_node_code`, `process_node_name`, `process_node_uri`, `process_node_img_uri`, `next_process_node_code`, `prev_process_node_code`, `process_node_type`, `process_node_no`, `memo`, `valid_flag`, `create_time`, `update_time`, `operate_man`, `operate_reason`, `institution_id`) VALUES ('25a303069ec211e8a0f90242ac110004', '738f5186ae704145a3e8a29c63aa7e83', 'rzgl', '入住费用登记', 'cs/scheduling/jsp/elderdischargeinfoInMan.jsp', 'cs/scheduling/jsp/elderdischargeinfoInAdd.jsp,cs/scheduling/jsp/elderdischargeinfoInDetail.jsp', 'djjs', 'yjgl', '1', '10', NULL, '0', NULL, NULL, NULL, NULL, NULL);
INSERT INTO `tb_process_model_node` (`process_model_node_id`, `process_model_id`, `process_node_code`, `process_node_name`, `process_node_uri`, `process_node_img_uri`, `next_process_node_code`, `prev_process_node_code`, `process_node_type`, `process_node_no`, `memo`, `valid_flag`, `create_time`, `update_time`, `operate_man`, `operate_reason`, `institution_id`) VALUES ('25cab5369ec211e8a0f90242ac110004', '738f5186ae704145a3e8a29c63aa7e83', 'djjs', '入住费用收取', 'fm/finance/jsp/receivableMan.jsp', 'fm/finance/jsp/receivableBalance.jsp,fm/finance/jsp/balanceDetail.jsp,fm/finance/jsp/receivableBalance.jsp', 'qrrz', 'rzgl', '1', '11', NULL, '0', NULL, NULL, NULL, NULL, NULL);
INSERT INTO `tb_process_model_node` (`process_model_node_id`, `process_model_id`, `process_node_code`, `process_node_name`, `process_node_uri`, `process_node_img_uri`, `next_process_node_code`, `prev_process_node_code`, `process_node_type`, `process_node_no`, `memo`, `valid_flag`, `create_time`, `update_time`, `operate_man`, `operate_reason`, `institution_id`) VALUES ('25dee25d9ec211e8a0f12342ac114234', '738f5186ae704145a3e8a29c63aa7e83', 'htgl', '入住合同', 'crm/customerManage/jsp/eldercontractMan.jsp', 'crm/customerManage/jsp/eldercontractAdd.jsp,crm/customerManage/jsp/eldercontractPreview.jsp', '', 'ydgl', '2', '33', '', '0', '2018-08-14 12:44:01', '2018-08-14 12:44:07', '', '', '');
INSERT INTO `tb_process_model_node` (`process_model_node_id`, `process_model_id`, `process_node_code`, `process_node_name`, `process_node_uri`, `process_node_img_uri`, `next_process_node_code`, `prev_process_node_code`, `process_node_type`, `process_node_no`, `memo`, `valid_flag`, `create_time`, `update_time`, `operate_man`, `operate_reason`, `institution_id`) VALUES ('25dee25d9ec211e8a0f9024235hj4234', '738f5186ae704145a3e8a29c63aa7e83', 'rztzdgl', '入住通知单', 'cs/scheduling/jsp/elderCheckInSlipMan.jsp', 'cs/scheduling/jsp/elderCheckInSlipAdd.jsp,cs/scheduling/jsp/elderCheckInSlipDetail.jsp', '', 'djjs', '2', '32', '', '0', '2018-08-14 12:44:01', '2018-08-14 12:44:07', '', '', '');
INSERT INTO `tb_process_model_node` (`process_model_node_id`, `process_model_id`, `process_node_code`, `process_node_name`, `process_node_uri`, `process_node_img_uri`, `next_process_node_code`, `prev_process_node_code`, `process_node_type`, `process_node_no`, `memo`, `valid_flag`, `create_time`, `update_time`, `operate_man`, `operate_reason`, `institution_id`) VALUES ('25dee25d9ec211e8a0f90242ac110004', '738f5186ae704145a3e8a29c63aa7e83', 'qrrz', '确认入住', '', NULL, NULL, 'djjs', '1', '12', NULL, '0', NULL, NULL, NULL, NULL, NULL);
INSERT INTO `tb_process_model_node` (`process_model_node_id`, `process_model_id`, `process_node_code`, `process_node_name`, `process_node_uri`, `process_node_img_uri`, `next_process_node_code`, `prev_process_node_code`, `process_node_type`, `process_node_no`, `memo`, `valid_flag`, `create_time`, `update_time`, `operate_man`, `operate_reason`, `institution_id`) VALUES ('25dee25d9ec211e8a0f90242ac114234', '738f5186ae704145a3e8a29c63aa7e83', 'smgd', '房屋核查', 'cs/servicemanage/jsp/servicetaskMan.jsp', 'cs/servicemanage/jsp/servicetaskAdd.jsp,cs/servicemanage/jsp/servicetaskDetail.jsp', '', 'ydgl', '2', '31', '', '0', '2018-08-14 12:44:01', '2018-08-14 12:44:07', '', '', '');
INSERT INTO `tb_process_model_node` (`process_model_node_id`, `process_model_id`, `process_node_code`, `process_node_name`, `process_node_uri`, `process_node_img_uri`, `next_process_node_code`, `prev_process_node_code`, `process_node_type`, `process_node_no`, `memo`, `valid_flag`, `create_time`, `update_time`, `operate_man`, `operate_reason`, `institution_id`) VALUES ('25dee25d9ec211e8a0f9024efsfx4123', '738f5186ae704145a3e8a29c63aa7e33', 'smgd', '退住房屋核查', 'cs/servicemanage/jsp/servicetaskMan.jsp', 'cs/servicemanage/jsp/servicetaskAdd.jsp,cs/servicemanage/jsp/servicetaskDetail.jsp', '', '', '1', '2', '', '0', '2018-08-14 12:44:01', '2018-08-14 12:44:07', '', '', '');
INSERT INTO `tb_process_model_node` (`process_model_node_id`, `process_model_id`, `process_node_code`, `process_node_name`, `process_node_uri`, `process_node_img_uri`, `next_process_node_code`, `prev_process_node_code`, `process_node_type`, `process_node_no`, `memo`, `valid_flag`, `create_time`, `update_time`, `operate_man`, `operate_reason`, `institution_id`) VALUES ('25dee25d9ec211e8a0f9024efsfx4234', '738f5186ae704145a3e8a29c63aa7e33', 'tzgl', '退住登记', 'cs/scheduling/jsp/ElderDischargeOutAdd.jsp', 'cs/scheduling/jsp/ElderDischargeOutAdd.jsp,cs/scheduling/jsp/elderdischargeinfoOutDetail.jsp', '', '', '0', '1', '', '0', '2018-08-14 12:44:01', '2018-08-14 12:44:07', '', '', '');
INSERT INTO `tb_process_model_node` (`process_model_node_id`, `process_model_id`, `process_node_code`, `process_node_name`, `process_node_uri`, `process_node_img_uri`, `next_process_node_code`, `prev_process_node_code`, `process_node_type`, `process_node_no`, `memo`, `valid_flag`, `create_time`, `update_time`, `operate_man`, `operate_reason`, `institution_id`) VALUES ('25dee25d9ec211e8a0f90wdefsfx4234', '738f5186ae704145a3e8a29c63aa7e33', 'tzfydj', '退住费用登记', 'cs/scheduling/jsp/elderdischargeinfoOutMan.jsp', 'cs/scheduling/jsp/elderdischargeinfoOutFee.jsp,cs/scheduling/jsp/elderdischargeinfoOutDetail.jsp', '', '', '1', '3', '', '0', '2018-08-14 12:44:01', '2018-08-14 12:44:07', '', '', '');
INSERT INTO `tb_process_model_node` (`process_model_node_id`, `process_model_id`, `process_node_code`, `process_node_name`, `process_node_uri`, `process_node_img_uri`, `next_process_node_code`, `prev_process_node_code`, `process_node_type`, `process_node_no`, `memo`, `valid_flag`, `create_time`, `update_time`, `operate_man`, `operate_reason`, `institution_id`) VALUES ('25dee25d9ec211e8afdsxcvefsfx4234', '738f5186ae704145a3e8a29c63aa7e33', 'yjgl', '押金退回', 'fm/finance/jsp/accountYJMan.jsp', 'fm/finance/jsp/accountYJBack.jsp,fm/finance/jsp/accountYJDetail.jsp', '', '', '1', '5', '', '0', '2018-08-14 12:44:01', '2018-08-14 12:44:07', '', '', '');
INSERT INTO `tb_process_model_node` (`process_model_node_id`, `process_model_id`, `process_node_code`, `process_node_name`, `process_node_uri`, `process_node_img_uri`, `next_process_node_code`, `prev_process_node_code`, `process_node_type`, `process_node_no`, `memo`, `valid_flag`, `create_time`, `update_time`, `operate_man`, `operate_reason`, `institution_id`) VALUES ('25dee25d9ec211e8ahjklfdefsfx4234', '738f5186ae704145a3e8a29c63aa7e33', 'djjs', '退住结算', 'fm/finance/jsp/receivableMan.jsp', 'fm/finance/jsp/receivableBalance.jsp,fm/finance/jsp/balanceDetail.jsp,fm/finance/jsp/receivableBalance.jsp', '', '', '1', '4', '', '0', '2018-08-14 12:44:01', '2018-08-14 12:44:07', '', '', '');
INSERT INTO `tb_process_model_node` (`process_model_node_id`, `process_model_id`, `process_node_code`, `process_node_name`, `process_node_uri`, `process_node_img_uri`, `next_process_node_code`, `prev_process_node_code`, `process_node_type`, `process_node_no`, `memo`, `valid_flag`, `create_time`, `update_time`, `operate_man`, `operate_reason`, `institution_id`) VALUES ('25dee25d9ec211e8ahjklfdefsfx9834', '738f5186ae704145a3e8a29c63aa7e33', 'tzwc', '退住完成', '', '', '', '', '1', '6', '', '0', '2018-08-14 12:44:01', '2018-08-14 12:44:07', '', '', '');
INSERT INTO `tb_process_model_node` (`process_model_node_id`, `process_model_id`, `process_node_code`, `process_node_name`, `process_node_uri`, `process_node_img_uri`, `next_process_node_code`, `prev_process_node_code`, `process_node_type`, `process_node_no`, `memo`, `valid_flag`, `create_time`, `update_time`, `operate_man`, `operate_reason`, `institution_id`) VALUES ('dfgee25d9ec211e8ahjklfdefsfx9834', '738f5186ae704145a3e8a29c63aa7e33', 'khkgdj', '扣款登记', 'fm/finance/jsp/csdeductrecrdMan.jsp', 'fm/finance/jsp/csdeductrecrdAdd.jsp,fm/finance/jsp/csdeductrecrdDetail.jsp', '', 'smgd', '2', '6', '', '0', '2018-08-14 12:44:01', '2018-08-14 12:44:07', '', '', '');
SET FOREIGN_KEY_CHECKS = 1;
-- ----------------------------
-- 计费参数
-- ----------------------------
INSERT INTO `tb_institution_param_info` (`param_id`, `param_code`, `param_name`, `param_value`, `meno`, `valid_flag`, `update_time`, `operate_man`, `operate_reason`, `institution_id`) 
VALUES (REPLACE(UUID(),'-',''), 'jfts', '非整月收费时费用天数', '-1', '非整月收费时费用天数', '0', NOW(), '', 'insert', '2');
INSERT INTO `tb_institution_param_info` (`param_id`, `param_code`, `param_name`, `param_value`, `meno`, `valid_flag`, `update_time`, `operate_man`, `operate_reason`, `institution_id`) 
VALUES (REPLACE(UUID(),'-',''), 'jsrq', '账期开始日', '25', '账期开始日', '0', NOW(), '', 'insert', '2');
INSERT INTO `tb_institution_param_info` (`param_id`, `param_code`, `param_name`, `param_value`, `meno`, `valid_flag`, `update_time`, `operate_man`, `operate_reason`, `institution_id`) 
VALUES (REPLACE(UUID(),'-',''), 'goOutTimeSet', '请假离开计数时间', '12:00', '请假离开时间早于此时间，当天算请假，反之，当天不算请假', '0', NOW(), '', 'insert', '2');
INSERT INTO `tb_institution_param_info` (`param_id`, `param_code`, `param_name`, `param_value`, `meno`, `valid_flag`, `update_time`, `operate_man`, `operate_reason`, `institution_id`) 
VALUES (REPLACE(UUID(),'-',''), 'backTimeSet', '请假返回计数时间', '18:00', '请假返回时间晚于此时间，当天算请假，反之，当天不算请假', '0', NOW(), '', 'insert', '2');-- ----------------------------

SET FOREIGN_KEY_CHECKS=1;